instrument,granularity,time,open,high,low,close,volume
EUR_USD,H1,2025-07-09T11:00:00.000000000Z,1.1702,1.17066,1.16897,1.16912,5503
EUR_USD,H1,2025-07-09T12:00:00.000000000Z,1.16913,1.1717,1.16913,1.17154,10269
EUR_USD,H1,2025-07-09T13:00:00.000000000Z,1.17154,1.17226,1.17005,1.17034,10742
EUR_USD,H1,2025-07-09T14:00:00.000000000Z,1.17034,1.17246,1.17028,1.17148,10583
EUR_USD,H1,2025-07-09T15:00:00.000000000Z,1.17148,1.17163,1.17051,1.17061,6124
EUR_USD,H1,2025-07-09T16:00:00.000000000Z,1.17062,1.17091,1.17008,1.17051,3952
EUR_USD,H1,2025-07-09T17:00:00.000000000Z,1.1705,1.1711,1.1704,1.17096,4584
EUR_USD,H1,2025-07-09T18:00:00.000000000Z,1.1709,1.17179,1.17052,1.17134,4867
EUR_USD,H1,2025-07-09T19:00:00.000000000Z,1.17136,1.17232,1.17128,1.1719,3726
EUR_USD,H1,2025-07-09T20:00:00.000000000Z,1.17191,1.17238,1.17117,1.17218,3360
EUR_USD,H1,2025-07-09T21:00:00.000000000Z,1.17188,1.17234,1.17173,1.1723,582
EUR_USD,H1,2025-07-09T22:00:00.000000000Z,1.17232,1.17252,1.17228,1.17246,766
EUR_USD,H1,2025-07-09T23:00:00.000000000Z,1.17246,1.174,1.1723,1.17381,1967
EUR_USD,H1,2025-07-10T00:00:00.000000000Z,1.1738,1.17497,1.17358,1.17439,6886
EUR_USD,H1,2025-07-10T01:00:00.000000000Z,1.17438,1.17445,1.17378,1.17408,4262
EUR_USD,H1,2025-07-10T02:00:00.000000000Z,1.17409,1.17446,1.17374,1.17392,4326
EUR_USD,H1,2025-07-10T03:00:00.000000000Z,1.1739,1.174,1.17338,1.1734,3156
EUR_USD,H1,2025-07-10T04:00:00.000000000Z,1.17342,1.17359,1.17304,1.1735,2729
EUR_USD,H1,2025-07-10T05:00:00.000000000Z,1.17348,1.17411,1.17348,1.17392,3626
EUR_USD,H1,2025-07-10T06:00:00.000000000Z,1.17393,1.17435,1.17296,1.17328,6751
EUR_USD,H1,2025-07-10T07:00:00.000000000Z,1.17328,1.1738,1.17262,1.17332,7016
EUR_USD,H1,2025-07-10T08:00:00.000000000Z,1.17333,1.17344,1.17262,1.17276,4630
EUR_USD,H1,2025-07-10T09:00:00.000000000Z,1.17277,1.17344,1.17277,1.17311,3615
EUR_USD,H1,2025-07-10T10:00:00.000000000Z,1.17312,1.1734,1.17276,1.17284,3278
EUR_USD,H1,2025-07-10T11:00:00.000000000Z,1.17284,1.17296,1.17081,1.1712,5216
EUR_USD,H1,2025-07-10T12:00:00.000000000Z,1.1712,1.1714,1.17016,1.17067,8353
EUR_USD,H1,2025-07-10T13:00:00.000000000Z,1.17066,1.17148,1.16866,1.16928,9479
EUR_USD,H1,2025-07-10T14:00:00.000000000Z,1.16928,1.16938,1.16624,1.168,15108
EUR_USD,H1,2025-07-10T15:00:00.000000000Z,1.16799,1.16886,1.1674,1.16874,8487
EUR_USD,H1,2025-07-10T16:00:00.000000000Z,1.16874,1.16902,1.16824,1.16856,5565
EUR_USD,H1,2025-07-10T17:00:00.000000000Z,1.16856,1.16914,1.16816,1.16892,3942
EUR_USD,H1,2025-07-10T18:00:00.000000000Z,1.1689,1.1695,1.16879,1.16923,3927
EUR_USD,H1,2025-07-10T19:00:00.000000000Z,1.16924,1.16992,1.169,1.16956,3440
EUR_USD,H1,2025-07-10T20:00:00.000000000Z,1.16955,1.17007,1.16946,1.17006,2470
EUR_USD,H1,2025-07-10T21:00:00.000000000Z,1.1699,1.17036,1.16984,1.17036,915
EUR_USD,H1,2025-07-10T22:00:00.000000000Z,1.17036,1.17076,1.17024,1.17058,936
EUR_USD,H1,2025-07-10T23:00:00.000000000Z,1.17059,1.17062,1.16994,1.17018,1504
EUR_USD,H1,2025-07-11T00:00:00.000000000Z,1.1702,1.17049,1.16648,1.16748,13109
EUR_USD,H1,2025-07-11T01:00:00.000000000Z,1.16747,1.1686,1.16686,1.16754,8312
EUR_USD,H1,2025-07-11T02:00:00.000000000Z,1.16755,1.1678,1.16708,1.1671,5774
EUR_USD,H1,2025-07-11T03:00:00.000000000Z,1.1671,1.16846,1.16704,1.16817,4118
EUR_USD,H1,2025-07-11T04:00:00.000000000Z,1.16816,1.1683,1.16693,1.16764,4676
EUR_USD,H1,2025-07-11T05:00:00.000000000Z,1.16762,1.16842,1.16751,1.16782,4637
EUR_USD,H1,2025-07-11T06:00:00.000000000Z,1.16782,1.16848,1.16704,1.16749,7924
EUR_USD,H1,2025-07-11T07:00:00.000000000Z,1.16752,1.16958,1.16752,1.16888,8296
EUR_USD,H1,2025-07-11T08:00:00.000000000Z,1.1689,1.16922,1.16798,1.16822,6880
EUR_USD,H1,2025-07-11T09:00:00.000000000Z,1.16822,1.16954,1.16812,1.1695,5763
EUR_USD,H1,2025-07-11T10:00:00.000000000Z,1.1695,1.16969,1.16876,1.16927,5713
EUR_USD,H1,2025-07-11T11:00:00.000000000Z,1.16928,1.17012,1.16863,1.1688,7159
EUR_USD,H1,2025-07-11T12:00:00.000000000Z,1.16878,1.17004,1.16824,1.16886,9127
EUR_USD,H1,2025-07-11T13:00:00.000000000Z,1.16886,1.17142,1.16862,1.16888,11113
EUR_USD,H1,2025-07-11T14:00:00.000000000Z,1.16886,1.16944,1.16742,1.16922,11836
EUR_USD,H1,2025-07-11T15:00:00.000000000Z,1.16921,1.17042,1.16892,1.16962,7688
EUR_USD,H1,2025-07-11T16:00:00.000000000Z,1.16962,1.16982,1.16888,1.16916,7036
EUR_USD,H1,2025-07-11T17:00:00.000000000Z,1.16917,1.16949,1.16866,1.16932,4127
EUR_USD,H1,2025-07-11T18:00:00.000000000Z,1.16935,1.1696,1.16884,1.16885,5388
EUR_USD,H1,2025-07-11T19:00:00.000000000Z,1.16887,1.16922,1.16858,1.1688,5139
EUR_USD,H1,2025-07-11T20:00:00.000000000Z,1.1688,1.16943,1.16789,1.16911,4311
EUR_USD,H1,2025-07-13T21:00:00.000000000Z,1.16702,1.16736,1.1662,1.16698,1151
EUR_USD,H1,2025-07-13T22:00:00.000000000Z,1.16698,1.16848,1.16632,1.16649,3973
EUR_USD,H1,2025-07-13T23:00:00.000000000Z,1.16649,1.1683,1.16637,1.16827,3918
EUR_USD,H1,2025-07-14T00:00:00.000000000Z,1.16826,1.16942,1.16819,1.16935,5101
EUR_USD,H1,2025-07-14T01:00:00.000000000Z,1.16936,1.16978,1.16842,1.16846,5011
EUR_USD,H1,2025-07-14T02:00:00.000000000Z,1.16845,1.16902,1.16728,1.16746,4580
EUR_USD,H1,2025-07-14T03:00:00.000000000Z,1.16747,1.16852,1.16734,1.16812,4210
EUR_USD,H1,2025-07-14T04:00:00.000000000Z,1.1681,1.1682,1.16748,1.16748,3470
EUR_USD,H1,2025-07-14T05:00:00.000000000Z,1.16748,1.16787,1.1665,1.16696,4726
EUR_USD,H1,2025-07-14T06:00:00.000000000Z,1.16698,1.16704,1.16543,1.16636,5749
EUR_USD,H1,2025-07-14T07:00:00.000000000Z,1.16636,1.16875,1.16629,1.16858,7341
EUR_USD,H1,2025-07-14T08:00:00.000000000Z,1.16857,1.16889,1.168,1.16826,5919
EUR_USD,H1,2025-07-14T09:00:00.000000000Z,1.16826,1.16922,1.16796,1.16913,5426
EUR_USD,H1,2025-07-14T10:00:00.000000000Z,1.16913,1.16954,1.1688,1.16948,4411
EUR_USD,H1,2025-07-14T11:00:00.000000000Z,1.16949,1.16972,1.16864,1.16888,5638
EUR_USD,H1,2025-07-14T12:00:00.000000000Z,1.16888,1.1692,1.168,1.16857,5359
EUR_USD,H1,2025-07-14T13:00:00.000000000Z,1.16856,1.16867,1.16746,1.16821,7072
EUR_USD,H1,2025-07-14T14:00:00.000000000Z,1.1682,1.16942,1.16786,1.16834,7544
EUR_USD,H1,2025-07-14T15:00:00.000000000Z,1.16835,1.1696,1.16672,1.16712,8401
EUR_USD,H1,2025-07-14T16:00:00.000000000Z,1.16712,1.16762,1.16602,1.16624,7752
EUR_USD,H1,2025-07-14T17:00:00.000000000Z,1.16624,1.1667,1.16592,1.16628,3584
EUR_USD,H1,2025-07-14T18:00:00.000000000Z,1.16628,1.1673,1.16628,1.16702,4089
EUR_USD,H1,2025-07-14T19:00:00.000000000Z,1.16702,1.16718,1.16646,1.16682,2740
EUR_USD,H1,2025-07-14T20:00:00.000000000Z,1.16682,1.16692,1.16634,1.16656,1890
EUR_USD,H1,2025-07-14T21:00:00.000000000Z,1.1665,1.16661,1.16616,1.16642,470
EUR_USD,H1,2025-07-14T22:00:00.000000000Z,1.16644,1.16678,1.16642,1.16666,728
EUR_USD,H1,2025-07-14T23:00:00.000000000Z,1.16666,1.1667,1.16605,1.16654,1611
EUR_USD,H1,2025-07-15T00:00:00.000000000Z,1.16654,1.16772,1.1665,1.16722,4410
EUR_USD,H1,2025-07-15T01:00:00.000000000Z,1.16724,1.16748,1.16661,1.1669,3903
EUR_USD,H1,2025-07-15T02:00:00.000000000Z,1.16694,1.16751,1.16654,1.16746,3788
EUR_USD,H1,2025-07-15T03:00:00.000000000Z,1.16746,1.16776,1.16732,1.16759,2613
EUR_USD,H1,2025-07-15T04:00:00.000000000Z,1.16761,1.168,1.1674,1.1676,1852
EUR_USD,H1,2025-07-15T05:00:00.000000000Z,1.1676,1.16864,1.16759,1.16858,2870
EUR_USD,H1,2025-07-15T06:00:00.000000000Z,1.16856,1.16882,1.16744,1.1678,4620
EUR_USD,H1,2025-07-15T07:00:00.000000000Z,1.16778,1.16928,1.16718,1.16905,6590
EUR_USD,H1,2025-07-15T08:00:00.000000000Z,1.16904,1.16914,1.16819,1.1687,4819
EUR_USD,H1,2025-07-15T09:00:00.000000000Z,1.1687,1.16911,1.16812,1.1685,4645
EUR_USD,H1,2025-07-15T10:00:00.000000000Z,1.16851,1.16875,1.16764,1.16838,3512
EUR_USD,H1,2025-07-15T11:00:00.000000000Z,1.16838,1.16842,1.16677,1.16697,4715
EUR_USD,H1,2025-07-15T12:00:00.000000000Z,1.16696,1.16911,1.16624,1.16781,14160
EUR_USD,H1,2025-07-15T13:00:00.000000000Z,1.1678,1.16792,1.16386,1.16432,16791
EUR_USD,H1,2025-07-15T14:00:00.000000000Z,1.16432,1.16442,1.16153,1.16186,17148
EUR_USD,H1,2025-07-15T15:00:00.000000000Z,1.16186,1.16186,1.16008,1.1618,10021
EUR_USD,H1,2025-07-15T16:00:00.000000000Z,1.16182,1.16205,1.15938,1.15962,7533
EUR_USD,H1,2025-07-15T17:00:00.000000000Z,1.15966,1.16014,1.15929,1.15967,4499
EUR_USD,H1,2025-07-15T18:00:00.000000000Z,1.15966,1.16053,1.15954,1.16032,3889
EUR_USD,H1,2025-07-15T19:00:00.000000000Z,1.1603,1.16036,1.15992,1.1601,2977
EUR_USD,H1,2025-07-15T20:00:00.000000000Z,1.1601,1.16038,1.15994,1.16024,1662
EUR_USD,H1,2025-07-15T21:00:00.000000000Z,1.15998,1.16014,1.15994,1.16011,391
EUR_USD,H1,2025-07-15T22:00:00.000000000Z,1.16012,1.16046,1.1599,1.16044,882
EUR_USD,H1,2025-07-15T23:00:00.000000000Z,1.16045,1.1608,1.16031,1.16074,1302
EUR_USD,H1,2025-07-16T00:00:00.000000000Z,1.16074,1.16134,1.16024,1.1608,4743
EUR_USD,H1,2025-07-16T01:00:00.000000000Z,1.16081,1.16156,1.16066,1.16137,4679
EUR_USD,H1,2025-07-16T02:00:00.000000000Z,1.16136,1.16138,1.16072,1.16104,3327
EUR_USD,H1,2025-07-16T03:00:00.000000000Z,1.16104,1.16156,1.16062,1.1611,3172
EUR_USD,H1,2025-07-16T04:00:00.000000000Z,1.16112,1.162,1.16102,1.16198,2917
EUR_USD,H1,2025-07-16T05:00:00.000000000Z,1.16198,1.16208,1.16146,1.16208,3557
EUR_USD,H1,2025-07-16T06:00:00.000000000Z,1.16208,1.1628,1.16184,1.16278,6344
EUR_USD,H1,2025-07-16T07:00:00.000000000Z,1.16278,1.16285,1.16128,1.16186,6500
EUR_USD,H1,2025-07-16T08:00:00.000000000Z,1.16186,1.16258,1.16179,1.16256,5608
EUR_USD,H1,2025-07-16T09:00:00.000000000Z,1.16256,1.16264,1.16132,1.16156,5580
EUR_USD,H1,2025-07-16T10:00:00.000000000Z,1.16156,1.1619,1.16092,1.16174,4111
EUR_USD,H1,2025-07-16T11:00:00.000000000Z,1.16172,1.16212,1.16008,1.16035,5509
EUR_USD,H1,2025-07-16T12:00:00.000000000Z,1.16036,1.16137,1.1593,1.15986,12729
EUR_USD,H1,2025-07-16T13:00:00.000000000Z,1.15986,1.1603,1.1563,1.15726,13722
EUR_USD,H1,2025-07-16T14:00:00.000000000Z,1.15726,1.1606,1.15624,1.15928,16393
EUR_USD,H1,2025-07-16T15:00:00.000000000Z,1.15926,1.17217,1.15923,1.1629,59068
EUR_USD,H1,2025-07-16T16:00:00.000000000Z,1.1629,1.16564,1.16156,1.16392,25764
EUR_USD,H1,2025-07-16T17:00:00.000000000Z,1.16392,1.16586,1.16365,1.16415,12090
EUR_USD,H1,2025-07-16T18:00:00.000000000Z,1.16416,1.16445,1.16275,1.16282,6376
EUR_USD,H1,2025-07-16T19:00:00.000000000Z,1.16281,1.16374,1.162,1.1636,5603
EUR_USD,H1,2025-07-16T20:00:00.000000000Z,1.1636,1.16428,1.16334,1.16417,3629
EUR_USD,H1,2025-07-16T21:00:00.000000000Z,1.16372,1.16426,1.16347,1.1636,928
EUR_USD,H1,2025-07-16T22:00:00.000000000Z,1.16356,1.16424,1.16354,1.16363,1123
EUR_USD,H1,2025-07-16T23:00:00.000000000Z,1.16364,1.16402,1.16334,1.16356,1845
EUR_USD,H1,2025-07-17T00:00:00.000000000Z,1.16355,1.16364,1.16172,1.16239,4289
EUR_USD,H1,2025-07-17T01:00:00.000000000Z,1.1624,1.16291,1.16136,1.16278,5497
EUR_USD,H1,2025-07-17T02:00:00.000000000Z,1.1628,1.1628,1.16169,1.16181,3928
EUR_USD,H1,2025-07-17T03:00:00.000000000Z,1.16182,1.16196,1.1614,1.16192,2948
EUR_USD,H1,2025-07-17T04:00:00.000000000Z,1.16192,1.16246,1.16161,1.16244,1930
EUR_USD,H1,2025-07-17T05:00:00.000000000Z,1.16244,1.16274,1.16166,1.16168,3239
EUR_USD,H1,2025-07-17T06:00:00.000000000Z,1.16168,1.16176,1.15731,1.15832,11184
EUR_USD,H1,2025-07-17T07:00:00.000000000Z,1.15831,1.15966,1.1574,1.15908,8887
EUR_USD,H1,2025-07-17T08:00:00.000000000Z,1.15907,1.16053,1.15895,1.16016,5559
EUR_USD,H1,2025-07-17T09:00:00.000000000Z,1.16017,1.16047,1.15881,1.15908,4013
EUR_USD,H1,2025-07-17T10:00:00.000000000Z,1.15908,1.15914,1.15834,1.1586,3447
EUR_USD,H1,2025-07-17T11:00:00.000000000Z,1.15861,1.159,1.15704,1.15746,4318
EUR_USD,H1,2025-07-17T12:00:00.000000000Z,1.15745,1.15926,1.15569,1.15871,11669
EUR_USD,H1,2025-07-17T13:00:00.000000000Z,1.15872,1.15986,1.15802,1.15864,10483
EUR_USD,H1,2025-07-17T14:00:00.000000000Z,1.15864,1.15928,1.15778,1.1588,9148
EUR_USD,H1,2025-07-17T15:00:00.000000000Z,1.15879,1.16027,1.15854,1.15964,7088
EUR_USD,H1,2025-07-17T16:00:00.000000000Z,1.15966,1.1602,1.15835,1.15862,5405
EUR_USD,H1,2025-07-17T17:00:00.000000000Z,1.15862,1.15906,1.15824,1.15851,4228
EUR_USD,H1,2025-07-17T18:00:00.000000000Z,1.15852,1.15881,1.158,1.15844,3757
EUR_USD,H1,2025-07-17T19:00:00.000000000Z,1.15844,1.15998,1.15843,1.15975,3442
EUR_USD,H1,2025-07-17T20:00:00.000000000Z,1.15974,1.16004,1.15942,1.15976,2319
EUR_USD,H1,2025-07-17T21:00:00.000000000Z,1.1594,1.15988,1.15938,1.1598,558
EUR_USD,H1,2025-07-17T22:00:00.000000000Z,1.15982,1.16194,1.15978,1.16168,1837
EUR_USD,H1,2025-07-17T23:00:00.000000000Z,1.16172,1.16197,1.16148,1.16151,1767
EUR_USD,H1,2025-07-18T00:00:00.000000000Z,1.16152,1.16276,1.16145,1.16246,4542
EUR_USD,H1,2025-07-18T01:00:00.000000000Z,1.16247,1.16344,1.16202,1.1629,4472
EUR_USD,H1,2025-07-18T02:00:00.000000000Z,1.16289,1.16314,1.16243,1.16292,3231
EUR_USD,H1,2025-07-18T03:00:00.000000000Z,1.16292,1.16319,1.16222,1.16238,2829
EUR_USD,H1,2025-07-18T04:00:00.000000000Z,1.1624,1.1624,1.16184,1.16192,2078
EUR_USD,H1,2025-07-18T05:00:00.000000000Z,1.16192,1.16205,1.16122,1.16171,3210
EUR_USD,H1,2025-07-18T06:00:00.000000000Z,1.16171,1.16226,1.1612,1.16205,5331
EUR_USD,H1,2025-07-18T07:00:00.000000000Z,1.16207,1.16312,1.162,1.1629,5579
EUR_USD,H1,2025-07-18T08:00:00.000000000Z,1.1629,1.16458,1.16282,1.16355,6646
EUR_USD,H1,2025-07-18T09:00:00.000000000Z,1.16356,1.1643,1.16332,1.16336,4783
EUR_USD,H1,2025-07-18T10:00:00.000000000Z,1.16334,1.16422,1.16322,1.164,4541
EUR_USD,H1,2025-07-18T11:00:00.000000000Z,1.16402,1.16481,1.16398,1.16444,5440
EUR_USD,H1,2025-07-18T12:00:00.000000000Z,1.16444,1.16586,1.16431,1.16564,8501
EUR_USD,H1,2025-07-18T13:00:00.000000000Z,1.16564,1.16678,1.16478,1.16667,9720
EUR_USD,H1,2025-07-18T14:00:00.000000000Z,1.16671,1.16722,1.16446,1.16478,11261
EUR_USD,H1,2025-07-18T15:00:00.000000000Z,1.1648,1.16579,1.16426,1.16446,7096
EUR_USD,H1,2025-07-18T16:00:00.000000000Z,1.16447,1.16488,1.16264,1.16286,7686
EUR_USD,H1,2025-07-18T17:00:00.000000000Z,1.16286,1.16299,1.1618,1.1627,4456
EUR_USD,H1,2025-07-18T18:00:00.000000000Z,1.1627,1.16282,1.16195,1.16217,4014
EUR_USD,H1,2025-07-18T19:00:00.000000000Z,1.16218,1.16232,1.16172,1.16226,3396
EUR_USD,H1,2025-07-18T20:00:00.000000000Z,1.16223,1.16291,1.16194,1.16254,3520
EUR_USD,H1,2025-07-20T21:00:00.000000000Z,1.16297,1.16354,1.16271,1.16352,1077
EUR_USD,H1,2025-07-20T22:00:00.000000000Z,1.16352,1.16352,1.16226,1.16265,3468
EUR_USD,H1,2025-07-20T23:00:00.000000000Z,1.16264,1.16319,1.16248,1.16298,2376
EUR_USD,H1,2025-07-21T00:00:00.000000000Z,1.16297,1.16364,1.16189,1.16192,4312
EUR_USD,H1,2025-07-21T01:00:00.000000000Z,1.1619,1.16254,1.16158,1.16174,4402
EUR_USD,H1,2025-07-21T02:00:00.000000000Z,1.16172,1.16244,1.16147,1.16219,3220
EUR_USD,H1,2025-07-21T03:00:00.000000000Z,1.1622,1.16258,1.16202,1.16254,2504
EUR_USD,H1,2025-07-21T04:00:00.000000000Z,1.16254,1.16302,1.16232,1.16293,1928
EUR_USD,H1,2025-07-21T05:00:00.000000000Z,1.16294,1.16354,1.16278,1.16336,3125
EUR_USD,H1,2025-07-21T06:00:00.000000000Z,1.16335,1.16429,1.16292,1.16415,6393
EUR_USD,H1,2025-07-21T07:00:00.000000000Z,1.16416,1.16476,1.16356,1.16435,7326
EUR_USD,H1,2025-07-21T08:00:00.000000000Z,1.16434,1.16523,1.16365,1.16422,6376
EUR_USD,H1,2025-07-21T09:00:00.000000000Z,1.16423,1.16486,1.16386,1.16449,4660
EUR_USD,H1,2025-07-21T10:00:00.000000000Z,1.16447,1.16463,1.16336,1.16456,4453
EUR_USD,H1,2025-07-21T11:00:00.000000000Z,1.16457,1.16698,1.16446,1.16677,6405
EUR_USD,H1,2025-07-21T12:00:00.000000000Z,1.16676,1.16734,1.16626,1.16651,6313
EUR_USD,H1,2025-07-21T13:00:00.000000000Z,1.1665,1.16656,1.16578,1.16649,5935
EUR_USD,H1,2025-07-21T14:00:00.000000000Z,1.16648,1.16986,1.1664,1.16966,11024
EUR_USD,H1,2025-07-21T15:00:00.000000000Z,1.16967,1.17168,1.16958,1.17048,8111
EUR_USD,H1,2025-07-21T16:00:00.000000000Z,1.17048,1.17058,1.16955,1.17002,5982
EUR_USD,H1,2025-07-21T17:00:00.000000000Z,1.17,1.17016,1.1686,1.16908,3979
EUR_USD,H1,2025-07-21T18:00:00.000000000Z,1.16908,1.16954,1.16866,1.16938,3428
EUR_USD,H1,2025-07-21T19:00:00.000000000Z,1.1694,1.16962,1.16894,1.16896,3278
EUR_USD,H1,2025-07-21T20:00:00.000000000Z,1.16896,1.1697,1.16882,1.16956,2706
EUR_USD,H1,2025-07-21T21:00:00.000000000Z,1.16928,1.16949,1.1692,1.16927,523
EUR_USD,H1,2025-07-21T22:00:00.000000000Z,1.1693,1.1695,1.16915,1.16948,866
EUR_USD,H1,2025-07-21T23:00:00.000000000Z,1.16944,1.1696,1.16906,1.1695,1120
EUR_USD,H1,2025-07-22T00:00:00.000000000Z,1.1695,1.16956,1.16836,1.16885,3559
EUR_USD,H1,2025-07-22T01:00:00.000000000Z,1.16886,1.16904,1.16826,1.16882,2785
EUR_USD,H1,2025-07-22T02:00:00.000000000Z,1.16882,1.16956,1.16882,1.16907,2116
EUR_USD,H1,2025-07-22T03:00:00.000000000Z,1.16906,1.16912,1.16852,1.16872,1989
EUR_USD,H1,2025-07-22T04:00:00.000000000Z,1.16874,1.16946,1.16862,1.16884,2347
EUR_USD,H1,2025-07-22T05:00:00.000000000Z,1.16884,1.16922,1.16831,1.1687,2994
EUR_USD,H1,2025-07-22T06:00:00.000000000Z,1.16871,1.16924,1.16843,1.16908,4506
EUR_USD,H1,2025-07-22T07:00:00.000000000Z,1.16907,1.16924,1.16818,1.1686,5386
EUR_USD,H1,2025-07-22T08:00:00.000000000Z,1.1686,1.17035,1.1684,1.16985,5953
EUR_USD,H1,2025-07-22T09:00:00.000000000Z,1.16986,1.1707,1.16934,1.17054,4339
EUR_USD,H1,2025-07-22T10:00:00.000000000Z,1.17055,1.17094,1.16996,1.17018,3634
EUR_USD,H1,2025-07-22T11:00:00.000000000Z,1.1702,1.17038,1.16944,1.17014,5038
EUR_USD,H1,2025-07-22T12:00:00.000000000Z,1.17013,1.1705,1.16832,1.16906,6408
EUR_USD,H1,2025-07-22T13:00:00.000000000Z,1.16906,1.17046,1.16788,1.17043,9344
EUR_USD,H1,2025-07-22T14:00:00.000000000Z,1.17042,1.17267,1.1691,1.17222,12394
EUR_USD,H1,2025-07-22T15:00:00.000000000Z,1.17223,1.17492,1.17146,1.1748,10584
EUR_USD,H1,2025-07-22T16:00:00.000000000Z,1.17483,1.17608,1.17446,1.1755,7252
EUR_USD,H1,2025-07-22T17:00:00.000000000Z,1.17552,1.17554,1.17433,1.17458,4440
EUR_USD,H1,2025-07-22T18:00:00.000000000Z,1.17458,1.17484,1.1742,1.1748,2937
EUR_USD,H1,2025-07-22T19:00:00.000000000Z,1.17479,1.17528,1.1745,1.17516,2514
EUR_USD,H1,2025-07-22T20:00:00.000000000Z,1.17516,1.17548,1.17451,1.17544,2483
EUR_USD,H1,2025-07-22T21:00:00.000000000Z,1.17544,1.17544,1.17488,1.17494,499
EUR_USD,H1,2025-07-22T22:00:00.000000000Z,1.17492,1.17514,1.17466,1.17482,932
EUR_USD,H1,2025-07-22T23:00:00.000000000Z,1.17484,1.17562,1.17362,1.1738,4424
EUR_USD,H1,2025-07-23T00:00:00.000000000Z,1.1738,1.1748,1.17336,1.17472,6678
EUR_USD,H1,2025-07-23T01:00:00.000000000Z,1.17472,1.17488,1.17306,1.17371,6364
EUR_USD,H1,2025-07-23T02:00:00.000000000Z,1.17372,1.17421,1.17328,1.17348,6564
EUR_USD,H1,2025-07-23T03:00:00.000000000Z,1.17351,1.17462,1.1734,1.1739,3988
EUR_USD,H1,2025-07-23T04:00:00.000000000Z,1.17392,1.17398,1.17322,1.1735,2926
EUR_USD,H1,2025-07-23T05:00:00.000000000Z,1.1735,1.17379,1.17272,1.17304,4318
EUR_USD,H1,2025-07-23T06:00:00.000000000Z,1.17303,1.17427,1.173,1.17424,7223
EUR_USD,H1,2025-07-23T07:00:00.000000000Z,1.17422,1.1753,1.1734,1.17418,7934
EUR_USD,H1,2025-07-23T08:00:00.000000000Z,1.1742,1.17482,1.1731,1.17329,7095
EUR_USD,H1,2025-07-23T09:00:00.000000000Z,1.17329,1.17396,1.17304,1.1736,5998
EUR_USD,H1,2025-07-23T10:00:00.000000000Z,1.17358,1.17366,1.1723,1.1726,5699
EUR_USD,H1,2025-07-23T11:00:00.000000000Z,1.1726,1.17314,1.17235,1.17257,6683
EUR_USD,H1,2025-07-23T12:00:00.000000000Z,1.17258,1.17334,1.17202,1.1725,6677
EUR_USD,H1,2025-07-23T13:00:00.000000000Z,1.17249,1.17305,1.1711,1.17262,9932
EUR_USD,H1,2025-07-23T14:00:00.000000000Z,1.17262,1.17378,1.17234,1.17338,9030
EUR_USD,H1,2025-07-23T15:00:00.000000000Z,1.17337,1.17584,1.17218,1.17468,11992
EUR_USD,H1,2025-07-23T16:00:00.000000000Z,1.1747,1.1761,1.1743,1.17512,13837
EUR_USD,H1,2025-07-23T17:00:00.000000000Z,1.17513,1.17652,1.17456,1.17598,8960
EUR_USD,H1,2025-07-23T18:00:00.000000000Z,1.176,1.17741,1.17596,1.17714,5787
EUR_USD,H1,2025-07-23T19:00:00.000000000Z,1.17716,1.17751,1.17679,1.17733,4216
EUR_USD,H1,2025-07-23T20:00:00.000000000Z,1.17734,1.17752,1.17666,1.1773,4630
EUR_USD,H1,2025-07-23T21:00:00.000000000Z,1.17702,1.17747,1.17694,1.17706,893
EUR_USD,H1,2025-07-23T22:00:00.000000000Z,1.17705,1.1775,1.17703,1.17736,1507
EUR_USD,H1,2025-07-23T23:00:00.000000000Z,1.17736,1.17792,1.17732,1.17736,1700
EUR_USD,H1,2025-07-24T00:00:00.000000000Z,1.17735,1.17737,1.17622,1.17671,4418
EUR_USD,H1,2025-07-24T01:00:00.000000000Z,1.1767,1.17798,1.17668,1.17751,6099
EUR_USD,H1,2025-07-24T02:00:00.000000000Z,1.1775,1.17786,1.17711,1.17768,3852
EUR_USD,H1,2025-07-24T03:00:00.000000000Z,1.17768,1.17802,1.17739,1.17752,3388
EUR_USD,H1,2025-07-24T04:00:00.000000000Z,1.1775,1.1778,1.17729,1.17743,2544
EUR_USD,H1,2025-07-24T05:00:00.000000000Z,1.17742,1.17782,1.17705,1.1771,4707
EUR_USD,H1,2025-07-24T06:00:00.000000000Z,1.17709,1.1773,1.17571,1.17571,5893
EUR_USD,H1,2025-07-24T07:00:00.000000000Z,1.17571,1.177,1.17551,1.17617,8049
EUR_USD,H1,2025-07-24T08:00:00.000000000Z,1.17619,1.17683,1.17556,1.1758,6295
EUR_USD,H1,2025-07-24T09:00:00.000000000Z,1.17582,1.17594,1.17466,1.17524,5182
EUR_USD,H1,2025-07-24T10:00:00.000000000Z,1.17525,1.17548,1.17434,1.17491,4274
EUR_USD,H1,2025-07-24T11:00:00.000000000Z,1.17492,1.17564,1.17458,1.1756,4994
EUR_USD,H1,2025-07-24T12:00:00.000000000Z,1.1756,1.17588,1.1732,1.17361,10278
EUR_USD,H1,2025-07-24T13:00:00.000000000Z,1.17362,1.1777,1.17306,1.17714,18144
EUR_USD,H1,2025-07-24T14:00:00.000000000Z,1.17714,1.17888,1.17616,1.17662,13853
EUR_USD,H1,2025-07-24T15:00:00.000000000Z,1.17664,1.17784,1.17554,1.17648,9986
EUR_USD,H1,2025-07-24T16:00:00.000000000Z,1.17648,1.17726,1.17568,1.17626,6823
EUR_USD,H1,2025-07-24T17:00:00.000000000Z,1.17628,1.17782,1.17604,1.177,4184
EUR_USD,H1,2025-07-24T18:00:00.000000000Z,1.177,1.1771,1.17623,1.17659,3567
EUR_USD,H1,2025-07-24T19:00:00.000000000Z,1.17658,1.17703,1.17582,1.17584,3642
EUR_USD,H1,2025-07-24T20:00:00.000000000Z,1.17583,1.176,1.17454,1.17491,4439
EUR_USD,H1,2025-07-24T21:00:00.000000000Z,1.17394,1.175,1.17392,1.17469,693
EUR_USD,H1,2025-07-24T22:00:00.000000000Z,1.17466,1.17532,1.17446,1.1752,1262
EUR_USD,H1,2025-07-24T23:00:00.000000000Z,1.17522,1.17575,1.17499,1.17548,1526
EUR_USD,H1,2025-07-25T00:00:00.000000000Z,1.17548,1.1759,1.17488,1.17544,5044
EUR_USD,H1,2025-07-25T01:00:00.000000000Z,1.17545,1.17586,1.17393,1.1743,5191
EUR_USD,H1,2025-07-25T02:00:00.000000000Z,1.1743,1.17437,1.1734,1.17392,3333
EUR_USD,H1,2025-07-25T03:00:00.000000000Z,1.17393,1.17453,1.17368,1.17426,3281
EUR_USD,H1,2025-07-25T04:00:00.000000000Z,1.17424,1.17464,1.17344,1.17402,3935
EUR_USD,H1,2025-07-25T05:00:00.000000000Z,1.17403,1.17492,1.17374,1.17468,4863
EUR_USD,H1,2025-07-25T06:00:00.000000000Z,1.17466,1.1761,1.17416,1.1748,8438
EUR_USD,H1,2025-07-25T07:00:00.000000000Z,1.1748,1.17594,1.1748,1.17532,8942
EUR_USD,H1,2025-07-25T08:00:00.000000000Z,1.1753,1.17581,1.17415,1.17433,8762
EUR_USD,H1,2025-07-25T09:00:00.000000000Z,1.17432,1.17436,1.17332,1.17351,6355
EUR_USD,H1,2025-07-25T10:00:00.000000000Z,1.17352,1.17374,1.17247,1.17283,5269
EUR_USD,H1,2025-07-25T11:00:00.000000000Z,1.17282,1.17309,1.17114,1.1721,6911
EUR_USD,H1,2025-07-25T12:00:00.000000000Z,1.17211,1.17273,1.17117,1.17183,7541
EUR_USD,H1,2025-07-25T13:00:00.000000000Z,1.17186,1.17307,1.1703,1.17218,22092
EUR_USD,H1,2025-07-25T14:00:00.000000000Z,1.17218,1.17358,1.17216,1.17296,11699
EUR_USD,H1,2025-07-25T15:00:00.000000000Z,1.17293,1.17387,1.17219,1.1729,8163
EUR_USD,H1,2025-07-25T16:00:00.000000000Z,1.17292,1.17307,1.17202,1.1729,7291
EUR_USD,H1,2025-07-25T17:00:00.000000000Z,1.17288,1.17396,1.17288,1.17364,4153
EUR_USD,H1,2025-07-25T18:00:00.000000000Z,1.17366,1.17468,1.17358,1.17455,4479
EUR_USD,H1,2025-07-25T19:00:00.000000000Z,1.17454,1.17472,1.17412,1.17438,3039
EUR_USD,H1,2025-07-25T20:00:00.000000000Z,1.17438,1.1744,1.17376,1.17417,4463
EUR_USD,H1,2025-07-27T21:00:00.000000000Z,1.17558,1.1765,1.17552,1.1762,1158
EUR_USD,H1,2025-07-27T22:00:00.000000000Z,1.17616,1.17691,1.17512,1.17551,3043
EUR_USD,H1,2025-07-27T23:00:00.000000000Z,1.17552,1.17606,1.17541,1.17556,2506
EUR_USD,H1,2025-07-28T00:00:00.000000000Z,1.17556,1.17706,1.1755,1.17639,7745
EUR_USD,H1,2025-07-28T01:00:00.000000000Z,1.1764,1.177,1.17477,1.17524,7108
EUR_USD,H1,2025-07-28T02:00:00.000000000Z,1.17524,1.17574,1.17464,1.1755,4301
EUR_USD,H1,2025-07-28T03:00:00.000000000Z,1.17549,1.17572,1.17512,1.17567,3755
EUR_USD,H1,2025-07-28T04:00:00.000000000Z,1.17568,1.17583,1.17459,1.17475,3484
EUR_USD,H1,2025-07-28T05:00:00.000000000Z,1.17473,1.17478,1.17399,1.17408,3514
EUR_USD,H1,2025-07-28T06:00:00.000000000Z,1.17408,1.17447,1.17111,1.17213,10290
EUR_USD,H1,2025-07-28T07:00:00.000000000Z,1.17212,1.1724,1.16706,1.1675,12578
EUR_USD,H1,2025-07-28T08:00:00.000000000Z,1.16748,1.16902,1.1671,1.16791,10362
EUR_USD,H1,2025-07-28T09:00:00.000000000Z,1.16788,1.16844,1.16582,1.1667,8185
EUR_USD,H1,2025-07-28T10:00:00.000000000Z,1.16668,1.16722,1.16551,1.1658,8395
EUR_USD,H1,2025-07-28T11:00:00.000000000Z,1.1658,1.16586,1.16438,1.16512,10399
EUR_USD,H1,2025-07-28T12:00:00.000000000Z,1.16514,1.16652,1.16482,1.16581,13333
EUR_USD,H1,2025-07-28T13:00:00.000000000Z,1.1658,1.16621,1.16258,1.16333,13095
EUR_USD,H1,2025-07-28T14:00:00.000000000Z,1.16332,1.16476,1.16306,1.16372,11830
EUR_USD,H1,2025-07-28T15:00:00.000000000Z,1.16372,1.16394,1.16082,1.16088,9788
EUR_USD,H1,2025-07-28T16:00:00.000000000Z,1.1609,1.16108,1.15985,1.15992,6509
EUR_USD,H1,2025-07-28T17:00:00.000000000Z,1.15991,1.16016,1.1589,1.15922,4909
EUR_USD,H1,2025-07-28T18:00:00.000000000Z,1.15922,1.15948,1.15854,1.15948,4312
EUR_USD,H1,2025-07-28T19:00:00.000000000Z,1.15946,1.15961,1.15892,1.15916,3043
EUR_USD,H1,2025-07-28T20:00:00.000000000Z,1.15921,1.15942,1.15853,1.15887,2708
EUR_USD,H1,2025-07-28T21:00:00.000000000Z,1.15912,1.15922,1.15893,1.15908,498
EUR_USD,H1,2025-07-28T22:00:00.000000000Z,1.15909,1.15943,1.15874,1.15937,1563
EUR_USD,H1,2025-07-28T23:00:00.000000000Z,1.15938,1.15968,1.15893,1.15966,1263
EUR_USD,H1,2025-07-29T00:00:00.000000000Z,1.15966,1.15976,1.15846,1.15852,3985
EUR_USD,H1,2025-07-29T01:00:00.000000000Z,1.15852,1.15986,1.1585,1.1591,4892
EUR_USD,H1,2025-07-29T02:00:00.000000000Z,1.15911,1.15994,1.1591,1.15972,3544
EUR_USD,H1,2025-07-29T03:00:00.000000000Z,1.1597,1.15984,1.15815,1.1583,2920
EUR_USD,H1,2025-07-29T04:00:00.000000000Z,1.1583,1.1589,1.15746,1.15888,3690
EUR_USD,H1,2025-07-29T05:00:00.000000000Z,1.15887,1.15905,1.15772,1.15789,3921
EUR_USD,H1,2025-07-29T06:00:00.000000000Z,1.15788,1.15861,1.15318,1.1534,12912
EUR_USD,H1,2025-07-29T07:00:00.000000000Z,1.15342,1.1555,1.1527,1.15549,15228
EUR_USD,H1,2025-07-29T08:00:00.000000000Z,1.15547,1.15695,1.15526,1.15692,9480
EUR_USD,H1,2025-07-29T09:00:00.000000000Z,1.15692,1.15849,1.1563,1.15767,8165
EUR_USD,H1,2025-07-29T10:00:00.000000000Z,1.15766,1.15885,1.15725,1.1574,6277
EUR_USD,H1,2025-07-29T11:00:00.000000000Z,1.15743,1.1575,1.15374,1.15401,9586
EUR_USD,H1,2025-07-29T12:00:00.000000000Z,1.154,1.15422,1.15251,1.15251,9707
EUR_USD,H1,2025-07-29T13:00:00.000000000Z,1.1525,1.1547,1.1519,1.15458,12567
EUR_USD,H1,2025-07-29T14:00:00.000000000Z,1.15457,1.15519,1.15216,1.15228,18462
EUR_USD,H1,2025-07-29T15:00:00.000000000Z,1.15228,1.1541,1.1522,1.15336,11072
EUR_USD,H1,2025-07-29T16:00:00.000000000Z,1.15336,1.15496,1.15336,1.15416,7675
EUR_USD,H1,2025-07-29T17:00:00.000000000Z,1.15416,1.15607,1.15402,1.15416,7487
EUR_USD,H1,2025-07-29T18:00:00.000000000Z,1.15417,1.15506,1.15375,1.15504,5146
EUR_USD,H1,2025-07-29T19:00:00.000000000Z,1.15505,1.15576,1.1549,1.155,4184
EUR_USD,H1,2025-07-29T20:00:00.000000000Z,1.15502,1.15526,1.15443,1.15454,2498
EUR_USD,H1,2025-07-29T21:00:00.000000000Z,1.15474,1.15492,1.15462,1.15488,406
EUR_USD,H1,2025-07-29T22:00:00.000000000Z,1.15491,1.1551,1.15472,1.15498,995
EUR_USD,H1,2025-07-29T23:00:00.000000000Z,1.15498,1.1551,1.15466,1.15508,1091
EUR_USD,H1,2025-07-30T00:00:00.000000000Z,1.15509,1.15678,1.15507,1.15673,5380
EUR_USD,H1,2025-07-30T01:00:00.000000000Z,1.15674,1.15728,1.15605,1.15644,6202
EUR_USD,H1,2025-07-30T02:00:00.000000000Z,1.15641,1.15684,1.15606,1.15639,3287
EUR_USD,H1,2025-07-30T03:00:00.000000000Z,1.15638,1.15707,1.15582,1.15618,3477
EUR_USD,H1,2025-07-30T04:00:00.000000000Z,1.15619,1.1562,1.15506,1.15513,3148
EUR_USD,H1,2025-07-30T05:00:00.000000000Z,1.15512,1.15598,1.15485,1.15501,4695
EUR_USD,H1,2025-07-30T06:00:00.000000000Z,1.15502,1.15607,1.15402,1.15568,7414
EUR_USD,H1,2025-07-30T07:00:00.000000000Z,1.15566,1.15688,1.15511,1.15536,7783
EUR_USD,H1,2025-07-30T08:00:00.000000000Z,1.15536,1.15594,1.15488,1.15568,6910
EUR_USD,H1,2025-07-30T09:00:00.000000000Z,1.15568,1.15606,1.15449,1.15518,6887
EUR_USD,H1,2025-07-30T10:00:00.000000000Z,1.15518,1.1555,1.15324,1.15394,6019
EUR_USD,H1,2025-07-30T11:00:00.000000000Z,1.15394,1.15409,1.15219,1.15312,6865
EUR_USD,H1,2025-07-30T12:00:00.000000000Z,1.15314,1.15347,1.1469,1.14731,19372
EUR_USD,H1,2025-07-30T13:00:00.000000000Z,1.1473,1.14811,1.14582,1.14694,16857
EUR_USD,H1,2025-07-30T14:00:00.000000000Z,1.14695,1.14823,1.14652,1.14806,11640
EUR_USD,H1,2025-07-30T15:00:00.000000000Z,1.14805,1.14853,1.14636,1.14686,8155
EUR_USD,H1,2025-07-30T16:00:00.000000000Z,1.14688,1.14743,1.14648,1.1474,5827
EUR_USD,H1,2025-07-30T17:00:00.000000000Z,1.1474,1.1484,1.1474,1.14827,5411
EUR_USD,H1,2025-07-30T18:00:00.000000000Z,1.14827,1.15035,1.14244,1.14244,30098
EUR_USD,H1,2025-07-30T19:00:00.000000000Z,1.14244,1.14362,1.14141,1.1424,15405
EUR_USD,H1,2025-07-30T20:00:00.000000000Z,1.1424,1.14296,1.1401,1.14055,6031
EUR_USD,H1,2025-07-30T21:00:00.000000000Z,1.14066,1.14098,1.14033,1.14092,933
EUR_USD,H1,2025-07-30T22:00:00.000000000Z,1.14096,1.14246,1.14065,1.14228,1930
EUR_USD,H1,2025-07-30T23:00:00.000000000Z,1.1423,1.14305,1.14194,1.14281,2274
EUR_USD,H1,2025-07-31T00:00:00.000000000Z,1.14282,1.14376,1.1428,1.14343,5349
EUR_USD,H1,2025-07-31T01:00:00.000000000Z,1.14342,1.14382,1.14236,1.14308,5615
EUR_USD,H1,2025-07-31T02:00:00.000000000Z,1.14309,1.14318,1.14214,1.14292,4836
EUR_USD,H1,2025-07-31T03:00:00.000000000Z,1.14294,1.14344,1.14076,1.14234,5121
EUR_USD,H1,2025-07-31T04:00:00.000000000Z,1.14234,1.14364,1.14194,1.14358,3626
EUR_USD,H1,2025-07-31T05:00:00.000000000Z,1.14355,1.1443,1.1431,1.14367,4615
EUR_USD,H1,2025-07-31T06:00:00.000000000Z,1.14366,1.14608,1.14354,1.14586,9560
EUR_USD,H1,2025-07-31T07:00:00.000000000Z,1.14584,1.14584,1.14331,1.14488,9299
EUR_USD,H1,2025-07-31T08:00:00.000000000Z,1.14488,1.14551,1.14382,1.14502,7971
EUR_USD,H1,2025-07-31T09:00:00.000000000Z,1.14502,1.14511,1.14325,1.14332,5921
EUR_USD,H1,2025-07-31T10:00:00.000000000Z,1.14332,1.14416,1.14207,1.14397,6368
EUR_USD,H1,2025-07-31T11:00:00.000000000Z,1.14398,1.1451,1.14362,1.14492,7525
EUR_USD,H1,2025-07-31T12:00:00.000000000Z,1.14492,1.1451,1.14247,1.14286,11587
EUR_USD,H1,2025-07-31T13:00:00.000000000Z,1.14287,1.14297,1.14057,1.14114,12469
EUR_USD,H1,2025-07-31T14:00:00.000000000Z,1.14114,1.14498,1.14076,1.14448,14349
EUR_USD,H1,2025-07-31T15:00:00.000000000Z,1.14448,1.145,1.14282,1.14302,10868
EUR_USD,H1,2025-07-31T16:00:00.000000000Z,1.14301,1.1433,1.14216,1.14226,8213
EUR_USD,H1,2025-07-31T17:00:00.000000000Z,1.14226,1.14247,1.14153,1.14196,5039
EUR_USD,H1,2025-07-31T18:00:00.000000000Z,1.14196,1.1433,1.14157,1.14266,3943
EUR_USD,H1,2025-07-31T19:00:00.000000000Z,1.14264,1.1432,1.14122,1.14125,4809
EUR_USD,H1,2025-07-31T20:00:00.000000000Z,1.14124,1.14184,1.14096,1.14148,4080
EUR_USD,H1,2025-07-31T21:00:00.000000000Z,1.14172,1.14195,1.1417,1.14172,329
EUR_USD,H1,2025-07-31T22:00:00.000000000Z,1.1417,1.14229,1.14152,1.1418,1503
EUR_USD,H1,2025-07-31T23:00:00.000000000Z,1.14181,1.14263,1.14118,1.14221,3499
EUR_USD,H1,2025-08-01T00:00:00.000000000Z,1.14221,1.14289,1.14156,1.14243,5967
EUR_USD,H1,2025-08-01T01:00:00.000000000Z,1.14243,1.14288,1.14049,1.14072,6474
EUR_USD,H1,2025-08-01T02:00:00.000000000Z,1.14073,1.1415,1.14062,1.14112,5052
EUR_USD,H1,2025-08-01T03:00:00.000000000Z,1.14112,1.14223,1.14104,1.14184,3477
EUR_USD,H1,2025-08-01T04:00:00.000000000Z,1.14184,1.14216,1.14159,1.14192,2510
EUR_USD,H1,2025-08-01T05:00:00.000000000Z,1.1419,1.14348,1.14162,1.14308,4008
EUR_USD,H1,2025-08-01T06:00:00.000000000Z,1.14308,1.1438,1.14261,1.14293,6824
EUR_USD,H1,2025-08-01T07:00:00.000000000Z,1.14294,1.14342,1.14128,1.1419,7455
EUR_USD,H1,2025-08-01T08:00:00.000000000Z,1.14188,1.14206,1.14055,1.14066,6224
EUR_USD,H1,2025-08-01T09:00:00.000000000Z,1.14066,1.14128,1.13932,1.14012,5501
EUR_USD,H1,2025-08-01T10:00:00.000000000Z,1.14012,1.14177,1.14011,1.14122,6207
EUR_USD,H1,2025-08-01T11:00:00.000000000Z,1.14119,1.14229,1.14044,1.14046,6123
EUR_USD,H1,2025-08-01T12:00:00.000000000Z,1.14048,1.15587,1.13916,1.15454,38153
EUR_USD,H1,2025-08-01T13:00:00.000000000Z,1.15455,1.15834,1.1537,1.15618,37966
EUR_USD,H1,2025-08-01T14:00:00.000000000Z,1.15623,1.15884,1.15511,1.1556,36654
EUR_USD,H1,2025-08-01T15:00:00.000000000Z,1.15559,1.15653,1.15361,1.15544,14876
EUR_USD,H1,2025-08-01T16:00:00.000000000Z,1.15544,1.15648,1.15378,1.15394,8592
EUR_USD,H1,2025-08-01T17:00:00.000000000Z,1.15393,1.15393,1.15165,1.15266,9255
EUR_USD,H1,2025-08-01T18:00:00.000000000Z,1.15268,1.1548,1.15218,1.15258,7853
EUR_USD,H1,2025-08-01T19:00:00.000000000Z,1.15261,1.15822,1.15238,1.15692,13540
EUR_USD,H1,2025-08-01T20:00:00.000000000Z,1.15691,1.15971,1.15688,1.15874,7333
EUR_USD,H1,2025-08-03T21:00:00.000000000Z,1.15924,1.15964,1.15896,1.15916,1081
EUR_USD,H1,2025-08-03T22:00:00.000000000Z,1.15916,1.1597,1.15784,1.1584,3392
EUR_USD,H1,2025-08-03T23:00:00.000000000Z,1.15842,1.15905,1.15782,1.15878,3872
EUR_USD,H1,2025-08-04T00:00:00.000000000Z,1.15878,1.1589,1.15559,1.1558,7458
EUR_USD,H1,2025-08-04T01:00:00.000000000Z,1.1558,1.15724,1.15502,1.15714,8198
EUR_USD,H1,2025-08-04T02:00:00.000000000Z,1.15714,1.15782,1.15678,1.15758,5381
EUR_USD,H1,2025-08-04T03:00:00.000000000Z,1.15758,1.1586,1.15758,1.15793,4590
EUR_USD,H1,2025-08-04T04:00:00.000000000Z,1.15792,1.15856,1.15745,1.15746,3834
EUR_USD,H1,2025-08-04T05:00:00.000000000Z,1.15748,1.15822,1.15672,1.15702,5201
EUR_USD,H1,2025-08-04T06:00:00.000000000Z,1.15703,1.15834,1.15633,1.15718,9752
EUR_USD,H1,2025-08-04T07:00:00.000000000Z,1.15718,1.15786,1.15508,1.15639,10540
EUR_USD,H1,2025-08-04T08:00:00.000000000Z,1.1564,1.15653,1.15496,1.15582,8897
EUR_USD,H1,2025-08-04T09:00:00.000000000Z,1.15582,1.15775,1.15556,1.15647,7959
EUR_USD,H1,2025-08-04T10:00:00.000000000Z,1.15646,1.15774,1.15551,1.1574,7213
EUR_USD,H1,2025-08-04T11:00:00.000000000Z,1.1574,1.15865,1.15646,1.15668,8633
EUR_USD,H1,2025-08-04T12:00:00.000000000Z,1.1567,1.15884,1.15606,1.15753,10614
EUR_USD,H1,2025-08-04T13:00:00.000000000Z,1.15755,1.15886,1.1573,1.15759,12053
EUR_USD,H1,2025-08-04T14:00:00.000000000Z,1.1576,1.15874,1.1557,1.1564,15360
EUR_USD,H1,2025-08-04T15:00:00.000000000Z,1.15639,1.15766,1.15612,1.1567,10659
EUR_USD,H1,2025-08-04T16:00:00.000000000Z,1.15671,1.15754,1.1557,1.15721,6242
EUR_USD,H1,2025-08-04T17:00:00.000000000Z,1.1572,1.15741,1.15643,1.1573,5186
EUR_USD,H1,2025-08-04T18:00:00.000000000Z,1.1573,1.15776,1.1564,1.15654,5309
EUR_USD,H1,2025-08-04T19:00:00.000000000Z,1.15653,1.15729,1.15631,1.15682,3951
EUR_USD,H1,2025-08-04T20:00:00.000000000Z,1.15683,1.15762,1.15656,1.15726,2569
EUR_USD,H1,2025-08-04T21:00:00.000000000Z,1.15704,1.1572,1.15682,1.15696,568
EUR_USD,H1,2025-08-04T22:00:00.000000000Z,1.15692,1.15815,1.15691,1.15793,1435
EUR_USD,H1,2025-08-04T23:00:00.000000000Z,1.15796,1.15855,1.15778,1.1584,3996
EUR_USD,H1,2025-08-05T00:00:00.000000000Z,1.15842,1.1588,1.15708,1.15719,4279
EUR_USD,H1,2025-08-05T01:00:00.000000000Z,1.15718,1.15742,1.15596,1.1564,4788
EUR_USD,H1,2025-08-05T02:00:00.000000000Z,1.1564,1.15644,1.15558,1.15604,3986
EUR_USD,H1,2025-08-05T03:00:00.000000000Z,1.15603,1.15614,1.15544,1.15554,2748
EUR_USD,H1,2025-08-05T04:00:00.000000000Z,1.15554,1.15603,1.15542,1.15584,2568
EUR_USD,H1,2025-08-05T05:00:00.000000000Z,1.15583,1.15583,1.15442,1.15482,3955
EUR_USD,H1,2025-08-05T06:00:00.000000000Z,1.15481,1.15614,1.15426,1.15509,5764
EUR_USD,H1,2025-08-05T07:00:00.000000000Z,1.1551,1.15624,1.15332,1.15464,8593
EUR_USD,H1,2025-08-05T08:00:00.000000000Z,1.15463,1.15492,1.15315,1.15369,8612
EUR_USD,H1,2025-08-05T09:00:00.000000000Z,1.15368,1.15466,1.153,1.15422,6471
EUR_USD,H1,2025-08-05T10:00:00.000000000Z,1.15422,1.15458,1.15342,1.15444,5314
EUR_USD,H1,2025-08-05T11:00:00.000000000Z,1.15444,1.15482,1.15278,1.15396,6183
EUR_USD,H1,2025-08-05T12:00:00.000000000Z,1.15398,1.15485,1.15302,1.15373,11209
EUR_USD,H1,2025-08-05T13:00:00.000000000Z,1.15374,1.15543,1.15322,1.15373,10457
EUR_USD,H1,2025-08-05T14:00:00.000000000Z,1.15392,1.15662,1.15338,1.15652,19953
EUR_USD,H1,2025-08-05T15:00:00.000000000Z,1.15654,1.15848,1.15628,1.15796,9378
EUR_USD,H1,2025-08-05T16:00:00.000000000Z,1.15794,1.15861,1.15774,1.1583,5381
EUR_USD,H1,2025-08-05T17:00:00.000000000Z,1.15831,1.15836,1.15756,1.15782,3907
EUR_USD,H1,2025-08-05T18:00:00.000000000Z,1.15782,1.15796,1.15705,1.15736,3783
EUR_USD,H1,2025-08-05T19:00:00.000000000Z,1.15736,1.15752,1.15664,1.15728,3425
EUR_USD,H1,2025-08-05T20:00:00.000000000Z,1.15728,1.15776,1.15714,1.15752,2264
EUR_USD,H1,2025-08-05T21:00:00.000000000Z,1.15742,1.1576,1.15734,1.15742,487
EUR_USD,H1,2025-08-05T22:00:00.000000000Z,1.15744,1.15777,1.1571,1.15762,1398
EUR_USD,H1,2025-08-05T23:00:00.000000000Z,1.15762,1.15814,1.15731,1.15786,1383
EUR_USD,H1,2025-08-06T00:00:00.000000000Z,1.15785,1.15853,1.15729,1.15738,3571
EUR_USD,H1,2025-08-06T01:00:00.000000000Z,1.15736,1.15737,1.15648,1.1567,4046
EUR_USD,H1,2025-08-06T02:00:00.000000000Z,1.1567,1.1572,1.15643,1.15694,3325
EUR_USD,H1,2025-08-06T03:00:00.000000000Z,1.15694,1.1582,1.15694,1.15802,2987
EUR_USD,H1,2025-08-06T04:00:00.000000000Z,1.15802,1.15865,1.15778,1.1583,2879
EUR_USD,H1,2025-08-06T05:00:00.000000000Z,1.15826,1.15834,1.15744,1.15789,3257
EUR_USD,H1,2025-08-06T06:00:00.000000000Z,1.15786,1.15883,1.15766,1.15786,5241
EUR_USD,H1,2025-08-06T07:00:00.000000000Z,1.15786,1.15822,1.15714,1.1581,6238
EUR_USD,H1,2025-08-06T08:00:00.000000000Z,1.15812,1.15834,1.15704,1.15752,5441
EUR_USD,H1,2025-08-06T09:00:00.000000000Z,1.1575,1.1588,1.15744,1.1585,4873
EUR_USD,H1,2025-08-06T10:00:00.000000000Z,1.1585,1.16108,1.15842,1.16071,7632
EUR_USD,H1,2025-08-06T11:00:00.000000000Z,1.16072,1.16152,1.15977,1.16043,5827
EUR_USD,H1,2025-08-06T12:00:00.000000000Z,1.1604,1.16286,1.16004,1.16237,7337
EUR_USD,H1,2025-08-06T13:00:00.000000000Z,1.16236,1.1636,1.16173,1.16358,10451
EUR_USD,H1,2025-08-06T14:00:00.000000000Z,1.16359,1.16379,1.16224,1.16274,10937
EUR_USD,H1,2025-08-06T15:00:00.000000000Z,1.16274,1.1647,1.16227,1.16462,12409
EUR_USD,H1,2025-08-06T16:00:00.000000000Z,1.16463,1.16484,1.16308,1.16346,8214
EUR_USD,H1,2025-08-06T17:00:00.000000000Z,1.16346,1.16552,1.16331,1.16492,6237
EUR_USD,H1,2025-08-06T18:00:00.000000000Z,1.16494,1.16686,1.16481,1.16625,4943
EUR_USD,H1,2025-08-06T19:00:00.000000000Z,1.16624,1.1664,1.16528,1.16566,2855
EUR_USD,H1,2025-08-06T20:00:00.000000000Z,1.16566,1.16604,1.16504,1.16602,3554
EUR_USD,H1,2025-08-06T21:00:00.000000000Z,1.16577,1.16599,1.16544,1.16584,858
EUR_USD,H1,2025-08-06T22:00:00.000000000Z,1.16578,1.1666,1.16578,1.16638,1538
EUR_USD,H1,2025-08-06T23:00:00.000000000Z,1.16638,1.1664,1.16595,1.1663,1570
EUR_USD,H1,2025-08-07T00:00:00.000000000Z,1.16631,1.1664,1.1651,1.16524,4044
EUR_USD,H1,2025-08-07T01:00:00.000000000Z,1.16525,1.16629,1.16495,1.16578,4184
EUR_USD,H1,2025-08-07T02:00:00.000000000Z,1.16578,1.16652,1.16562,1.16575,3019
EUR_USD,H1,2025-08-07T03:00:00.000000000Z,1.16574,1.16654,1.16534,1.16648,3018
EUR_USD,H1,2025-08-07T04:00:00.000000000Z,1.16647,1.16766,1.1663,1.16714,3084
EUR_USD,H1,2025-08-07T05:00:00.000000000Z,1.16714,1.16764,1.16685,1.16752,3088
EUR_USD,H1,2025-08-07T06:00:00.000000000Z,1.16752,1.16798,1.1668,1.1676,5765
EUR_USD,H1,2025-08-07T07:00:00.000000000Z,1.16759,1.16914,1.16734,1.16897,7260
EUR_USD,H1,2025-08-07T08:00:00.000000000Z,1.16896,1.16988,1.16758,1.16828,9041
EUR_USD,H1,2025-08-07T09:00:00.000000000Z,1.1683,1.16848,1.16705,1.16706,5291
EUR_USD,H1,2025-08-07T10:00:00.000000000Z,1.16708,1.16718,1.16616,1.16703,6083
EUR_USD,H1,2025-08-07T11:00:00.000000000Z,1.167,1.16767,1.1634,1.16446,12149
EUR_USD,H1,2025-08-07T12:00:00.000000000Z,1.16444,1.16626,1.16376,1.1651,12604
EUR_USD,H1,2025-08-07T13:00:00.000000000Z,1.16511,1.16586,1.1638,1.16428,13503
EUR_USD,H1,2025-08-07T14:00:00.000000000Z,1.16429,1.16499,1.16142,1.16244,18282
EUR_USD,H1,2025-08-07T15:00:00.000000000Z,1.16244,1.1642,1.1611,1.16399,9825
EUR_USD,H1,2025-08-07T16:00:00.000000000Z,1.16399,1.16446,1.16353,1.16382,4486
EUR_USD,H1,2025-08-07T17:00:00.000000000Z,1.16384,1.16398,1.16321,1.16331,4966
EUR_USD,H1,2025-08-07T18:00:00.000000000Z,1.16333,1.16372,1.16214,1.16219,3994
EUR_USD,H1,2025-08-07T19:00:00.000000000Z,1.16222,1.16569,1.16193,1.16546,8131
EUR_USD,H1,2025-08-07T20:00:00.000000000Z,1.16545,1.16716,1.16545,1.1664,3947
EUR_USD,H1,2025-08-07T21:00:00.000000000Z,1.16654,1.167,1.16614,1.16656,1078
EUR_USD,H1,2025-08-07T22:00:00.000000000Z,1.16657,1.16747,1.16644,1.16724,1879
EUR_USD,H1,2025-08-07T23:00:00.000000000Z,1.16726,1.16782,1.16702,1.16769,2345
EUR_USD,H1,2025-08-08T00:00:00.000000000Z,1.1677,1.16794,1.16674,1.16726,5311
EUR_USD,H1,2025-08-08T01:00:00.000000000Z,1.16728,1.16738,1.16552,1.16576,5690
EUR_USD,H1,2025-08-08T02:00:00.000000000Z,1.16575,1.16651,1.16574,1.16608,3540
EUR_USD,H1,2025-08-08T03:00:00.000000000Z,1.16609,1.16614,1.16553,1.16599,3096
EUR_USD,H1,2025-08-08T04:00:00.000000000Z,1.16598,1.16635,1.16578,1.16584,2618
EUR_USD,H1,2025-08-08T05:00:00.000000000Z,1.16582,1.166,1.1639,1.1641,4428
EUR_USD,H1,2025-08-08T06:00:00.000000000Z,1.16412,1.16528,1.1641,1.16502,5100
EUR_USD,H1,2025-08-08T07:00:00.000000000Z,1.16502,1.16646,1.16486,1.16592,7541
EUR_USD,H1,2025-08-08T08:00:00.000000000Z,1.16592,1.1663,1.16346,1.16372,7362
EUR_USD,H1,2025-08-08T09:00:00.000000000Z,1.16372,1.1644,1.16297,1.16418,7634
EUR_USD,H1,2025-08-08T10:00:00.000000000Z,1.16416,1.16476,1.1629,1.16356,5636
EUR_USD,H1,2025-08-08T11:00:00.000000000Z,1.16358,1.16494,1.1635,1.16438,5873
EUR_USD,H1,2025-08-08T12:00:00.000000000Z,1.16437,1.16544,1.16378,1.16418,8298
EUR_USD,H1,2025-08-08T13:00:00.000000000Z,1.16419,1.16554,1.16416,1.16488,8582
EUR_USD,H1,2025-08-08T14:00:00.000000000Z,1.16487,1.16629,1.16459,1.16561,9754
EUR_USD,H1,2025-08-08T15:00:00.000000000Z,1.16558,1.16679,1.16542,1.16598,6792
EUR_USD,H1,2025-08-08T16:00:00.000000000Z,1.166,1.16632,1.16496,1.16564,5141
EUR_USD,H1,2025-08-08T17:00:00.000000000Z,1.16564,1.1667,1.16536,1.1659,3808
EUR_USD,H1,2025-08-08T18:00:00.000000000Z,1.16592,1.16628,1.16478,1.1656,5244
EUR_USD,H1,2025-08-08T19:00:00.000000000Z,1.16559,1.16563,1.16364,1.16428,4721
EUR_USD,H1,2025-08-08T20:00:00.000000000Z,1.16427,1.16438,1.16384,1.16416,3185
EUR_USD,H1,2025-08-10T21:00:00.000000000Z,1.16496,1.16512,1.16442,1.16473,484
EUR_USD,H1,2025-08-10T22:00:00.000000000Z,1.16475,1.16512,1.16437,1.1647,1360
EUR_USD,H1,2025-08-10T23:00:00.000000000Z,1.16472,1.16506,1.16446,1.16476,1626
EUR_USD,H1,2025-08-11T00:00:00.000000000Z,1.16474,1.16486,1.16419,1.16475,3428
EUR_USD,H1,2025-08-11T01:00:00.000000000Z,1.16474,1.1659,1.16454,1.16589,4308
EUR_USD,H1,2025-08-11T02:00:00.000000000Z,1.1659,1.16685,1.1659,1.1666,2918
EUR_USD,H1,2025-08-11T03:00:00.000000000Z,1.16662,1.16754,1.16648,1.16714,3310
EUR_USD,H1,2025-08-11T04:00:00.000000000Z,1.16714,1.16756,1.1671,1.1672,2118
EUR_USD,H1,2025-08-11T05:00:00.000000000Z,1.1672,1.16726,1.16674,1.16692,3054
EUR_USD,H1,2025-08-11T06:00:00.000000000Z,1.16694,1.16738,1.16631,1.16642,4535
EUR_USD,H1,2025-08-11T07:00:00.000000000Z,1.1664,1.1666,1.16459,1.16472,6277
EUR_USD,H1,2025-08-11T08:00:00.000000000Z,1.1647,1.16604,1.16441,1.16549,5782
EUR_USD,H1,2025-08-11T09:00:00.000000000Z,1.16547,1.16582,1.16384,1.16413,5630
EUR_USD,H1,2025-08-11T10:00:00.000000000Z,1.16414,1.16479,1.16406,1.1647,4526
EUR_USD,H1,2025-08-11T11:00:00.000000000Z,1.16468,1.1647,1.16231,1.16287,6690
EUR_USD,H1,2025-08-11T12:00:00.000000000Z,1.16288,1.16312,1.16141,1.16202,8389
EUR_USD,H1,2025-08-11T13:00:00.000000000Z,1.16203,1.16278,1.1616,1.16195,8303
EUR_USD,H1,2025-08-11T14:00:00.000000000Z,1.16196,1.16204,1.15904,1.15958,10082
EUR_USD,H1,2025-08-11T15:00:00.000000000Z,1.15959,1.16071,1.15902,1.16065,7381
EUR_USD,H1,2025-08-11T16:00:00.000000000Z,1.16066,1.16119,1.1602,1.16075,4355
EUR_USD,H1,2025-08-11T17:00:00.000000000Z,1.16076,1.16124,1.15986,1.1611,3782
EUR_USD,H1,2025-08-11T18:00:00.000000000Z,1.1611,1.16143,1.16072,1.16123,3670
EUR_USD,H1,2025-08-11T19:00:00.000000000Z,1.16124,1.16128,1.16021,1.16051,3026
EUR_USD,H1,2025-08-11T20:00:00.000000000Z,1.1605,1.16196,1.16044,1.1616,1927
EUR_USD,H1,2025-08-11T21:00:00.000000000Z,1.16147,1.16166,1.16134,1.16154,1003
EUR_USD,H1,2025-08-11T22:00:00.000000000Z,1.16158,1.16186,1.16105,1.16128,949
EUR_USD,H1,2025-08-11T23:00:00.000000000Z,1.1613,1.16177,1.16126,1.16163,1181
EUR_USD,H1,2025-08-12T00:00:00.000000000Z,1.16164,1.162,1.16119,1.16152,5246
EUR_USD,H1,2025-08-12T01:00:00.000000000Z,1.16152,1.16256,1.16144,1.16193,4914
EUR_USD,H1,2025-08-12T02:00:00.000000000Z,1.16193,1.16257,1.16176,1.16229,3558
EUR_USD,H1,2025-08-12T03:00:00.000000000Z,1.1623,1.16245,1.16186,1.16208,2876
EUR_USD,H1,2025-08-12T04:00:00.000000000Z,1.16207,1.16279,1.16158,1.16276,4081
EUR_USD,H1,2025-08-12T05:00:00.000000000Z,1.16275,1.16292,1.16132,1.16139,6929
EUR_USD,H1,2025-08-12T06:00:00.000000000Z,1.16137,1.16186,1.16082,1.16094,8138
EUR_USD,H1,2025-08-12T07:00:00.000000000Z,1.16096,1.1624,1.1608,1.16203,8043
EUR_USD,H1,2025-08-12T08:00:00.000000000Z,1.16204,1.16224,1.16118,1.16149,6383
EUR_USD,H1,2025-08-12T09:00:00.000000000Z,1.16148,1.16185,1.16004,1.16064,6611
EUR_USD,H1,2025-08-12T10:00:00.000000000Z,1.16064,1.16132,1.16058,1.16104,5125
EUR_USD,H1,2025-08-12T11:00:00.000000000Z,1.16104,1.16113,1.15988,1.16052,5861
EUR_USD,H1,2025-08-12T12:00:00.000000000Z,1.16052,1.16559,1.16013,1.16424,28014
EUR_USD,H1,2025-08-12T13:00:00.000000000Z,1.16423,1.16683,1.16174,1.16522,29551
EUR_USD,H1,2025-08-12T14:00:00.000000000Z,1.16522,1.16628,1.16418,1.1658,17670
EUR_USD,H1,2025-08-12T15:00:00.000000000Z,1.16579,1.16974,1.16563,1.16721,13905
EUR_USD,H1,2025-08-12T16:00:00.000000000Z,1.16722,1.16859,1.16656,1.16798,8940
EUR_USD,H1,2025-08-12T17:00:00.000000000Z,1.16798,1.16806,1.16708,1.16732,6642
EUR_USD,H1,2025-08-12T18:00:00.000000000Z,1.16732,1.16788,1.16647,1.16688,5251
EUR_USD,H1,2025-08-12T19:00:00.000000000Z,1.16688,1.16757,1.16646,1.16746,3781
EUR_USD,H1,2025-08-12T20:00:00.000000000Z,1.16746,1.16772,1.16718,1.16732,2791
EUR_USD,H1,2025-08-12T21:00:00.000000000Z,1.16804,1.16804,1.16692,1.16741,872
EUR_USD,H1,2025-08-12T22:00:00.000000000Z,1.16737,1.16776,1.16736,1.16768,1136
EUR_USD,H1,2025-08-12T23:00:00.000000000Z,1.16763,1.16792,1.16752,1.16776,1216
EUR_USD,H1,2025-08-13T00:00:00.000000000Z,1.16776,1.16808,1.1671,1.168,3909
EUR_USD,H1,2025-08-13T01:00:00.000000000Z,1.16799,1.16866,1.16761,1.16771,4923
EUR_USD,H1,2025-08-13T02:00:00.000000000Z,1.16771,1.1686,1.16706,1.16818,3846
EUR_USD,H1,2025-08-13T03:00:00.000000000Z,1.16817,1.16877,1.16794,1.16838,2809
EUR_USD,H1,2025-08-13T04:00:00.000000000Z,1.16836,1.16862,1.16816,1.16842,2638
EUR_USD,H1,2025-08-13T05:00:00.000000000Z,1.16841,1.16852,1.16765,1.1679,3482
EUR_USD,H1,2025-08-13T06:00:00.000000000Z,1.1679,1.1697,1.1679,1.16922,7413
EUR_USD,H1,2025-08-13T07:00:00.000000000Z,1.16922,1.17128,1.16919,1.1708,8228
EUR_USD,H1,2025-08-13T08:00:00.000000000Z,1.1708,1.17207,1.17072,1.17142,8082
EUR_USD,H1,2025-08-13T09:00:00.000000000Z,1.17141,1.17303,1.17141,1.17294,6203
EUR_USD,H1,2025-08-13T10:00:00.000000000Z,1.17292,1.17302,1.17163,1.17166,5716
EUR_USD,H1,2025-08-13T11:00:00.000000000Z,1.17164,1.17193,1.1708,1.17192,5359
EUR_USD,H1,2025-08-13T12:00:00.000000000Z,1.17192,1.17217,1.16972,1.1699,7802
EUR_USD,H1,2025-08-13T13:00:00.000000000Z,1.1699,1.17073,1.1693,1.17046,9504
EUR_USD,H1,2025-08-13T14:00:00.000000000Z,1.17046,1.17236,1.17028,1.172,11507
EUR_USD,H1,2025-08-13T15:00:00.000000000Z,1.172,1.17227,1.17084,1.17137,8522
EUR_USD,H1,2025-08-13T16:00:00.000000000Z,1.17138,1.17152,1.17064,1.17069,4791
EUR_USD,H1,2025-08-13T17:00:00.000000000Z,1.1707,1.17108,1.17028,1.17041,3452
EUR_USD,H1,2025-08-13T18:00:00.000000000Z,1.17042,1.17045,1.1696,1.17005,3546
EUR_USD,H1,2025-08-13T19:00:00.000000000Z,1.17003,1.17043,1.16975,1.16996,2564
EUR_USD,H1,2025-08-13T20:00:00.000000000Z,1.16994,1.17071,1.16994,1.17052,2061
EUR_USD,H1,2025-08-13T21:00:00.000000000Z,1.17058,1.1708,1.17024,1.17058,1056
EUR_USD,H1,2025-08-13T22:00:00.000000000Z,1.17056,1.17082,1.17048,1.17082,998
EUR_USD,H1,2025-08-13T23:00:00.000000000Z,1.17082,1.17126,1.17076,1.17123,1103
EUR_USD,H1,2025-08-14T00:00:00.000000000Z,1.17122,1.1715,1.17094,1.17114,4203
EUR_USD,H1,2025-08-14T01:00:00.000000000Z,1.17113,1.17153,1.17092,1.17129,4940
EUR_USD,H1,2025-08-14T02:00:00.000000000Z,1.17129,1.17129,1.1699,1.1705,3859
EUR_USD,H1,2025-08-14T03:00:00.000000000Z,1.1705,1.17054,1.16997,1.17036,3401
EUR_USD,H1,2025-08-14T04:00:00.000000000Z,1.17036,1.17068,1.17017,1.17039,2176
EUR_USD,H1,2025-08-14T05:00:00.000000000Z,1.17038,1.1704,1.16972,1.17014,3313
EUR_USD,H1,2025-08-14T06:00:00.000000000Z,1.17016,1.17066,1.16849,1.16852,7342
EUR_USD,H1,2025-08-14T07:00:00.000000000Z,1.16853,1.16928,1.16779,1.168,9396
EUR_USD,H1,2025-08-14T08:00:00.000000000Z,1.16799,1.16854,1.1668,1.16683,6364
EUR_USD,H1,2025-08-14T09:00:00.000000000Z,1.16684,1.16872,1.16684,1.16819,6044
EUR_USD,H1,2025-08-14T10:00:00.000000000Z,1.1682,1.16974,1.16814,1.16955,7386
EUR_USD,H1,2025-08-14T11:00:00.000000000Z,1.16954,1.16964,1.16828,1.16884,6322
EUR_USD,H1,2025-08-14T12:00:00.000000000Z,1.16886,1.16926,1.16496,1.16639,19112
EUR_USD,H1,2025-08-14T13:00:00.000000000Z,1.1664,1.16716,1.1649,1.16502,14807
EUR_USD,H1,2025-08-14T14:00:00.000000000Z,1.16502,1.16666,1.16376,1.16609,11940
EUR_USD,H1,2025-08-14T15:00:00.000000000Z,1.1661,1.16622,1.16378,1.1643,10473
EUR_USD,H1,2025-08-14T16:00:00.000000000Z,1.16431,1.16454,1.1631,1.16344,6893
EUR_USD,H1,2025-08-14T17:00:00.000000000Z,1.16346,1.16437,1.16313,1.16368,4610
EUR_USD,H1,2025-08-14T18:00:00.000000000Z,1.1637,1.16424,1.1633,1.16415,3892
EUR_USD,H1,2025-08-14T19:00:00.000000000Z,1.16417,1.16504,1.16416,1.16483,2956
EUR_USD,H1,2025-08-14T20:00:00.000000000Z,1.16484,1.16504,1.16448,1.16488,1916
EUR_USD,H1,2025-08-14T21:00:00.000000000Z,1.16502,1.16516,1.1648,1.1651,586
EUR_USD,H1,2025-08-14T22:00:00.000000000Z,1.1651,1.16531,1.16484,1.16502,790
EUR_USD,H1,2025-08-14T23:00:00.000000000Z,1.16502,1.16532,1.16462,1.16506,1131
EUR_USD,H1,2025-08-15T00:00:00.000000000Z,1.16508,1.16535,1.16469,1.16522,3220
EUR_USD,H1,2025-08-15T01:00:00.000000000Z,1.16526,1.16583,1.16485,1.16529,3548
EUR_USD,H1,2025-08-15T02:00:00.000000000Z,1.16528,1.16578,1.16496,1.16569,3306
EUR_USD,H1,2025-08-15T03:00:00.000000000Z,1.16572,1.16648,1.16568,1.16602,2513
EUR_USD,H1,2025-08-15T04:00:00.000000000Z,1.16602,1.16637,1.1659,1.1663,1673
EUR_USD,H1,2025-08-15T05:00:00.000000000Z,1.16628,1.16714,1.16613,1.1671,2734
EUR_USD,H1,2025-08-15T06:00:00.000000000Z,1.1671,1.16748,1.16653,1.16718,5017
EUR_USD,H1,2025-08-15T07:00:00.000000000Z,1.16718,1.16843,1.16716,1.16828,6620
EUR_USD,H1,2025-08-15T08:00:00.000000000Z,1.16827,1.16854,1.16766,1.16823,6744
EUR_USD,H1,2025-08-15T09:00:00.000000000Z,1.16822,1.16899,1.16802,1.16877,5829
EUR_USD,H1,2025-08-15T10:00:00.000000000Z,1.16876,1.16916,1.16806,1.16858,5103
EUR_USD,H1,2025-08-15T11:00:00.000000000Z,1.16858,1.16919,1.16816,1.16877,4398
EUR_USD,H1,2025-08-15T12:00:00.000000000Z,1.16875,1.17001,1.16735,1.16942,11975
EUR_USD,H1,2025-08-15T13:00:00.000000000Z,1.16942,1.17084,1.16819,1.17038,12430
EUR_USD,H1,2025-08-15T14:00:00.000000000Z,1.1704,1.17154,1.17009,1.17118,12342
EUR_USD,H1,2025-08-15T15:00:00.000000000Z,1.17117,1.1715,1.17032,1.17068,7402
EUR_USD,H1,2025-08-15T16:00:00.000000000Z,1.1707,1.17082,1.16996,1.17038,4423
EUR_USD,H1,2025-08-15T17:00:00.000000000Z,1.17039,1.1706,1.16994,1.17044,3464
EUR_USD,H1,2025-08-15T18:00:00.000000000Z,1.17044,1.17066,1.16986,1.17026,3371
EUR_USD,H1,2025-08-15T19:00:00.000000000Z,1.17025,1.17036,1.17,1.17009,2081
EUR_USD,H1,2025-08-15T20:00:00.000000000Z,1.17008,1.17082,1.17006,1.1705,1983
EUR_USD,H1,2025-08-17T21:00:00.000000000Z,1.17133,1.17153,1.171,1.17145,359
EUR_USD,H1,2025-08-17T22:00:00.000000000Z,1.17139,1.17162,1.171,1.17135,1397
EUR_USD,H1,2025-08-17T23:00:00.000000000Z,1.17138,1.17144,1.17038,1.17064,1581
EUR_USD,H1,2025-08-18T00:00:00.000000000Z,1.17064,1.17106,1.17001,1.17016,3568
EUR_USD,H1,2025-08-18T01:00:00.000000000Z,1.17016,1.17046,1.16936,1.17032,3705
EUR_USD,H1,2025-08-18T02:00:00.000000000Z,1.17034,1.17054,1.16974,1.17013,2488
EUR_USD,H1,2025-08-18T03:00:00.000000000Z,1.17012,1.17048,1.17,1.17038,2607
EUR_USD,H1,2025-08-18T04:00:00.000000000Z,1.17038,1.17104,1.17028,1.17086,3101
EUR_USD,H1,2025-08-18T05:00:00.000000000Z,1.17084,1.17091,1.17014,1.1706,2715
EUR_USD,H1,2025-08-18T06:00:00.000000000Z,1.17057,1.1708,1.16936,1.16965,5327
EUR_USD,H1,2025-08-18T07:00:00.000000000Z,1.16966,1.17034,1.16801,1.16814,7175
EUR_USD,H1,2025-08-18T08:00:00.000000000Z,1.16814,1.16876,1.1671,1.16819,8294
EUR_USD,H1,2025-08-18T09:00:00.000000000Z,1.1682,1.16861,1.1673,1.16804,5441
EUR_USD,H1,2025-08-18T10:00:00.000000000Z,1.16802,1.16831,1.16774,1.1681,4136
EUR_USD,H1,2025-08-18T11:00:00.000000000Z,1.16811,1.16885,1.16718,1.1675,4950
EUR_USD,H1,2025-08-18T12:00:00.000000000Z,1.16752,1.16792,1.16664,1.16766,6083
EUR_USD,H1,2025-08-18T13:00:00.000000000Z,1.16766,1.16778,1.16698,1.16778,6245
EUR_USD,H1,2025-08-18T14:00:00.000000000Z,1.16778,1.16846,1.16604,1.16642,8750
EUR_USD,H1,2025-08-18T15:00:00.000000000Z,1.16642,1.16746,1.16607,1.16672,6325
EUR_USD,H1,2025-08-18T16:00:00.000000000Z,1.1667,1.16674,1.1656,1.1658,5151
EUR_USD,H1,2025-08-18T17:00:00.000000000Z,1.16578,1.16667,1.16568,1.16628,4001
EUR_USD,H1,2025-08-18T18:00:00.000000000Z,1.16626,1.16679,1.16585,1.16602,3129
EUR_USD,H1,2025-08-18T19:00:00.000000000Z,1.16602,1.16706,1.166,1.16672,2502
EUR_USD,H1,2025-08-18T20:00:00.000000000Z,1.16672,1.16695,1.16608,1.16612,2065
EUR_USD,H1,2025-08-18T21:00:00.000000000Z,1.16617,1.16622,1.16605,1.16618,210
EUR_USD,H1,2025-08-18T22:00:00.000000000Z,1.16616,1.16752,1.16608,1.16698,1633
EUR_USD,H1,2025-08-18T23:00:00.000000000Z,1.16698,1.16698,1.16622,1.16681,1368
EUR_USD,H1,2025-08-19T00:00:00.000000000Z,1.16682,1.16703,1.16558,1.16586,3613
EUR_USD,H1,2025-08-19T01:00:00.000000000Z,1.16586,1.16624,1.16392,1.16494,6118
EUR_USD,H1,2025-08-19T02:00:00.000000000Z,1.16492,1.16562,1.16471,1.1653,3543
EUR_USD,H1,2025-08-19T03:00:00.000000000Z,1.16532,1.1659,1.16504,1.1655,3319
EUR_USD,H1,2025-08-19T04:00:00.000000000Z,1.1655,1.16619,1.16536,1.16608,2447
EUR_USD,H1,2025-08-19T05:00:00.000000000Z,1.16608,1.16657,1.1654,1.16553,3456
EUR_USD,H1,2025-08-19T06:00:00.000000000Z,1.16554,1.16748,1.16511,1.16744,5686
EUR_USD,H1,2025-08-19T07:00:00.000000000Z,1.16746,1.16844,1.16736,1.16838,6953
EUR_USD,H1,2025-08-19T08:00:00.000000000Z,1.16837,1.16844,1.16716,1.1675,5136
EUR_USD,H1,2025-08-19T09:00:00.000000000Z,1.16751,1.16824,1.16726,1.16802,4127
EUR_USD,H1,2025-08-19T10:00:00.000000000Z,1.16803,1.16922,1.16791,1.16888,4260
EUR_USD,H1,2025-08-19T11:00:00.000000000Z,1.16886,1.16929,1.168,1.16856,3943
EUR_USD,H1,2025-08-19T12:00:00.000000000Z,1.16857,1.16882,1.1673,1.16756,6947
EUR_USD,H1,2025-08-19T13:00:00.000000000Z,1.16756,1.16783,1.16681,1.16764,7808
EUR_USD,H1,2025-08-19T14:00:00.000000000Z,1.16763,1.16776,1.1664,1.16722,7221
EUR_USD,H1,2025-08-19T15:00:00.000000000Z,1.16723,1.16754,1.16574,1.16587,6281
EUR_USD,H1,2025-08-19T16:00:00.000000000Z,1.16589,1.16632,1.16544,1.16563,5049
EUR_USD,H1,2025-08-19T17:00:00.000000000Z,1.16564,1.16608,1.16529,1.16547,3397
EUR_USD,H1,2025-08-19T18:00:00.000000000Z,1.16546,1.16548,1.16423,1.16473,3420
EUR_USD,H1,2025-08-19T19:00:00.000000000Z,1.16472,1.16482,1.16426,1.16465,2522
EUR_USD,H1,2025-08-19T20:00:00.000000000Z,1.16464,1.16482,1.16448,1.16465,1807
EUR_USD,H1,2025-08-19T21:00:00.000000000Z,1.16482,1.1651,1.16445,1.16478,1638
EUR_USD,H1,2025-08-19T22:00:00.000000000Z,1.16475,1.16492,1.16446,1.16487,1037
EUR_USD,H1,2025-08-19T23:00:00.000000000Z,1.16488,1.1649,1.1641,1.16415,1179
EUR_USD,H1,2025-08-20T00:00:00.000000000Z,1.16416,1.16426,1.16315,1.16389,4279
EUR_USD,H1,2025-08-20T01:00:00.000000000Z,1.16388,1.16423,1.16271,1.16274,4674
EUR_USD,H1,2025-08-20T02:00:00.000000000Z,1.16276,1.16298,1.16222,1.16264,5317
EUR_USD,H1,2025-08-20T03:00:00.000000000Z,1.16264,1.16364,1.16264,1.16332,3274
EUR_USD,H1,2025-08-20T04:00:00.000000000Z,1.16331,1.16383,1.16325,1.16344,1831
EUR_USD,H1,2025-08-20T05:00:00.000000000Z,1.16345,1.16404,1.16325,1.16395,2384
EUR_USD,H1,2025-08-20T06:00:00.000000000Z,1.16394,1.16425,1.16232,1.16336,7975
EUR_USD,H1,2025-08-20T07:00:00.000000000Z,1.16339,1.16469,1.16336,1.1645,7539
EUR_USD,H1,2025-08-20T08:00:00.000000000Z,1.16447,1.16467,1.16316,1.16379,5720
EUR_USD,H1,2025-08-20T09:00:00.000000000Z,1.16378,1.16463,1.16349,1.1645,4420
EUR_USD,H1,2025-08-20T10:00:00.000000000Z,1.16451,1.16576,1.16436,1.1647,4720
EUR_USD,H1,2025-08-20T11:00:00.000000000Z,1.16472,1.165,1.16402,1.1642,3989
EUR_USD,H1,2025-08-20T12:00:00.000000000Z,1.16423,1.16739,1.16423,1.16711,8853
EUR_USD,H1,2025-08-20T13:00:00.000000000Z,1.16712,1.1672,1.1656,1.16588,8857
EUR_USD,H1,2025-08-20T14:00:00.000000000Z,1.16588,1.16692,1.16486,1.16632,10756
EUR_USD,H1,2025-08-20T15:00:00.000000000Z,1.1663,1.16631,1.16462,1.16481,6725
EUR_USD,H1,2025-08-20T16:00:00.000000000Z,1.16482,1.16618,1.1648,1.16598,4310
EUR_USD,H1,2025-08-20T17:00:00.000000000Z,1.16598,1.16726,1.16593,1.16716,4161
EUR_USD,H1,2025-08-20T18:00:00.000000000Z,1.16714,1.16714,1.16548,1.16551,4811
EUR_USD,H1,2025-08-20T19:00:00.000000000Z,1.1655,1.16587,1.16525,1.16529,2701
EUR_USD,H1,2025-08-20T20:00:00.000000000Z,1.1653,1.16531,1.16469,1.16502,1706
EUR_USD,H1,2025-08-20T21:00:00.000000000Z,1.16531,1.16558,1.165,1.16523,1419
EUR_USD,H1,2025-08-20T22:00:00.000000000Z,1.16522,1.16558,1.16516,1.16526,910
EUR_USD,H1,2025-08-20T23:00:00.000000000Z,1.16526,1.16535,1.16482,1.1651,1341
EUR_USD,H1,2025-08-21T00:00:00.000000000Z,1.16508,1.16517,1.16414,1.16468,4244
EUR_USD,H1,2025-08-21T01:00:00.000000000Z,1.1647,1.16507,1.16412,1.1646,4425
EUR_USD,H1,2025-08-21T02:00:00.000000000Z,1.16459,1.16496,1.16436,1.16466,3608
EUR_USD,H1,2025-08-21T03:00:00.000000000Z,1.16467,1.16488,1.16418,1.1646,2153
EUR_USD,H1,2025-08-21T04:00:00.000000000Z,1.16461,1.16482,1.16429,1.16457,1977
EUR_USD,H1,2025-08-21T05:00:00.000000000Z,1.16456,1.16498,1.16418,1.16494,3220
EUR_USD,H1,2025-08-21T06:00:00.000000000Z,1.16497,1.16498,1.16258,1.16299,5946
EUR_USD,H1,2025-08-21T07:00:00.000000000Z,1.16301,1.16614,1.1625,1.16586,8385
EUR_USD,H1,2025-08-21T08:00:00.000000000Z,1.16583,1.16596,1.16502,1.16548,5778
EUR_USD,H1,2025-08-21T09:00:00.000000000Z,1.16548,1.16629,1.16537,1.16548,4827
EUR_USD,H1,2025-08-21T10:00:00.000000000Z,1.16548,1.16566,1.16484,1.16494,4237
EUR_USD,H1,2025-08-21T11:00:00.000000000Z,1.16494,1.16575,1.16395,1.16404,5163
EUR_USD,H1,2025-08-21T12:00:00.000000000Z,1.16405,1.16564,1.16366,1.16466,9197
EUR_USD,H1,2025-08-21T13:00:00.000000000Z,1.16466,1.165,1.16156,1.1621,12283
EUR_USD,H1,2025-08-21T14:00:00.000000000Z,1.1621,1.16295,1.1606,1.16157,12106
EUR_USD,H1,2025-08-21T15:00:00.000000000Z,1.16156,1.1626,1.16012,1.16044,12738
EUR_USD,H1,2025-08-21T16:00:00.000000000Z,1.16044,1.16118,1.16016,1.16112,4927
EUR_USD,H1,2025-08-21T17:00:00.000000000Z,1.16112,1.16186,1.16112,1.1615,3895
EUR_USD,H1,2025-08-21T18:00:00.000000000Z,1.16148,1.1617,1.1607,1.16098,3869
EUR_USD,H1,2025-08-21T19:00:00.000000000Z,1.16098,1.16102,1.16039,1.1605,2123
EUR_USD,H1,2025-08-21T20:00:00.000000000Z,1.1605,1.16086,1.16036,1.16064,1634
EUR_USD,H1,2025-08-21T21:00:00.000000000Z,1.16066,1.16119,1.1605,1.16076,2241
EUR_USD,H1,2025-08-21T22:00:00.000000000Z,1.16074,1.16137,1.16066,1.16134,821
EUR_USD,H1,2025-08-21T23:00:00.000000000Z,1.16134,1.1615,1.16094,1.16126,1282
EUR_USD,H1,2025-08-22T00:00:00.000000000Z,1.16125,1.16167,1.16106,1.1615,2978
EUR_USD,H1,2025-08-22T01:00:00.000000000Z,1.16149,1.16158,1.1604,1.16081,3362
EUR_USD,H1,2025-08-22T02:00:00.000000000Z,1.1608,1.16142,1.16051,1.16088,2845
EUR_USD,H1,2025-08-22T03:00:00.000000000Z,1.16089,1.1609,1.1589,1.15898,3734
EUR_USD,H1,2025-08-22T04:00:00.000000000Z,1.159,1.15942,1.1583,1.15845,2970
EUR_USD,H1,2025-08-22T05:00:00.000000000Z,1.15844,1.15891,1.15833,1.15866,3013
EUR_USD,H1,2025-08-22T06:00:00.000000000Z,1.15864,1.15952,1.15835,1.15886,5547
EUR_USD,H1,2025-08-22T07:00:00.000000000Z,1.15886,1.1599,1.15884,1.15946,5264
EUR_USD,H1,2025-08-22T08:00:00.000000000Z,1.15946,1.15996,1.15913,1.15995,4457
EUR_USD,H1,2025-08-22T09:00:00.000000000Z,1.15995,1.16026,1.15954,1.15965,4349
EUR_USD,H1,2025-08-22T10:00:00.000000000Z,1.15966,1.16,1.15936,1.1596,3803
EUR_USD,H1,2025-08-22T11:00:00.000000000Z,1.1596,1.16065,1.15949,1.16046,5070
EUR_USD,H1,2025-08-22T12:00:00.000000000Z,1.16047,1.16138,1.16046,1.16088,5302
EUR_USD,H1,2025-08-22T13:00:00.000000000Z,1.1609,1.16193,1.15976,1.16006,7148
EUR_USD,H1,2025-08-22T14:00:00.000000000Z,1.16006,1.17202,1.16006,1.17182,40569
EUR_USD,H1,2025-08-22T15:00:00.000000000Z,1.17183,1.17322,1.17122,1.17122,14017
EUR_USD,H1,2025-08-22T16:00:00.000000000Z,1.17122,1.17266,1.17119,1.17219,9161
EUR_USD,H1,2025-08-22T17:00:00.000000000Z,1.17222,1.17428,1.17222,1.17369,7077
EUR_USD,H1,2025-08-22T18:00:00.000000000Z,1.17367,1.17395,1.17211,1.17212,4715
EUR_USD,H1,2025-08-22T19:00:00.000000000Z,1.17212,1.17226,1.1715,1.172,3529
EUR_USD,H1,2025-08-22T20:00:00.000000000Z,1.172,1.1727,1.17182,1.1722,3501
EUR_USD,H1,2025-08-24T21:00:00.000000000Z,1.17236,1.17284,1.17226,1.1723,421
EUR_USD,H1,2025-08-24T22:00:00.000000000Z,1.17232,1.17236,1.17108,1.17128,1514
EUR_USD,H1,2025-08-24T23:00:00.000000000Z,1.1713,1.17144,1.17074,1.17083,1945
EUR_USD,H1,2025-08-25T00:00:00.000000000Z,1.17083,1.17084,1.16954,1.1698,3578
EUR_USD,H1,2025-08-25T01:00:00.000000000Z,1.16982,1.17038,1.16937,1.16964,3844
EUR_USD,H1,2025-08-25T02:00:00.000000000Z,1.16964,1.17002,1.1694,1.1697,2548
EUR_USD,H1,2025-08-25T03:00:00.000000000Z,1.1697,1.17078,1.1697,1.17069,2223
EUR_USD,H1,2025-08-25T04:00:00.000000000Z,1.17072,1.17079,1.17036,1.17059,1868
EUR_USD,H1,2025-08-25T05:00:00.000000000Z,1.17058,1.17059,1.16983,1.17006,1997
EUR_USD,H1,2025-08-25T06:00:00.000000000Z,1.17008,1.17205,1.17008,1.17147,5576
EUR_USD,H1,2025-08-25T07:00:00.000000000Z,1.17149,1.17182,1.16946,1.16978,5173
EUR_USD,H1,2025-08-25T08:00:00.000000000Z,1.16977,1.17109,1.16975,1.17041,4597
EUR_USD,H1,2025-08-25T09:00:00.000000000Z,1.1704,1.17046,1.169,1.16932,3609
EUR_USD,H1,2025-08-25T10:00:00.000000000Z,1.16933,1.16972,1.16853,1.16878,3899
EUR_USD,H1,2025-08-25T11:00:00.000000000Z,1.16878,1.17031,1.16876,1.17028,4053
EUR_USD,H1,2025-08-25T12:00:00.000000000Z,1.17029,1.17037,1.16936,1.16998,4699
EUR_USD,H1,2025-08-25T13:00:00.000000000Z,1.16998,1.17092,1.16948,1.17031,6060
EUR_USD,H1,2025-08-25T14:00:00.000000000Z,1.17032,1.17058,1.16892,1.16901,8567
EUR_USD,H1,2025-08-25T15:00:00.000000000Z,1.16903,1.16918,1.16655,1.16693,8505
EUR_USD,H1,2025-08-25T16:00:00.000000000Z,1.16694,1.16695,1.16514,1.16548,6242
EUR_USD,H1,2025-08-25T17:00:00.000000000Z,1.1655,1.1656,1.16408,1.16468,5428
EUR_USD,H1,2025-08-25T18:00:00.000000000Z,1.16466,1.16484,1.1619,1.16206,5719
EUR_USD,H1,2025-08-25T19:00:00.000000000Z,1.16207,1.16215,1.16028,1.16097,5886
EUR_USD,H1,2025-08-25T20:00:00.000000000Z,1.16096,1.16257,1.16094,1.16204,2810
EUR_USD,H1,2025-08-25T21:00:00.000000000Z,1.16189,1.16206,1.16172,1.162,825
EUR_USD,H1,2025-08-25T22:00:00.000000000Z,1.16204,1.16228,1.16182,1.16204,1260
EUR_USD,H1,2025-08-25T23:00:00.000000000Z,1.16204,1.16212,1.16124,1.16146,1530
EUR_USD,H1,2025-08-26T00:00:00.000000000Z,1.16148,1.16601,1.16102,1.16479,17266
EUR_USD,H1,2025-08-26T01:00:00.000000000Z,1.16478,1.16502,1.16348,1.16419,6478
EUR_USD,H1,2025-08-26T02:00:00.000000000Z,1.1642,1.16474,1.16325,1.16366,5073
EUR_USD,H1,2025-08-26T03:00:00.000000000Z,1.16366,1.16366,1.1624,1.16257,4049
EUR_USD,H1,2025-08-26T04:00:00.000000000Z,1.16256,1.16323,1.16238,1.1632,2797
EUR_USD,H1,2025-08-26T05:00:00.000000000Z,1.16321,1.16444,1.16297,1.16412,4205
EUR_USD,H1,2025-08-26T06:00:00.000000000Z,1.16413,1.16413,1.16135,1.16222,8996
EUR_USD,H1,2025-08-26T07:00:00.000000000Z,1.1622,1.16286,1.16022,1.16218,11398
EUR_USD,H1,2025-08-26T08:00:00.000000000Z,1.1622,1.1625,1.16058,1.1618,8250
EUR_USD,H1,2025-08-26T09:00:00.000000000Z,1.1618,1.16438,1.16177,1.16426,6834
EUR_USD,H1,2025-08-26T10:00:00.000000000Z,1.16428,1.16476,1.16372,1.1645,5062
EUR_USD,H1,2025-08-26T11:00:00.000000000Z,1.16451,1.16608,1.16414,1.16539,5963
EUR_USD,H1,2025-08-26T12:00:00.000000000Z,1.1654,1.166,1.16449,1.16462,8785
EUR_USD,H1,2025-08-26T13:00:00.000000000Z,1.16463,1.16566,1.16371,1.16512,10221
EUR_USD,H1,2025-08-26T14:00:00.000000000Z,1.1651,1.16654,1.16436,1.16547,10425
EUR_USD,H1,2025-08-26T15:00:00.000000000Z,1.16548,1.1664,1.16488,1.16556,7494
EUR_USD,H1,2025-08-26T16:00:00.000000000Z,1.16558,1.16616,1.16486,1.16488,4619
EUR_USD,H1,2025-08-26T17:00:00.000000000Z,1.16488,1.16529,1.16376,1.16378,4482
EUR_USD,H1,2025-08-26T18:00:00.000000000Z,1.16378,1.16475,1.16336,1.16436,4211
EUR_USD,H1,2025-08-26T19:00:00.000000000Z,1.16437,1.16487,1.16396,1.16406,3573
EUR_USD,H1,2025-08-26T20:00:00.000000000Z,1.16405,1.16432,1.16335,1.16408,2404
EUR_USD,H1,2025-08-26T21:00:00.000000000Z,1.16457,1.16477,1.16435,1.16452,1273
EUR_USD,H1,2025-08-26T22:00:00.000000000Z,1.16452,1.1648,1.1641,1.16432,1094
EUR_USD,H1,2025-08-26T23:00:00.000000000Z,1.16431,1.1644,1.1637,1.16371,1454
EUR_USD,H1,2025-08-27T00:00:00.000000000Z,1.16373,1.16418,1.16337,1.1637,3510
EUR_USD,H1,2025-08-27T01:00:00.000000000Z,1.1637,1.16408,1.16307,1.16339,4036
EUR_USD,H1,2025-08-27T02:00:00.000000000Z,1.16338,1.16343,1.16248,1.16314,2658
EUR_USD,H1,2025-08-27T03:00:00.000000000Z,1.16314,1.1633,1.16218,1.16252,2253
EUR_USD,H1,2025-08-27T04:00:00.000000000Z,1.16254,1.16254,1.16122,1.16143,2698
EUR_USD,H1,2025-08-27T05:00:00.000000000Z,1.1614,1.16206,1.16136,1.16204,2872
EUR_USD,H1,2025-08-27T06:00:00.000000000Z,1.16203,1.16239,1.16146,1.1621,5056
EUR_USD,H1,2025-08-27T07:00:00.000000000Z,1.16211,1.1622,1.15962,1.16035,6588
EUR_USD,H1,2025-08-27T08:00:00.000000000Z,1.16032,1.16037,1.1577,1.15888,7943
EUR_USD,H1,2025-08-27T09:00:00.000000000Z,1.15888,1.1595,1.15864,1.15902,5130
EUR_USD,H1,2025-08-27T10:00:00.000000000Z,1.15902,1.15926,1.15789,1.15795,4488
EUR_USD,H1,2025-08-27T11:00:00.000000000Z,1.15792,1.15899,1.1574,1.1586,5723
EUR_USD,H1,2025-08-27T12:00:00.000000000Z,1.15862,1.15984,1.15846,1.15865,7943
EUR_USD,H1,2025-08-27T13:00:00.000000000Z,1.15864,1.16039,1.15844,1.1598,8748
EUR_USD,H1,2025-08-27T14:00:00.000000000Z,1.15978,1.16029,1.15822,1.15924,9959
EUR_USD,H1,2025-08-27T15:00:00.000000000Z,1.15924,1.16123,1.15922,1.16108,7645
EUR_USD,H1,2025-08-27T16:00:00.000000000Z,1.16106,1.16409,1.16106,1.16382,6457
EUR_USD,H1,2025-08-27T17:00:00.000000000Z,1.16382,1.16429,1.16326,1.16378,5041
EUR_USD,H1,2025-08-27T18:00:00.000000000Z,1.16376,1.16382,1.1628,1.16307,3957
EUR_USD,H1,2025-08-27T19:00:00.000000000Z,1.16306,1.16352,1.16292,1.16338,2979
EUR_USD,H1,2025-08-27T20:00:00.000000000Z,1.16338,1.16384,1.16316,1.16376,2214
EUR_USD,H1,2025-08-27T21:00:00.000000000Z,1.16376,1.1639,1.16364,1.16372,433
EUR_USD,H1,2025-08-27T22:00:00.000000000Z,1.16372,1.1644,1.16372,1.16434,1324
EUR_USD,H1,2025-08-27T23:00:00.000000000Z,1.16435,1.16478,1.16426,1.16476,1562
EUR_USD,H1,2025-08-28T00:00:00.000000000Z,1.16476,1.16495,1.16426,1.16457,3014
EUR_USD,H1,2025-08-28T01:00:00.000000000Z,1.16458,1.16506,1.16414,1.16453,3776
EUR_USD,H1,2025-08-28T02:00:00.000000000Z,1.16454,1.16548,1.16448,1.16527,3044
EUR_USD,H1,2025-08-28T03:00:00.000000000Z,1.16528,1.16544,1.16423,1.1643,2107
EUR_USD,H1,2025-08-28T04:00:00.000000000Z,1.1643,1.16441,1.16388,1.16398,1785
EUR_USD,H1,2025-08-28T05:00:00.000000000Z,1.16399,1.16408,1.16359,1.16375,2267
EUR_USD,H1,2025-08-28T06:00:00.000000000Z,1.16376,1.16452,1.16339,1.1643,5434
EUR_USD,H1,2025-08-28T07:00:00.000000000Z,1.16431,1.16498,1.16339,1.16438,6899
EUR_USD,H1,2025-08-28T08:00:00.000000000Z,1.16438,1.16456,1.1629,1.16424,6406
EUR_USD,H1,2025-08-28T09:00:00.000000000Z,1.16426,1.16546,1.16426,1.16488,4803
EUR_USD,H1,2025-08-28T10:00:00.000000000Z,1.16487,1.1675,1.16482,1.16716,5501
EUR_USD,H1,2025-08-28T11:00:00.000000000Z,1.16712,1.16736,1.16594,1.16667,5595
EUR_USD,H1,2025-08-28T12:00:00.000000000Z,1.16668,1.16873,1.16625,1.16696,13038
EUR_USD,H1,2025-08-28T13:00:00.000000000Z,1.16696,1.16773,1.16586,1.16723,11394
EUR_USD,H1,2025-08-28T14:00:00.000000000Z,1.16724,1.16863,1.16662,1.16704,10841
EUR_USD,H1,2025-08-28T15:00:00.000000000Z,1.16705,1.16755,1.16612,1.16722,7522
EUR_USD,H1,2025-08-28T16:00:00.000000000Z,1.16721,1.16902,1.16718,1.16895,4371
EUR_USD,H1,2025-08-28T17:00:00.000000000Z,1.16894,1.16975,1.16868,1.1688,4300
EUR_USD,H1,2025-08-28T18:00:00.000000000Z,1.1688,1.16904,1.16848,1.1689,3148
EUR_USD,H1,2025-08-28T19:00:00.000000000Z,1.16891,1.16902,1.16822,1.16826,2319
EUR_USD,H1,2025-08-28T20:00:00.000000000Z,1.16826,1.16834,1.16779,1.16825,1791
EUR_USD,H1,2025-08-28T21:00:00.000000000Z,1.16824,1.16828,1.16775,1.16794,1144
EUR_USD,H1,2025-08-28T22:00:00.000000000Z,1.16788,1.16808,1.16734,1.16742,1950
EUR_USD,H1,2025-08-28T23:00:00.000000000Z,1.16741,1.1682,1.16738,1.16786,1391
EUR_USD,H1,2025-08-29T00:00:00.000000000Z,1.16788,1.16822,1.16726,1.16748,3849
EUR_USD,H1,2025-08-29T01:00:00.000000000Z,1.16748,1.16764,1.16561,1.16588,5075
EUR_USD,H1,2025-08-29T02:00:00.000000000Z,1.16588,1.16652,1.16588,1.16622,3645
EUR_USD,H1,2025-08-29T03:00:00.000000000Z,1.16622,1.16648,1.16601,1.16626,2479
EUR_USD,H1,2025-08-29T04:00:00.000000000Z,1.16628,1.1665,1.16586,1.16648,1995
EUR_USD,H1,2025-08-29T05:00:00.000000000Z,1.16649,1.16703,1.16616,1.16699,2870
EUR_USD,H1,2025-08-29T06:00:00.000000000Z,1.16696,1.16706,1.16612,1.16672,5075
EUR_USD,H1,2025-08-29T07:00:00.000000000Z,1.16668,1.16772,1.16628,1.1676,6470
EUR_USD,H1,2025-08-29T08:00:00.000000000Z,1.16762,1.16904,1.16698,1.16758,7283
EUR_USD,H1,2025-08-29T09:00:00.000000000Z,1.1676,1.16828,1.1669,1.1673,5341
EUR_USD,H1,2025-08-29T10:00:00.000000000Z,1.1673,1.16746,1.1665,1.16677,4376
EUR_USD,H1,2025-08-29T11:00:00.000000000Z,1.16679,1.16683,1.16612,1.16632,4632
EUR_USD,H1,2025-08-29T12:00:00.000000000Z,1.1663,1.16642,1.16508,1.16587,9392
EUR_USD,H1,2025-08-29T13:00:00.000000000Z,1.16586,1.16731,1.16536,1.16686,9508
EUR_USD,H1,2025-08-29T14:00:00.000000000Z,1.16688,1.17052,1.16688,1.17044,13976
EUR_USD,H1,2025-08-29T15:00:00.000000000Z,1.17044,1.1709,1.16944,1.16944,9179
EUR_USD,H1,2025-08-29T16:00:00.000000000Z,1.16944,1.17073,1.16936,1.17017,5999
EUR_USD,H1,2025-08-29T17:00:00.000000000Z,1.17017,1.1703,1.16962,1.16964,3524
EUR_USD,H1,2025-08-29T18:00:00.000000000Z,1.16965,1.16995,1.16934,1.16986,2731
EUR_USD,H1,2025-08-29T19:00:00.000000000Z,1.16985,1.16996,1.1693,1.16982,2686
EUR_USD,H1,2025-08-29T20:00:00.000000000Z,1.16985,1.17007,1.16811,1.16858,2601
EUR_USD,H1,2025-08-31T21:00:00.000000000Z,1.1696,1.16976,1.16874,1.16892,733
EUR_USD,H1,2025-08-31T22:00:00.000000000Z,1.16894,1.1691,1.16868,1.16888,1098
EUR_USD,H1,2025-08-31T23:00:00.000000000Z,1.16889,1.16904,1.1687,1.16902,1191
EUR_USD,H1,2025-09-01T00:00:00.000000000Z,1.16902,1.16982,1.16898,1.16972,2796
EUR_USD,H1,2025-09-01T01:00:00.000000000Z,1.16974,1.16974,1.16881,1.16948,3775
EUR_USD,H1,2025-09-01T02:00:00.000000000Z,1.16949,1.17139,1.16948,1.17119,4390
EUR_USD,H1,2025-09-01T03:00:00.000000000Z,1.17121,1.17146,1.17046,1.17084,2960
EUR_USD,H1,2025-09-01T04:00:00.000000000Z,1.17084,1.17102,1.17046,1.17084,1935
EUR_USD,H1,2025-09-01T05:00:00.000000000Z,1.17084,1.17155,1.17081,1.17144,2701
EUR_USD,H1,2025-09-01T06:00:00.000000000Z,1.17145,1.17335,1.17134,1.17252,6509
EUR_USD,H1,2025-09-01T07:00:00.000000000Z,1.17252,1.17279,1.17152,1.17256,6376
EUR_USD,H1,2025-09-01T08:00:00.000000000Z,1.17253,1.17365,1.17161,1.17352,6200
EUR_USD,H1,2025-09-01T09:00:00.000000000Z,1.17353,1.17363,1.17186,1.17195,5516
EUR_USD,H1,2025-09-01T10:00:00.000000000Z,1.17195,1.17264,1.17181,1.17196,4106
EUR_USD,H1,2025-09-01T11:00:00.000000000Z,1.17196,1.17294,1.1713,1.17144,5101
EUR_USD,H1,2025-09-01T12:00:00.000000000Z,1.17144,1.1718,1.17064,1.17075,5150
EUR_USD,H1,2025-09-01T13:00:00.000000000Z,1.17075,1.17163,1.17051,1.17078,5683
EUR_USD,H1,2025-09-01T14:00:00.000000000Z,1.17078,1.17145,1.17056,1.17109,5726
EUR_USD,H1,2025-09-01T15:00:00.000000000Z,1.17106,1.17117,1.16994,1.16996,3768
EUR_USD,H1,2025-09-01T16:00:00.000000000Z,1.16996,1.17048,1.16966,1.17048,2378
EUR_USD,H1,2025-09-01T17:00:00.000000000Z,1.17048,1.17053,1.17014,1.17042,1274
EUR_USD,H1,2025-09-01T18:00:00.000000000Z,1.17043,1.17077,1.1704,1.17076,938
EUR_USD,H1,2025-09-01T19:00:00.000000000Z,1.17076,1.1714,1.17076,1.1713,1316
EUR_USD,H1,2025-09-01T20:00:00.000000000Z,1.17129,1.17136,1.17108,1.17114,1075
EUR_USD,H1,2025-09-01T21:00:00.000000000Z,1.17094,1.17104,1.1708,1.17088,843
EUR_USD,H1,2025-09-01T22:00:00.000000000Z,1.1709,1.17136,1.17081,1.17112,812
EUR_USD,H1,2025-09-01T23:00:00.000000000Z,1.17114,1.17183,1.1711,1.1715,1210
EUR_USD,H1,2025-09-02T00:00:00.000000000Z,1.1715,1.17159,1.17032,1.17046,4511
EUR_USD,H1,2025-09-02T01:00:00.000000000Z,1.17045,1.17071,1.16995,1.17037,6277
EUR_USD,H1,2025-09-02T02:00:00.000000000Z,1.17038,1.17043,1.16922,1.16985,4323
EUR_USD,H1,2025-09-02T03:00:00.000000000Z,1.16982,1.16994,1.1693,1.16952,3235
EUR_USD,H1,2025-09-02T04:00:00.000000000Z,1.16952,1.16961,1.16896,1.16934,2634
EUR_USD,H1,2025-09-02T05:00:00.000000000Z,1.16934,1.16972,1.16873,1.16944,3477
EUR_USD,H1,2025-09-02T06:00:00.000000000Z,1.16946,1.17066,1.16946,1.1703,5869
EUR_USD,H1,2025-09-02T07:00:00.000000000Z,1.17031,1.17066,1.1643,1.16462,16485
EUR_USD,H1,2025-09-02T08:00:00.000000000Z,1.16466,1.16558,1.16338,1.1645,15748
EUR_USD,H1,2025-09-02T09:00:00.000000000Z,1.16452,1.16484,1.1624,1.16376,11277
EUR_USD,H1,2025-09-02T10:00:00.000000000Z,1.16377,1.1642,1.16268,1.1632,8806
EUR_USD,H1,2025-09-02T11:00:00.000000000Z,1.16318,1.16498,1.1628,1.16466,9379
EUR_USD,H1,2025-09-02T12:00:00.000000000Z,1.16468,1.16532,1.1613,1.16172,13534
EUR_USD,H1,2025-09-02T13:00:00.000000000Z,1.16172,1.16514,1.1615,1.165,13097
EUR_USD,H1,2025-09-02T14:00:00.000000000Z,1.16504,1.16826,1.16504,1.16624,17221
EUR_USD,H1,2025-09-02T15:00:00.000000000Z,1.16626,1.16685,1.16494,1.16526,9917
EUR_USD,H1,2025-09-02T16:00:00.000000000Z,1.16528,1.16548,1.1643,1.1644,5575
EUR_USD,H1,2025-09-02T17:00:00.000000000Z,1.1644,1.16484,1.16414,1.16424,3834
EUR_USD,H1,2025-09-02T18:00:00.000000000Z,1.16423,1.16436,1.16297,1.16334,4819
EUR_USD,H1,2025-09-02T19:00:00.000000000Z,1.16336,1.16414,1.1632,1.16414,3132
EUR_USD,H1,2025-09-02T20:00:00.000000000Z,1.16416,1.16436,1.16388,1.16423,1763
EUR_USD,H1,2025-09-02T21:00:00.000000000Z,1.16422,1.16455,1.16395,1.16419,750
EUR_USD,H1,2025-09-02T22:00:00.000000000Z,1.16418,1.16443,1.16366,1.1637,877
EUR_USD,H1,2025-09-02T23:00:00.000000000Z,1.16372,1.1638,1.16327,1.1633,1298
EUR_USD,H1,2025-09-03T00:00:00.000000000Z,1.16328,1.16364,1.16289,1.1633,3481
EUR_USD,H1,2025-09-03T01:00:00.000000000Z,1.16331,1.16354,1.16265,1.16304,4618
EUR_USD,H1,2025-09-03T02:00:00.000000000Z,1.16304,1.16355,1.16248,1.16273,3528
EUR_USD,H1,2025-09-03T03:00:00.000000000Z,1.16274,1.16304,1.1623,1.16234,2952
EUR_USD,H1,2025-09-03T04:00:00.000000000Z,1.16235,1.16318,1.1622,1.16318,2543
EUR_USD,H1,2025-09-03T05:00:00.000000000Z,1.16317,1.16348,1.16265,1.163,3013
EUR_USD,H1,2025-09-03T06:00:00.000000000Z,1.163,1.1643,1.16285,1.1633,5609
EUR_USD,H1,2025-09-03T07:00:00.000000000Z,1.1633,1.16361,1.16082,1.16358,10248
EUR_USD,H1,2025-09-03T08:00:00.000000000Z,1.16358,1.16578,1.16356,1.16566,8435
EUR_USD,H1,2025-09-03T09:00:00.000000000Z,1.16566,1.1665,1.16518,1.16564,6772
EUR_USD,H1,2025-09-03T10:00:00.000000000Z,1.16564,1.16578,1.16397,1.16436,5758
EUR_USD,H1,2025-09-03T11:00:00.000000000Z,1.16436,1.16547,1.164,1.16516,5749
EUR_USD,H1,2025-09-03T12:00:00.000000000Z,1.16515,1.1659,1.16446,1.16482,7959
EUR_USD,H1,2025-09-03T13:00:00.000000000Z,1.16484,1.16542,1.16386,1.16511,11452
EUR_USD,H1,2025-09-03T14:00:00.000000000Z,1.1651,1.16805,1.16506,1.16637,16301
EUR_USD,H1,2025-09-03T15:00:00.000000000Z,1.16638,1.16822,1.16631,1.1675,8384
EUR_USD,H1,2025-09-03T16:00:00.000000000Z,1.16752,1.16776,1.16667,1.16753,4738
EUR_USD,H1,2025-09-03T17:00:00.000000000Z,1.16754,1.16772,1.16588,1.16611,4143
EUR_USD,H1,2025-09-03T18:00:00.000000000Z,1.1661,1.16679,1.16582,1.16618,4245
EUR_USD,H1,2025-09-03T19:00:00.000000000Z,1.16618,1.16628,1.16558,1.16584,2782
EUR_USD,H1,2025-09-03T20:00:00.000000000Z,1.16583,1.16647,1.16558,1.16612,1737
EUR_USD,H1,2025-09-03T21:00:00.000000000Z,1.16618,1.1663,1.16596,1.16612,1787
EUR_USD,H1,2025-09-03T22:00:00.000000000Z,1.16613,1.16634,1.16596,1.16603,760
EUR_USD,H1,2025-09-03T23:00:00.000000000Z,1.16604,1.16624,1.16568,1.16611,1305
EUR_USD,H1,2025-09-04T00:00:00.000000000Z,1.16613,1.16624,1.16548,1.16588,4498
EUR_USD,H1,2025-09-04T01:00:00.000000000Z,1.16588,1.16696,1.16524,1.16584,4762
EUR_USD,H1,2025-09-04T02:00:00.000000000Z,1.16583,1.16589,1.1651,1.1653,3720
EUR_USD,H1,2025-09-04T03:00:00.000000000Z,1.16531,1.16558,1.16504,1.16532,2591
EUR_USD,H1,2025-09-04T04:00:00.000000000Z,1.1653,1.1655,1.16506,1.16518,2170
EUR_USD,H1,2025-09-04T05:00:00.000000000Z,1.16516,1.16557,1.16484,1.16554,2775
EUR_USD,H1,2025-09-04T06:00:00.000000000Z,1.16555,1.16614,1.165,1.1652,5480
EUR_USD,H1,2025-09-04T07:00:00.000000000Z,1.16518,1.16586,1.1644,1.16507,6642
EUR_USD,H1,2025-09-04T08:00:00.000000000Z,1.16506,1.16594,1.16482,1.16578,6334
EUR_USD,H1,2025-09-04T09:00:00.000000000Z,1.16576,1.16598,1.16396,1.16432,6345
EUR_USD,H1,2025-09-04T10:00:00.000000000Z,1.16433,1.16598,1.1643,1.16528,5650
EUR_USD,H1,2025-09-04T11:00:00.000000000Z,1.16524,1.1653,1.16393,1.16428,5297
EUR_USD,H1,2025-09-04T12:00:00.000000000Z,1.1643,1.1659,1.163,1.16458,12435
EUR_USD,H1,2025-09-04T13:00:00.000000000Z,1.16458,1.16558,1.16374,1.16492,10324
EUR_USD,H1,2025-09-04T14:00:00.000000000Z,1.16454,1.16517,1.16317,1.16347,13451
EUR_USD,H1,2025-09-04T15:00:00.000000000Z,1.16348,1.165,1.16314,1.16477,6102
EUR_USD,H1,2025-09-04T16:00:00.000000000Z,1.16478,1.16483,1.16339,1.16395,4265
EUR_USD,H1,2025-09-04T17:00:00.000000000Z,1.16395,1.16402,1.16345,1.16375,3379
EUR_USD,H1,2025-09-04T18:00:00.000000000Z,1.16375,1.16478,1.16367,1.16438,3115
EUR_USD,H1,2025-09-04T19:00:00.000000000Z,1.1644,1.1652,1.1644,1.1651,2537
EUR_USD,H1,2025-09-04T20:00:00.000000000Z,1.16509,1.16525,1.16484,1.16507,1395
EUR_USD,H1,2025-09-04T21:00:00.000000000Z,1.16494,1.16504,1.1648,1.16496,638
EUR_USD,H1,2025-09-04T22:00:00.000000000Z,1.1649,1.16534,1.16489,1.1649,747
EUR_USD,H1,2025-09-04T23:00:00.000000000Z,1.16491,1.1658,1.16488,1.16568,1669
EUR_USD,H1,2025-09-05T00:00:00.000000000Z,1.16569,1.1661,1.16524,1.16598,4559
EUR_USD,H1,2025-09-05T01:00:00.000000000Z,1.16598,1.1672,1.16597,1.16707,4059
EUR_USD,H1,2025-09-05T02:00:00.000000000Z,1.16708,1.16746,1.16682,1.16682,2680
EUR_USD,H1,2025-09-05T03:00:00.000000000Z,1.16683,1.16732,1.16661,1.16712,2446
EUR_USD,H1,2025-09-05T04:00:00.000000000Z,1.16713,1.16719,1.1665,1.16669,2035
EUR_USD,H1,2025-09-05T05:00:00.000000000Z,1.1667,1.16778,1.16666,1.16769,2515
EUR_USD,H1,2025-09-05T06:00:00.000000000Z,1.16769,1.16776,1.1665,1.16692,5617
EUR_USD,H1,2025-09-05T07:00:00.000000000Z,1.16694,1.16789,1.16664,1.1678,6408
EUR_USD,H1,2025-09-05T08:00:00.000000000Z,1.16778,1.16846,1.16752,1.16834,4331
EUR_USD,H1,2025-09-05T09:00:00.000000000Z,1.16834,1.16924,1.16814,1.16879,4174
EUR_USD,H1,2025-09-05T10:00:00.000000000Z,1.1688,1.16968,1.16868,1.16914,4097
EUR_USD,H1,2025-09-05T11:00:00.000000000Z,1.16913,1.16916,1.16779,1.16873,5746
EUR_USD,H1,2025-09-05T12:00:00.000000000Z,1.16874,1.17506,1.16862,1.17344,27642
EUR_USD,H1,2025-09-05T13:00:00.000000000Z,1.17344,1.17504,1.1714,1.17489,22597
EUR_USD,H1,2025-09-05T14:00:00.000000000Z,1.1749,1.17595,1.17232,1.17366,17846
EUR_USD,H1,2025-09-05T15:00:00.000000000Z,1.17367,1.17595,1.17348,1.17584,10115
EUR_USD,H1,2025-09-05T16:00:00.000000000Z,1.17584,1.17596,1.17366,1.1739,6362
EUR_USD,H1,2025-09-05T17:00:00.000000000Z,1.1739,1.17393,1.17248,1.1726,5868
EUR_USD,H1,2025-09-05T18:00:00.000000000Z,1.17259,1.17264,1.17146,1.17172,4189
EUR_USD,H1,2025-09-05T19:00:00.000000000Z,1.1717,1.17232,1.17131,1.1718,3056
EUR_USD,H1,2025-09-05T20:00:00.000000000Z,1.17178,1.1722,1.1715,1.1718,2060
EUR_USD,H1,2025-09-07T21:00:00.000000000Z,1.1714,1.17198,1.17124,1.17189,356
EUR_USD,H1,2025-09-07T22:00:00.000000000Z,1.17188,1.17226,1.17036,1.1706,3079
EUR_USD,H1,2025-09-07T23:00:00.000000000Z,1.17063,1.1716,1.1706,1.17122,2990
EUR_USD,H1,2025-09-08T00:00:00.000000000Z,1.17124,1.17132,1.17049,1.17131,5993
EUR_USD,H1,2025-09-08T01:00:00.000000000Z,1.17132,1.17176,1.17076,1.1713,6656
EUR_USD,H1,2025-09-08T02:00:00.000000000Z,1.1713,1.17164,1.17104,1.1715,5790
EUR_USD,H1,2025-09-08T03:00:00.000000000Z,1.17149,1.17158,1.17083,1.17096,4002
EUR_USD,H1,2025-09-08T04:00:00.000000000Z,1.17094,1.17144,1.17062,1.17131,2735
EUR_USD,H1,2025-09-08T05:00:00.000000000Z,1.1713,1.17211,1.17122,1.17152,3391
EUR_USD,H1,2025-09-08T06:00:00.000000000Z,1.17152,1.17278,1.17118,1.1727,7356
EUR_USD,H1,2025-09-08T07:00:00.000000000Z,1.1727,1.1734,1.17205,1.1733,7312
EUR_USD,H1,2025-09-08T08:00:00.000000000Z,1.17328,1.1743,1.1726,1.17314,6882
EUR_USD,H1,2025-09-08T09:00:00.000000000Z,1.17313,1.17316,1.17208,1.17237,4572
EUR_USD,H1,2025-09-08T10:00:00.000000000Z,1.17236,1.17288,1.172,1.1726,4629
EUR_USD,H1,2025-09-08T11:00:00.000000000Z,1.17258,1.17319,1.17246,1.17291,4548
EUR_USD,H1,2025-09-08T12:00:00.000000000Z,1.17289,1.17416,1.17229,1.17377,7997
EUR_USD,H1,2025-09-08T13:00:00.000000000Z,1.17376,1.17564,1.17364,1.17513,9480
EUR_USD,H1,2025-09-08T14:00:00.000000000Z,1.17512,1.17547,1.17399,1.17454,9363
EUR_USD,H1,2025-09-08T15:00:00.000000000Z,1.17456,1.17523,1.17431,1.17504,6617
EUR_USD,H1,2025-09-08T16:00:00.000000000Z,1.17501,1.1752,1.17351,1.17406,4687
EUR_USD,H1,2025-09-08T17:00:00.000000000Z,1.17407,1.1747,1.1735,1.17396,4026
EUR_USD,H1,2025-09-08T18:00:00.000000000Z,1.17396,1.17628,1.17396,1.17612,3882
EUR_USD,H1,2025-09-08T19:00:00.000000000Z,1.17612,1.17658,1.17594,1.17626,3316
EUR_USD,H1,2025-09-08T20:00:00.000000000Z,1.17624,1.17638,1.17594,1.17633,2131
EUR_USD,H1,2025-09-08T21:00:00.000000000Z,1.17619,1.17628,1.17586,1.17612,912
EUR_USD,H1,2025-09-08T22:00:00.000000000Z,1.17616,1.17652,1.17612,1.17622,1206
EUR_USD,H1,2025-09-08T23:00:00.000000000Z,1.17623,1.17728,1.17623,1.17686,2130
EUR_USD,H1,2025-09-09T00:00:00.000000000Z,1.17686,1.17745,1.17656,1.17715,3306
EUR_USD,H1,2025-09-09T01:00:00.000000000Z,1.17714,1.1778,1.1766,1.17752,3506
EUR_USD,H1,2025-09-09T02:00:00.000000000Z,1.17751,1.17769,1.1768,1.1769,3000
EUR_USD,H1,2025-09-09T03:00:00.000000000Z,1.1769,1.177,1.17634,1.1764,2158
EUR_USD,H1,2025-09-09T04:00:00.000000000Z,1.1764,1.1776,1.17638,1.17728,2540
EUR_USD,H1,2025-09-09T05:00:00.000000000Z,1.17728,1.17801,1.17713,1.17788,3676
EUR_USD,H1,2025-09-09T06:00:00.000000000Z,1.17788,1.17799,1.17563,1.1765,7293
EUR_USD,H1,2025-09-09T07:00:00.000000000Z,1.17649,1.17686,1.17478,1.17526,8574
EUR_USD,H1,2025-09-09T08:00:00.000000000Z,1.17526,1.17624,1.17442,1.17595,11915
EUR_USD,H1,2025-09-09T09:00:00.000000000Z,1.17596,1.17724,1.17594,1.17676,7592
EUR_USD,H1,2025-09-09T10:00:00.000000000Z,1.17674,1.17712,1.17526,1.17542,6176
EUR_USD,H1,2025-09-09T11:00:00.000000000Z,1.17541,1.17546,1.17412,1.17421,5120
EUR_USD,H1,2025-09-09T12:00:00.000000000Z,1.1742,1.1745,1.17277,1.17376,7930
EUR_USD,H1,2025-09-09T13:00:00.000000000Z,1.17374,1.17488,1.1734,1.1742,9659
EUR_USD,H1,2025-09-09T14:00:00.000000000Z,1.17421,1.17628,1.17226,1.17308,22999
EUR_USD,H1,2025-09-09T15:00:00.000000000Z,1.17308,1.17318,1.17156,1.17222,9687
EUR_USD,H1,2025-09-09T16:00:00.000000000Z,1.17222,1.17298,1.17188,1.17189,5884
EUR_USD,H1,2025-09-09T17:00:00.000000000Z,1.1719,1.17236,1.17084,1.17094,6022
EUR_USD,H1,2025-09-09T18:00:00.000000000Z,1.17097,1.17146,1.17043,1.17064,4898
EUR_USD,H1,2025-09-09T19:00:00.000000000Z,1.17064,1.17091,1.17039,1.17066,3161
EUR_USD,H1,2025-09-09T20:00:00.000000000Z,1.17067,1.17116,1.17044,1.1711,2139
EUR_USD,H1,2025-09-09T21:00:00.000000000Z,1.17096,1.17122,1.17068,1.17121,1569
EUR_USD,H1,2025-09-09T22:00:00.000000000Z,1.1712,1.1714,1.17088,1.1712,875
EUR_USD,H1,2025-09-09T23:00:00.000000000Z,1.17118,1.17122,1.16974,1.17024,2480
EUR_USD,H1,2025-09-10T00:00:00.000000000Z,1.17023,1.17024,1.16962,1.1697,4496
EUR_USD,H1,2025-09-10T01:00:00.000000000Z,1.16971,1.17028,1.16892,1.16996,6747
EUR_USD,H1,2025-09-10T02:00:00.000000000Z,1.16996,1.17084,1.16994,1.17072,4741
EUR_USD,H1,2025-09-10T03:00:00.000000000Z,1.17073,1.17102,1.17068,1.17082,3027
EUR_USD,H1,2025-09-10T04:00:00.000000000Z,1.17084,1.17157,1.17076,1.17151,2657
EUR_USD,H1,2025-09-10T05:00:00.000000000Z,1.1715,1.1716,1.17052,1.17086,3932
EUR_USD,H1,2025-09-10T06:00:00.000000000Z,1.17085,1.17186,1.16916,1.16981,7761
EUR_USD,H1,2025-09-10T07:00:00.000000000Z,1.16979,1.17079,1.16825,1.17028,10114
EUR_USD,H1,2025-09-10T08:00:00.000000000Z,1.17028,1.17038,1.16911,1.17,7245
EUR_USD,H1,2025-09-10T09:00:00.000000000Z,1.16999,1.17172,1.16984,1.17134,5946
EUR_USD,H1,2025-09-10T10:00:00.000000000Z,1.17131,1.17146,1.16963,1.17004,5077
EUR_USD,H1,2025-09-10T11:00:00.000000000Z,1.17002,1.1707,1.16954,1.17046,5590
EUR_USD,H1,2025-09-10T12:00:00.000000000Z,1.17047,1.17276,1.16912,1.17005,18933
EUR_USD,H1,2025-09-10T13:00:00.000000000Z,1.17006,1.17246,1.1696,1.17201,14464
EUR_USD,H1,2025-09-10T14:00:00.000000000Z,1.172,1.1731,1.1715,1.17278,12239
EUR_USD,H1,2025-09-10T15:00:00.000000000Z,1.17278,1.17301,1.17132,1.17146,6998
EUR_USD,H1,2025-09-10T16:00:00.000000000Z,1.17144,1.17162,1.17028,1.17056,5005
EUR_USD,H1,2025-09-10T17:00:00.000000000Z,1.17056,1.17112,1.17018,1.1706,4276
EUR_USD,H1,2025-09-10T18:00:00.000000000Z,1.17058,1.17122,1.17026,1.17046,4007
EUR_USD,H1,2025-09-10T19:00:00.000000000Z,1.17047,1.17047,1.16935,1.17002,3044
EUR_USD,H1,2025-09-10T20:00:00.000000000Z,1.17002,1.17014,1.16939,1.16939,1948
EUR_USD,H1,2025-09-10T21:00:00.000000000Z,1.16954,1.17006,1.16951,1.16996,1411
EUR_USD,H1,2025-09-10T22:00:00.000000000Z,1.16998,1.17034,1.16986,1.17032,1116
EUR_USD,H1,2025-09-10T23:00:00.000000000Z,1.17032,1.17068,1.17012,1.17026,1151
EUR_USD,H1,2025-09-11T00:00:00.000000000Z,1.17026,1.17027,1.16936,1.1694,2998
EUR_USD,H1,2025-09-11T01:00:00.000000000Z,1.16938,1.17028,1.1693,1.16974,3156
EUR_USD,H1,2025-09-11T02:00:00.000000000Z,1.16972,1.16989,1.16936,1.16967,2361
EUR_USD,H1,2025-09-11T03:00:00.000000000Z,1.16964,1.17004,1.16948,1.16959,2043
EUR_USD,H1,2025-09-11T04:00:00.000000000Z,1.16958,1.16995,1.16942,1.16994,1601
EUR_USD,H1,2025-09-11T05:00:00.000000000Z,1.16996,1.16996,1.16892,1.169,3189
EUR_USD,H1,2025-09-11T06:00:00.000000000Z,1.169,1.16968,1.16838,1.16908,7614
EUR_USD,H1,2025-09-11T07:00:00.000000000Z,1.16907,1.16964,1.16868,1.16926,8613
EUR_USD,H1,2025-09-11T08:00:00.000000000Z,1.16926,1.16954,1.16886,1.16921,6011
EUR_USD,H1,2025-09-11T09:00:00.000000000Z,1.1692,1.16932,1.16774,1.16859,6395
EUR_USD,H1,2025-09-11T10:00:00.000000000Z,1.16858,1.16885,1.16801,1.16832,5787
EUR_USD,H1,2025-09-11T11:00:00.000000000Z,1.16832,1.16912,1.16781,1.16838,6670
EUR_USD,H1,2025-09-11T12:00:00.000000000Z,1.16839,1.1721,1.16606,1.17152,28391
EUR_USD,H1,2025-09-11T13:00:00.000000000Z,1.17152,1.1741,1.1714,1.17392,22796
EUR_USD,H1,2025-09-11T14:00:00.000000000Z,1.17392,1.17444,1.17256,1.1728,13457
EUR_USD,H1,2025-09-11T15:00:00.000000000Z,1.17279,1.17461,1.17262,1.17314,8612
EUR_USD,H1,2025-09-11T16:00:00.000000000Z,1.17315,1.17399,1.17306,1.17365,5795
EUR_USD,H1,2025-09-11T17:00:00.000000000Z,1.17366,1.17392,1.17278,1.17317,5597
EUR_USD,H1,2025-09-11T18:00:00.000000000Z,1.17316,1.17384,1.17306,1.17356,3560
EUR_USD,H1,2025-09-11T19:00:00.000000000Z,1.17356,1.1739,1.17337,1.17368,3030
EUR_USD,H1,2025-09-11T20:00:00.000000000Z,1.17368,1.17398,1.17354,1.17355,2703
EUR_USD,H1,2025-09-11T21:00:00.000000000Z,1.17333,1.17361,1.17333,1.1735,1165
EUR_USD,H1,2025-09-11T22:00:00.000000000Z,1.17352,1.17406,1.17352,1.1739,1144
EUR_USD,H1,2025-09-11T23:00:00.000000000Z,1.17392,1.17402,1.1733,1.17332,1946
EUR_USD,H1,2025-09-12T00:00:00.000000000Z,1.17332,1.17344,1.17273,1.1733,4669
EUR_USD,H1,2025-09-12T01:00:00.000000000Z,1.17331,1.17345,1.17254,1.17256,3776
EUR_USD,H1,2025-09-12T02:00:00.000000000Z,1.17258,1.17292,1.17238,1.17268,2913
EUR_USD,H1,2025-09-12T03:00:00.000000000Z,1.17268,1.17273,1.17229,1.17252,2669
EUR_USD,H1,2025-09-12T04:00:00.000000000Z,1.17252,1.17272,1.1721,1.17257,2704
EUR_USD,H1,2025-09-12T05:00:00.000000000Z,1.17258,1.17336,1.17242,1.17307,2674
EUR_USD,H1,2025-09-12T06:00:00.000000000Z,1.17308,1.17404,1.17221,1.17396,6270
EUR_USD,H1,2025-09-12T07:00:00.000000000Z,1.17397,1.17478,1.17371,1.17408,7488
EUR_USD,H1,2025-09-12T08:00:00.000000000Z,1.17406,1.17412,1.17158,1.17174,8222
EUR_USD,H1,2025-09-12T09:00:00.000000000Z,1.17174,1.17254,1.17126,1.17222,6718
EUR_USD,H1,2025-09-12T10:00:00.000000000Z,1.17222,1.17349,1.1722,1.17341,5118
EUR_USD,H1,2025-09-12T11:00:00.000000000Z,1.17339,1.17359,1.17208,1.17213,6013
EUR_USD,H1,2025-09-12T12:00:00.000000000Z,1.17214,1.1723,1.1701,1.17123,10914
EUR_USD,H1,2025-09-12T13:00:00.000000000Z,1.17124,1.17166,1.17034,1.1713,9406
EUR_USD,H1,2025-09-12T14:00:00.000000000Z,1.17129,1.17283,1.17124,1.1725,11696
EUR_USD,H1,2025-09-12T15:00:00.000000000Z,1.17251,1.17278,1.17134,1.1714,6812
EUR_USD,H1,2025-09-12T16:00:00.000000000Z,1.1714,1.17318,1.171,1.1727,4589
EUR_USD,H1,2025-09-12T17:00:00.000000000Z,1.1727,1.17379,1.17269,1.17322,4166
EUR_USD,H1,2025-09-12T18:00:00.000000000Z,1.17323,1.17417,1.17322,1.17412,3573
EUR_USD,H1,2025-09-12T19:00:00.000000000Z,1.17412,1.17416,1.1734,1.17362,2866
EUR_USD,H1,2025-09-12T20:00:00.000000000Z,1.17364,1.17369,1.17288,1.17368,2780
EUR_USD,H1,2025-09-14T21:00:00.000000000Z,1.17331,1.17356,1.17298,1.17307,316
EUR_USD,H1,2025-09-14T22:00:00.000000000Z,1.17312,1.17348,1.17278,1.17285,1280
EUR_USD,H1,2025-09-14T23:00:00.000000000Z,1.17284,1.17314,1.1725,1.17256,1407
EUR_USD,H1,2025-09-15T00:00:00.000000000Z,1.17256,1.17278,1.17219,1.17268,2653
EUR_USD,H1,2025-09-15T01:00:00.000000000Z,1.17268,1.17297,1.17229,1.17276,3979
EUR_USD,H1,2025-09-15T02:00:00.000000000Z,1.17277,1.17294,1.17246,1.17276,2109
EUR_USD,H1,2025-09-15T03:00:00.000000000Z,1.17277,1.17343,1.17274,1.17313,1940
EUR_USD,H1,2025-09-15T04:00:00.000000000Z,1.17314,1.17355,1.17309,1.17342,1734
EUR_USD,H1,2025-09-15T05:00:00.000000000Z,1.17342,1.17345,1.17277,1.17283,1784
EUR_USD,H1,2025-09-15T06:00:00.000000000Z,1.17284,1.173,1.17162,1.1725,6119
EUR_USD,H1,2025-09-15T07:00:00.000000000Z,1.17248,1.17444,1.17241,1.17336,7597
EUR_USD,H1,2025-09-15T08:00:00.000000000Z,1.17336,1.17438,1.173,1.17372,6445
EUR_USD,H1,2025-09-15T09:00:00.000000000Z,1.17373,1.17518,1.17364,1.17463,6108
EUR_USD,H1,2025-09-15T10:00:00.000000000Z,1.17464,1.17628,1.17463,1.17528,5992
EUR_USD,H1,2025-09-15T11:00:00.000000000Z,1.17528,1.17633,1.17528,1.17611,5275
EUR_USD,H1,2025-09-15T12:00:00.000000000Z,1.17612,1.1771,1.17612,1.17696,7395
EUR_USD,H1,2025-09-15T13:00:00.000000000Z,1.17696,1.17734,1.17576,1.1759,8326
EUR_USD,H1,2025-09-15T14:00:00.000000000Z,1.17588,1.17606,1.17509,1.17578,8923
EUR_USD,H1,2025-09-15T15:00:00.000000000Z,1.17579,1.17724,1.17564,1.17714,5798
EUR_USD,H1,2025-09-15T16:00:00.000000000Z,1.17714,1.17746,1.17562,1.17583,5221
EUR_USD,H1,2025-09-15T17:00:00.000000000Z,1.17582,1.17729,1.17581,1.17711,3660
EUR_USD,H1,2025-09-15T18:00:00.000000000Z,1.17712,1.17724,1.17663,1.17695,3671
EUR_USD,H1,2025-09-15T19:00:00.000000000Z,1.17696,1.17722,1.17644,1.17656,2952
EUR_USD,H1,2025-09-15T20:00:00.000000000Z,1.17656,1.17687,1.17602,1.17609,1746
EUR_USD,H1,2025-09-15T21:00:00.000000000Z,1.17634,1.17666,1.17634,1.17658,640
EUR_USD,H1,2025-09-15T22:00:00.000000000Z,1.17659,1.1766,1.17619,1.17631,1032
EUR_USD,H1,2025-09-15T23:00:00.000000000Z,1.17634,1.17662,1.1763,1.17631,1564
EUR_USD,H1,2025-09-16T00:00:00.000000000Z,1.1763,1.17663,1.17574,1.1762,4082
EUR_USD,H1,2025-09-16T01:00:00.000000000Z,1.17621,1.17694,1.17582,1.17677,4769
EUR_USD,H1,2025-09-16T02:00:00.000000000Z,1.17678,1.17775,1.17674,1.17766,4153
EUR_USD,H1,2025-09-16T03:00:00.000000000Z,1.17768,1.1787,1.17742,1.17802,3989
EUR_USD,H1,2025-09-16T04:00:00.000000000Z,1.17803,1.17804,1.1774,1.1777,3380
EUR_USD,H1,2025-09-16T05:00:00.000000000Z,1.17771,1.17803,1.17736,1.17781,3638
EUR_USD,H1,2025-09-16T06:00:00.000000000Z,1.17783,1.17914,1.17777,1.17874,7663
EUR_USD,H1,2025-09-16T07:00:00.000000000Z,1.17874,1.1802,1.17864,1.17944,8239
EUR_USD,H1,2025-09-16T08:00:00.000000000Z,1.17942,1.18038,1.17902,1.1795,7218
EUR_USD,H1,2025-09-16T09:00:00.000000000Z,1.17952,1.18182,1.17951,1.18141,8589
EUR_USD,H1,2025-09-16T10:00:00.000000000Z,1.18142,1.18157,1.18042,1.18082,6971
EUR_USD,H1,2025-09-16T11:00:00.000000000Z,1.18084,1.18214,1.18013,1.18141,8067
EUR_USD,H1,2025-09-16T12:00:00.000000000Z,1.18142,1.18155,1.179,1.18049,13762
EUR_USD,H1,2025-09-16T13:00:00.000000000Z,1.18048,1.18272,1.18042,1.18239,12684
EUR_USD,H1,2025-09-16T14:00:00.000000000Z,1.1824,1.18532,1.18212,1.18518,16108
EUR_USD,H1,2025-09-16T15:00:00.000000000Z,1.18518,1.18534,1.18351,1.18472,10008
EUR_USD,H1,2025-09-16T16:00:00.000000000Z,1.18472,1.18719,1.18464,1.18645,8056
EUR_USD,H1,2025-09-16T17:00:00.000000000Z,1.18644,1.18784,1.18636,1.1866,7375
EUR_USD,H1,2025-09-16T18:00:00.000000000Z,1.1866,1.18711,1.18614,1.18668,5351
EUR_USD,H1,2025-09-16T19:00:00.000000000Z,1.18666,1.1869,1.18579,1.18602,4350
EUR_USD,H1,2025-09-16T20:00:00.000000000Z,1.186,1.18688,1.18583,1.18668,3293
EUR_USD,H1,2025-09-16T21:00:00.000000000Z,1.18606,1.18644,1.18602,1.1864,796
EUR_USD,H1,2025-09-16T22:00:00.000000000Z,1.18635,1.18684,1.18633,1.1866,1042
EUR_USD,H1,2025-09-16T23:00:00.000000000Z,1.18662,1.1873,1.1866,1.1871,1384
EUR_USD,H1,2025-09-17T00:00:00.000000000Z,1.18711,1.18729,1.18578,1.18582,4517
EUR_USD,H1,2025-09-17T01:00:00.000000000Z,1.18581,1.18594,1.18522,1.18561,4368
EUR_USD,H1,2025-09-17T02:00:00.000000000Z,1.1856,1.1858,1.18513,1.18556,3308
EUR_USD,H1,2025-09-17T03:00:00.000000000Z,1.18554,1.18577,1.18514,1.18521,2145
EUR_USD,H1,2025-09-17T04:00:00.000000000Z,1.1852,1.18553,1.18514,1.1854,1971
EUR_USD,H1,2025-09-17T05:00:00.000000000Z,1.1854,1.18597,1.1854,1.1858,2655
EUR_USD,H1,2025-09-17T06:00:00.000000000Z,1.18582,1.186,1.18514,1.1856,6114
EUR_USD,H1,2025-09-17T07:00:00.000000000Z,1.18559,1.18561,1.1838,1.18405,7272
EUR_USD,H1,2025-09-17T08:00:00.000000000Z,1.18404,1.18513,1.18396,1.18482,5495
EUR_USD,H1,2025-09-17T09:00:00.000000000Z,1.18484,1.18498,1.18412,1.18457,5558
EUR_USD,H1,2025-09-17T10:00:00.000000000Z,1.18456,1.18469,1.18328,1.18362,5709
EUR_USD,H1,2025-09-17T11:00:00.000000000Z,1.18362,1.18462,1.18348,1.18392,6274
EUR_USD,H1,2025-09-17T12:00:00.000000000Z,1.18392,1.1845,1.18342,1.18436,6013
EUR_USD,H1,2025-09-17T13:00:00.000000000Z,1.18436,1.1853,1.18424,1.185,7318
EUR_USD,H1,2025-09-17T14:00:00.000000000Z,1.185,1.18593,1.1846,1.18496,8096
EUR_USD,H1,2025-09-17T15:00:00.000000000Z,1.18496,1.18527,1.18436,1.18446,5421
EUR_USD,H1,2025-09-17T16:00:00.000000000Z,1.18446,1.18563,1.18423,1.18532,5429
EUR_USD,H1,2025-09-17T17:00:00.000000000Z,1.18531,1.18552,1.18469,1.18542,4784
EUR_USD,H1,2025-09-17T18:00:00.000000000Z,1.18542,1.19188,1.18191,1.18343,58129
EUR_USD,H1,2025-09-17T19:00:00.000000000Z,1.18344,1.1857,1.18206,1.18246,26219
EUR_USD,H1,2025-09-17T20:00:00.000000000Z,1.18246,1.18276,1.18078,1.18127,5848
EUR_USD,H1,2025-09-17T21:00:00.000000000Z,1.18127,1.18168,1.18124,1.18162,581
EUR_USD,H1,2025-09-17T22:00:00.000000000Z,1.1816,1.18224,1.18124,1.18192,2232
EUR_USD,H1,2025-09-17T23:00:00.000000000Z,1.18192,1.1829,1.1818,1.18253,3044
EUR_USD,H1,2025-09-18T00:00:00.000000000Z,1.18254,1.18284,1.18152,1.18254,7545
EUR_USD,H1,2025-09-18T01:00:00.000000000Z,1.18253,1.18288,1.18076,1.18139,8742
EUR_USD,H1,2025-09-18T02:00:00.000000000Z,1.1814,1.18226,1.18126,1.18195,4153
EUR_USD,H1,2025-09-18T03:00:00.000000000Z,1.18196,1.18229,1.18116,1.18123,3270
EUR_USD,H1,2025-09-18T04:00:00.000000000Z,1.18124,1.18137,1.17938,1.1795,3934
EUR_USD,H1,2025-09-18T05:00:00.000000000Z,1.17951,1.18004,1.17856,1.17909,5360
EUR_USD,H1,2025-09-18T06:00:00.000000000Z,1.1791,1.17996,1.17804,1.17945,9018
EUR_USD,H1,2025-09-18T07:00:00.000000000Z,1.17944,1.18386,1.17938,1.18316,11901
EUR_USD,H1,2025-09-18T08:00:00.000000000Z,1.18316,1.18342,1.1821,1.18277,9887
EUR_USD,H1,2025-09-18T09:00:00.000000000Z,1.18278,1.18484,1.18272,1.1838,8499
EUR_USD,H1,2025-09-18T10:00:00.000000000Z,1.1838,1.18403,1.1831,1.18368,6171
EUR_USD,H1,2025-09-18T11:00:00.000000000Z,1.18369,1.18372,1.18199,1.18254,9613
EUR_USD,H1,2025-09-18T12:00:00.000000000Z,1.18253,1.18262,1.17954,1.17956,14210
EUR_USD,H1,2025-09-18T13:00:00.000000000Z,1.17956,1.17964,1.17501,1.17672,19662
EUR_USD,H1,2025-09-18T14:00:00.000000000Z,1.17672,1.1782,1.1763,1.17755,16796
EUR_USD,H1,2025-09-18T15:00:00.000000000Z,1.17757,1.17877,1.17695,1.17796,11240
EUR_USD,H1,2025-09-18T16:00:00.000000000Z,1.17795,1.1788,1.17722,1.17871,7751
EUR_USD,H1,2025-09-18T17:00:00.000000000Z,1.1787,1.1794,1.17856,1.17878,5900
EUR_USD,H1,2025-09-18T18:00:00.000000000Z,1.17876,1.17896,1.1782,1.17878,4818
EUR_USD,H1,2025-09-18T19:00:00.000000000Z,1.17878,1.17912,1.17826,1.17849,4120
EUR_USD,H1,2025-09-18T20:00:00.000000000Z,1.1785,1.17862,1.17815,1.1786,2675
EUR_USD,H1,2025-09-18T21:00:00.000000000Z,1.17889,1.179,1.17853,1.17876,1266
EUR_USD,H1,2025-09-18T22:00:00.000000000Z,1.17876,1.17896,1.17844,1.17872,3418
EUR_USD,H1,2025-09-18T23:00:00.000000000Z,1.17872,1.17907,1.17868,1.1789,1328
EUR_USD,H1,2025-09-19T00:00:00.000000000Z,1.1789,1.17907,1.17754,1.17867,4703
EUR_USD,H1,2025-09-19T01:00:00.000000000Z,1.17866,1.1787,1.17746,1.17754,5269
EUR_USD,H1,2025-09-19T02:00:00.000000000Z,1.17754,1.1781,1.17721,1.17796,3981
EUR_USD,H1,2025-09-19T03:00:00.000000000Z,1.17797,1.17928,1.17797,1.17816,7684
EUR_USD,H1,2025-09-19T04:00:00.000000000Z,1.17818,1.17898,1.17704,1.1774,6933
EUR_USD,H1,2025-09-19T05:00:00.000000000Z,1.1774,1.1778,1.17709,1.17731,4894
EUR_USD,H1,2025-09-19T06:00:00.000000000Z,1.17732,1.17776,1.17633,1.17665,12637
EUR_USD,H1,2025-09-19T07:00:00.000000000Z,1.17667,1.17784,1.17574,1.177,12578
EUR_USD,H1,2025-09-19T08:00:00.000000000Z,1.17701,1.1771,1.17508,1.1761,9222
EUR_USD,H1,2025-09-19T09:00:00.000000000Z,1.1761,1.17688,1.17564,1.17598,7376
EUR_USD,H1,2025-09-19T10:00:00.000000000Z,1.17598,1.17653,1.17584,1.17613,5926
EUR_USD,H1,2025-09-19T11:00:00.000000000Z,1.17612,1.17624,1.17352,1.17369,8313
EUR_USD,H1,2025-09-19T12:00:00.000000000Z,1.1737,1.17434,1.17288,1.17362,10986
EUR_USD,H1,2025-09-19T13:00:00.000000000Z,1.17361,1.17638,1.17355,1.17582,11939
EUR_USD,H1,2025-09-19T14:00:00.000000000Z,1.17583,1.1768,1.17558,1.17572,11833
EUR_USD,H1,2025-09-19T15:00:00.000000000Z,1.17572,1.17592,1.17374,1.17524,9819
EUR_USD,H1,2025-09-19T16:00:00.000000000Z,1.17524,1.17553,1.17411,1.17532,5262
EUR_USD,H1,2025-09-19T17:00:00.000000000Z,1.17531,1.17553,1.17487,1.17508,4293
EUR_USD,H1,2025-09-19T18:00:00.000000000Z,1.17508,1.17514,1.17468,1.17482,3335
EUR_USD,H1,2025-09-19T19:00:00.000000000Z,1.17482,1.17508,1.17452,1.17476,2711
EUR_USD,H1,2025-09-19T20:00:00.000000000Z,1.17476,1.17485,1.17408,1.17472,2383
EUR_USD,H1,2025-09-21T21:00:00.000000000Z,1.17385,1.1747,1.17385,1.17466,585
EUR_USD,H1,2025-09-21T22:00:00.000000000Z,1.17466,1.17492,1.1739,1.17408,1468
EUR_USD,H1,2025-09-21T23:00:00.000000000Z,1.17408,1.17416,1.17357,1.17366,2059
EUR_USD,H1,2025-09-22T00:00:00.000000000Z,1.17364,1.1738,1.17262,1.17346,4667
EUR_USD,H1,2025-09-22T01:00:00.000000000Z,1.17346,1.1741,1.17316,1.17324,5710
EUR_USD,H1,2025-09-22T02:00:00.000000000Z,1.17325,1.17338,1.17272,1.17281,4598
EUR_USD,H1,2025-09-22T03:00:00.000000000Z,1.1728,1.17351,1.17278,1.17326,3501
EUR_USD,H1,2025-09-22T04:00:00.000000000Z,1.17326,1.17326,1.17266,1.17308,2659
EUR_USD,H1,2025-09-22T05:00:00.000000000Z,1.17308,1.17386,1.173,1.17386,3026
EUR_USD,H1,2025-09-22T06:00:00.000000000Z,1.17386,1.17487,1.1736,1.17436,6532
EUR_USD,H1,2025-09-22T07:00:00.000000000Z,1.17436,1.17546,1.17392,1.17485,8584
EUR_USD,H1,2025-09-22T08:00:00.000000000Z,1.17482,1.17692,1.1747,1.17624,7302
EUR_USD,H1,2025-09-22T09:00:00.000000000Z,1.17624,1.17762,1.17618,1.17759,5768
EUR_USD,H1,2025-09-22T10:00:00.000000000Z,1.17757,1.17858,1.17738,1.1774,5437
EUR_USD,H1,2025-09-22T11:00:00.000000000Z,1.1774,1.17824,1.17694,1.17782,4650
EUR_USD,H1,2025-09-22T12:00:00.000000000Z,1.17784,1.17874,1.17732,1.17832,8266
EUR_USD,H1,2025-09-22T13:00:00.000000000Z,1.17834,1.1788,1.17686,1.17768,10370
EUR_USD,H1,2025-09-22T14:00:00.000000000Z,1.17767,1.17772,1.17629,1.17698,8145
EUR_USD,H1,2025-09-22T15:00:00.000000000Z,1.17698,1.17756,1.17642,1.17726,6511
EUR_USD,H1,2025-09-22T16:00:00.000000000Z,1.17725,1.17904,1.17716,1.17882,5306
EUR_USD,H1,2025-09-22T17:00:00.000000000Z,1.17884,1.17971,1.17856,1.17966,3152
EUR_USD,H1,2025-09-22T18:00:00.000000000Z,1.17963,1.17993,1.17924,1.17964,2987
EUR_USD,H1,2025-09-22T19:00:00.000000000Z,1.17965,1.18022,1.17954,1.18,2200
EUR_USD,H1,2025-09-22T20:00:00.000000000Z,1.18,1.18032,1.17978,1.18025,1750
EUR_USD,H1,2025-09-22T21:00:00.000000000Z,1.1798,1.18007,1.17952,1.17992,2794
EUR_USD,H1,2025-09-22T22:00:00.000000000Z,1.17996,1.18043,1.1799,1.18012,985
EUR_USD,H1,2025-09-22T23:00:00.000000000Z,1.18012,1.18029,1.17997,1.18007,1064
EUR_USD,H1,2025-09-23T00:00:00.000000000Z,1.18006,1.18074,1.1797,1.18063,3037
EUR_USD,H1,2025-09-23T01:00:00.000000000Z,1.18062,1.182,1.18042,1.1815,4738
EUR_USD,H1,2025-09-23T02:00:00.000000000Z,1.1815,1.18168,1.18016,1.18044,4222
EUR_USD,H1,2025-09-23T03:00:00.000000000Z,1.18044,1.18064,1.17968,1.18058,3347
EUR_USD,H1,2025-09-23T04:00:00.000000000Z,1.18058,1.1808,1.17975,1.17977,2684
EUR_USD,H1,2025-09-23T05:00:00.000000000Z,1.17976,1.1805,1.1795,1.17986,3761
EUR_USD,H1,2025-09-23T06:00:00.000000000Z,1.17985,1.18046,1.17901,1.17948,6947
EUR_USD,H1,2025-09-23T07:00:00.000000000Z,1.17948,1.18002,1.1779,1.17907,13061
EUR_USD,H1,2025-09-23T08:00:00.000000000Z,1.17906,1.18054,1.1784,1.18028,9832
EUR_USD,H1,2025-09-23T09:00:00.000000000Z,1.1803,1.18125,1.18005,1.18022,6663
EUR_USD,H1,2025-09-23T10:00:00.000000000Z,1.18023,1.18067,1.17906,1.1796,5855
EUR_USD,H1,2025-09-23T11:00:00.000000000Z,1.17962,1.18002,1.17915,1.17918,5255
EUR_USD,H1,2025-09-23T12:00:00.000000000Z,1.17919,1.17986,1.17844,1.1797,6842
EUR_USD,H1,2025-09-23T13:00:00.000000000Z,1.17968,1.18046,1.17841,1.17995,12053
EUR_USD,H1,2025-09-23T14:00:00.000000000Z,1.17996,1.18053,1.17925,1.17954,13082
EUR_USD,H1,2025-09-23T15:00:00.000000000Z,1.17954,1.17992,1.1788,1.17984,7196
EUR_USD,H1,2025-09-23T16:00:00.000000000Z,1.17986,1.18092,1.17918,1.1805,8501
EUR_USD,H1,2025-09-23T17:00:00.000000000Z,1.18049,1.18178,1.1803,1.18119,7303
EUR_USD,H1,2025-09-23T18:00:00.000000000Z,1.18118,1.18168,1.18084,1.18112,4475
EUR_USD,H1,2025-09-23T19:00:00.000000000Z,1.18112,1.18182,1.18072,1.18164,4145
EUR_USD,H1,2025-09-23T20:00:00.000000000Z,1.18164,1.18183,1.18116,1.18148,1935
EUR_USD,H1,2025-09-23T21:00:00.000000000Z,1.18139,1.18151,1.1811,1.18145,902
EUR_USD,H1,2025-09-23T22:00:00.000000000Z,1.18145,1.18194,1.18142,1.18148,2376
EUR_USD,H1,2025-09-23T23:00:00.000000000Z,1.1815,1.18174,1.18127,1.18154,1733
EUR_USD,H1,2025-09-24T00:00:00.000000000Z,1.18154,1.18166,1.18032,1.18039,5432
EUR_USD,H1,2025-09-24T01:00:00.000000000Z,1.1804,1.18052,1.17978,1.18002,6941
EUR_USD,H1,2025-09-24T02:00:00.000000000Z,1.18002,1.1804,1.17961,1.17968,4653
EUR_USD,H1,2025-09-24T03:00:00.000000000Z,1.17969,1.18,1.1795,1.17974,3327
EUR_USD,H1,2025-09-24T04:00:00.000000000Z,1.17975,1.18046,1.17956,1.1803,3353
EUR_USD,H1,2025-09-24T05:00:00.000000000Z,1.1803,1.18052,1.17922,1.1798,3629
EUR_USD,H1,2025-09-24T06:00:00.000000000Z,1.1798,1.1803,1.17862,1.17875,7066
EUR_USD,H1,2025-09-24T07:00:00.000000000Z,1.17874,1.17947,1.17844,1.17888,8981
EUR_USD,H1,2025-09-24T08:00:00.000000000Z,1.17886,1.17886,1.17664,1.1772,8225
EUR_USD,H1,2025-09-24T09:00:00.000000000Z,1.17721,1.1775,1.17624,1.17678,6679
EUR_USD,H1,2025-09-24T10:00:00.000000000Z,1.17677,1.17701,1.17509,1.17519,5949
EUR_USD,H1,2025-09-24T11:00:00.000000000Z,1.17518,1.17555,1.17464,1.17492,6427
EUR_USD,H1,2025-09-24T12:00:00.000000000Z,1.17492,1.1758,1.17394,1.17426,10012
EUR_USD,H1,2025-09-24T13:00:00.000000000Z,1.17426,1.17436,1.17304,1.17386,12119
EUR_USD,H1,2025-09-24T14:00:00.000000000Z,1.17388,1.17464,1.17282,1.1743,14017
EUR_USD,H1,2025-09-24T15:00:00.000000000Z,1.17431,1.1746,1.1737,1.17418,9852
EUR_USD,H1,2025-09-24T16:00:00.000000000Z,1.17418,1.17438,1.17302,1.17326,7241
EUR_USD,H1,2025-09-24T17:00:00.000000000Z,1.17327,1.17407,1.17317,1.17378,4975
EUR_USD,H1,2025-09-24T18:00:00.000000000Z,1.17378,1.17386,1.17326,1.17368,5180
EUR_USD,H1,2025-09-24T19:00:00.000000000Z,1.17368,1.17393,1.1732,1.17379,3915
EUR_USD,H1,2025-09-24T20:00:00.000000000Z,1.1738,1.17395,1.17352,1.1738,2276
EUR_USD,H1,2025-09-24T21:00:00.000000000Z,1.17395,1.17402,1.17384,1.17394,538
EUR_USD,H1,2025-09-24T22:00:00.000000000Z,1.17395,1.17454,1.17394,1.17448,1000
EUR_USD,H1,2025-09-24T23:00:00.000000000Z,1.17448,1.17463,1.17422,1.17422,1795
EUR_USD,H1,2025-09-25T00:00:00.000000000Z,1.17421,1.17484,1.17407,1.17474,4854
EUR_USD,H1,2025-09-25T01:00:00.000000000Z,1.17475,1.17495,1.17406,1.17445,4974
EUR_USD,H1,2025-09-25T02:00:00.000000000Z,1.17446,1.17519,1.17434,1.17498,3598
EUR_USD,H1,2025-09-25T03:00:00.000000000Z,1.17497,1.17538,1.17478,1.17526,2751
EUR_USD,H1,2025-09-25T04:00:00.000000000Z,1.17525,1.17536,1.1749,1.17521,1917
EUR_USD,H1,2025-09-25T05:00:00.000000000Z,1.1752,1.17524,1.17406,1.17422,3303
EUR_USD,H1,2025-09-25T06:00:00.000000000Z,1.17423,1.17524,1.17381,1.1746,7044
EUR_USD,H1,2025-09-25T07:00:00.000000000Z,1.17459,1.17481,1.17312,1.17334,9785
EUR_USD,H1,2025-09-25T08:00:00.000000000Z,1.17336,1.17446,1.17306,1.17428,8353
EUR_USD,H1,2025-09-25T09:00:00.000000000Z,1.1743,1.17519,1.1739,1.1745,6228
EUR_USD,H1,2025-09-25T10:00:00.000000000Z,1.17449,1.1754,1.17444,1.1747,5637
EUR_USD,H1,2025-09-25T11:00:00.000000000Z,1.17469,1.17472,1.17346,1.17402,7036
EUR_USD,H1,2025-09-25T12:00:00.000000000Z,1.17402,1.17456,1.16876,1.16981,18969
EUR_USD,H1,2025-09-25T13:00:00.000000000Z,1.16981,1.17104,1.16831,1.1686,16885
EUR_USD,H1,2025-09-25T14:00:00.000000000Z,1.16858,1.16948,1.16737,1.16762,16336
EUR_USD,H1,2025-09-25T15:00:00.000000000Z,1.16762,1.16808,1.16667,1.16723,10172
EUR_USD,H1,2025-09-25T16:00:00.000000000Z,1.16724,1.16834,1.16688,1.1671,8418
EUR_USD,H1,2025-09-25T17:00:00.000000000Z,1.16708,1.16723,1.16522,1.16576,7035
EUR_USD,H1,2025-09-25T18:00:00.000000000Z,1.16578,1.166,1.16456,1.16524,6998
EUR_USD,H1,2025-09-25T19:00:00.000000000Z,1.16524,1.1663,1.16518,1.16606,4500
EUR_USD,H1,2025-09-25T20:00:00.000000000Z,1.16606,1.16691,1.16594,1.1666,3161
EUR_USD,H1,2025-09-25T21:00:00.000000000Z,1.16615,1.16668,1.16599,1.16618,10697
EUR_USD,H1,2025-09-25T22:00:00.000000000Z,1.1661,1.16689,1.16608,1.16684,1045
EUR_USD,H1,2025-09-25T23:00:00.000000000Z,1.16684,1.16684,1.16599,1.16618,2330
EUR_USD,H1,2025-09-26T00:00:00.000000000Z,1.16617,1.16716,1.16582,1.16714,5132
EUR_USD,H1,2025-09-26T01:00:00.000000000Z,1.16716,1.16737,1.16655,1.16678,4861
EUR_USD,H1,2025-09-26T02:00:00.000000000Z,1.1668,1.16795,1.16676,1.16772,3303
EUR_USD,H1,2025-09-26T03:00:00.000000000Z,1.16772,1.1679,1.1675,1.16783,2540
EUR_USD,H1,2025-09-26T04:00:00.000000000Z,1.16782,1.1682,1.16744,1.168,2786
EUR_USD,H1,2025-09-26T05:00:00.000000000Z,1.168,1.1682,1.16764,1.16772,3427
EUR_USD,H1,2025-09-26T06:00:00.000000000Z,1.16772,1.1684,1.16718,1.16798,7600
EUR_USD,H1,2025-09-26T07:00:00.000000000Z,1.16798,1.16832,1.16685,1.1673,8305
EUR_USD,H1,2025-09-26T08:00:00.000000000Z,1.16732,1.1688,1.16708,1.16806,7316
EUR_USD,H1,2025-09-26T09:00:00.000000000Z,1.16806,1.16844,1.16759,1.16786,6419
EUR_USD,H1,2025-09-26T10:00:00.000000000Z,1.16786,1.16812,1.16616,1.16631,5615
EUR_USD,H1,2025-09-26T11:00:00.000000000Z,1.16634,1.1676,1.16627,1.16678,6365
EUR_USD,H1,2025-09-26T12:00:00.000000000Z,1.16678,1.16863,1.16668,1.16832,14149
EUR_USD,H1,2025-09-26T13:00:00.000000000Z,1.1683,1.16946,1.16782,1.16844,14435
EUR_USD,H1,2025-09-26T14:00:00.000000000Z,1.16842,1.17048,1.16838,1.16912,15531
EUR_USD,H1,2025-09-26T15:00:00.000000000Z,1.16912,1.17,1.1687,1.16912,9562
EUR_USD,H1,2025-09-26T16:00:00.000000000Z,1.16912,1.1697,1.16866,1.16928,6155
EUR_USD,H1,2025-09-26T17:00:00.000000000Z,1.16928,1.17018,1.16908,1.16998,4901
EUR_USD,H1,2025-09-26T18:00:00.000000000Z,1.16999,1.17058,1.1696,1.17039,4865
EUR_USD,H1,2025-09-26T19:00:00.000000000Z,1.17038,1.17058,1.16984,1.17057,2847
EUR_USD,H1,2025-09-26T20:00:00.000000000Z,1.17056,1.17074,1.1699,1.17002,3015
EUR_USD,H1,2025-09-28T21:00:00.000000000Z,1.1703,1.1705,1.1702,1.17038,2213
EUR_USD,H1,2025-09-28T22:00:00.000000000Z,1.17039,1.17063,1.17026,1.17044,1367
EUR_USD,H1,2025-09-28T23:00:00.000000000Z,1.17046,1.17099,1.1704,1.1705,1968
EUR_USD,H1,2025-09-29T00:00:00.000000000Z,1.17049,1.17234,1.17046,1.17216,4622
EUR_USD,H1,2025-09-29T01:00:00.000000000Z,1.17216,1.17254,1.17144,1.17232,4623
EUR_USD,H1,2025-09-29T02:00:00.000000000Z,1.17231,1.17286,1.17226,1.17262,3907
EUR_USD,H1,2025-09-29T03:00:00.000000000Z,1.17261,1.17294,1.17251,1.17252,2978
EUR_USD,H1,2025-09-29T04:00:00.000000000Z,1.1725,1.17332,1.17229,1.17271,2638
EUR_USD,H1,2025-09-29T05:00:00.000000000Z,1.17272,1.17334,1.1724,1.17285,5208
EUR_USD,H1,2025-09-29T06:00:00.000000000Z,1.17283,1.17287,1.1718,1.17197,7306
EUR_USD,H1,2025-09-29T07:00:00.000000000Z,1.17196,1.17331,1.17175,1.1727,8198
EUR_USD,H1,2025-09-29T08:00:00.000000000Z,1.17271,1.17288,1.1708,1.17238,7278
EUR_USD,H1,2025-09-29T09:00:00.000000000Z,1.17238,1.17263,1.17168,1.17177,6197
EUR_USD,H1,2025-09-29T10:00:00.000000000Z,1.17176,1.17218,1.17156,1.17199,5116
EUR_USD,H1,2025-09-29T11:00:00.000000000Z,1.172,1.1731,1.17092,1.1729,6860
EUR_USD,H1,2025-09-29T12:00:00.000000000Z,1.17289,1.17512,1.17185,1.175,12961
EUR_USD,H1,2025-09-29T13:00:00.000000000Z,1.17499,1.17546,1.17372,1.17409,12711
EUR_USD,H1,2025-09-29T14:00:00.000000000Z,1.1741,1.17448,1.17294,1.17302,10385
EUR_USD,H1,2025-09-29T15:00:00.000000000Z,1.17303,1.17342,1.17228,1.17291,8728
EUR_USD,H1,2025-09-29T16:00:00.000000000Z,1.1729,1.17332,1.17254,1.17294,4177
EUR_USD,H1,2025-09-29T17:00:00.000000000Z,1.17294,1.17316,1.17214,1.17216,4171
EUR_USD,H1,2025-09-29T18:00:00.000000000Z,1.17218,1.1733,1.17202,1.17313,3385
EUR_USD,H1,2025-09-29T19:00:00.000000000Z,1.17313,1.17316,1.1726,1.17277,2937
EUR_USD,H1,2025-09-29T20:00:00.000000000Z,1.17275,1.17278,1.17234,1.17267,1757
EUR_USD,H1,2025-09-29T21:00:00.000000000Z,1.1727,1.17288,1.17252,1.17264,1665
EUR_USD,H1,2025-09-29T22:00:00.000000000Z,1.17267,1.1728,1.17245,1.17276,624
EUR_USD,H1,2025-09-29T23:00:00.000000000Z,1.17278,1.17325,1.17273,1.17308,1357
EUR_USD,H1,2025-09-30T00:00:00.000000000Z,1.17308,1.17315,1.17127,1.17208,5517
EUR_USD,H1,2025-09-30T01:00:00.000000000Z,1.1721,1.17258,1.17135,1.17142,5905
EUR_USD,H1,2025-09-30T02:00:00.000000000Z,1.17141,1.17238,1.17122,1.17224,3595
EUR_USD,H1,2025-09-30T03:00:00.000000000Z,1.17224,1.17264,1.17204,1.17238,3406
EUR_USD,H1,2025-09-30T04:00:00.000000000Z,1.17239,1.17288,1.17186,1.17287,3723
EUR_USD,H1,2025-09-30T05:00:00.000000000Z,1.17286,1.17372,1.17282,1.17334,4292
EUR_USD,H1,2025-09-30T06:00:00.000000000Z,1.17334,1.17438,1.1731,1.17374,7661
EUR_USD,H1,2025-09-30T07:00:00.000000000Z,1.17374,1.17485,1.17364,1.17418,9060
EUR_USD,H1,2025-09-30T08:00:00.000000000Z,1.1742,1.17618,1.1742,1.17556,9584
EUR_USD,H1,2025-09-30T09:00:00.000000000Z,1.17556,1.17586,1.17451,1.17484,6197
EUR_USD,H1,2025-09-30T10:00:00.000000000Z,1.17484,1.17515,1.17404,1.17456,5404
EUR_USD,H1,2025-09-30T11:00:00.000000000Z,1.17458,1.17487,1.17366,1.17424,5868
EUR_USD,H1,2025-09-30T12:00:00.000000000Z,1.17424,1.17476,1.17332,1.17373,8102
EUR_USD,H1,2025-09-30T13:00:00.000000000Z,1.17372,1.17394,1.17165,1.17304,11317
EUR_USD,H1,2025-09-30T14:00:00.000000000Z,1.17306,1.17525,1.17239,1.17499,16442
EUR_USD,H1,2025-09-30T15:00:00.000000000Z,1.17498,1.17504,1.17256,1.17344,12215
EUR_USD,H1,2025-09-30T16:00:00.000000000Z,1.17342,1.17591,1.1734,1.17565,6971
EUR_USD,H1,2025-09-30T17:00:00.000000000Z,1.17566,1.17614,1.17468,1.17494,5374
EUR_USD,H1,2025-09-30T18:00:00.000000000Z,1.17492,1.17494,1.17358,1.17408,4750
EUR_USD,H1,2025-09-30T19:00:00.000000000Z,1.17408,1.17412,1.17363,1.174,3908
EUR_USD,H1,2025-09-30T20:00:00.000000000Z,1.17398,1.17405,1.17331,1.17336,2021
EUR_USD,H1,2025-09-30T21:00:00.000000000Z,1.17356,1.1738,1.17343,1.1736,3939
EUR_USD,H1,2025-09-30T22:00:00.000000000Z,1.17361,1.17423,1.17334,1.17342,1610
EUR_USD,H1,2025-09-30T23:00:00.000000000Z,1.17346,1.17428,1.17338,1.17345,2217
EUR_USD,H1,2025-10-01T00:00:00.000000000Z,1.17344,1.17384,1.17297,1.1736,4198
EUR_USD,H1,2025-10-01T01:00:00.000000000Z,1.17362,1.17408,1.17304,1.17392,2674
EUR_USD,H1,2025-10-01T02:00:00.000000000Z,1.17392,1.17396,1.17324,1.17378,2909
EUR_USD,H1,2025-10-01T03:00:00.000000000Z,1.17378,1.1739,1.1734,1.17378,2561
EUR_USD,H1,2025-10-01T04:00:00.000000000Z,1.1738,1.17588,1.17379,1.17583,3088
EUR_USD,H1,2025-10-01T05:00:00.000000000Z,1.17587,1.17671,1.17522,1.17524,5485
EUR_USD,H1,2025-10-01T06:00:00.000000000Z,1.17522,1.1775,1.17507,1.17678,10044
EUR_USD,H1,2025-10-01T07:00:00.000000000Z,1.17676,1.17787,1.1742,1.17498,16329
EUR_USD,H1,2025-10-01T08:00:00.000000000Z,1.17501,1.1766,1.17494,1.17495,11639
EUR_USD,H1,2025-10-01T09:00:00.000000000Z,1.17496,1.17542,1.17308,1.1733,8768
EUR_USD,H1,2025-10-01T10:00:00.000000000Z,1.1733,1.17336,1.1716,1.17254,9713
EUR_USD,H1,2025-10-01T11:00:00.000000000Z,1.17255,1.17402,1.17252,1.17344,7219
EUR_USD,H1,2025-10-01T12:00:00.000000000Z,1.17344,1.1769,1.17226,1.17492,26891
EUR_USD,H1,2025-10-01T13:00:00.000000000Z,1.17492,1.17616,1.17462,1.17547,15790
EUR_USD,H1,2025-10-01T14:00:00.000000000Z,1.17548,1.17635,1.17309,1.17465,22989
EUR_USD,H1,2025-10-01T15:00:00.000000000Z,1.17463,1.17493,1.17215,1.1723,15162
EUR_USD,H1,2025-10-01T16:00:00.000000000Z,1.17229,1.17268,1.17155,1.17228,8552
EUR_USD,H1,2025-10-01T17:00:00.000000000Z,1.17229,1.17327,1.17229,1.17238,5343
EUR_USD,H1,2025-10-01T18:00:00.000000000Z,1.1724,1.17419,1.17216,1.17348,6251
EUR_USD,H1,2025-10-01T19:00:00.000000000Z,1.17349,1.17372,1.17298,1.17306,4128
EUR_USD,H1,2025-10-01T20:00:00.000000000Z,1.17305,1.17313,1.17262,1.17312,2500
EUR_USD,H1,2025-10-01T21:00:00.000000000Z,1.17308,1.17343,1.1729,1.17326,5039
EUR_USD,H1,2025-10-01T22:00:00.000000000Z,1.17324,1.17375,1.17319,1.1734,1301
EUR_USD,H1,2025-10-01T23:00:00.000000000Z,1.1734,1.17372,1.17328,1.1733,1186
EUR_USD,H1,2025-10-02T00:00:00.000000000Z,1.17328,1.17353,1.17246,1.17298,4559
EUR_USD,H1,2025-10-02T01:00:00.000000000Z,1.17298,1.17392,1.17238,1.17388,4501
EUR_USD,H1,2025-10-02T02:00:00.000000000Z,1.17389,1.1742,1.17368,1.17371,2446
EUR_USD,H1,2025-10-02T03:00:00.000000000Z,1.17372,1.17389,1.17326,1.17348,1923
EUR_USD,H1,2025-10-02T04:00:00.000000000Z,1.17349,1.17358,1.17301,1.17344,2183
EUR_USD,H1,2025-10-02T05:00:00.000000000Z,1.17343,1.17371,1.17296,1.17356,3438
EUR_USD,H1,2025-10-02T06:00:00.000000000Z,1.17358,1.17452,1.1734,1.17429,8360
EUR_USD,H1,2025-10-02T07:00:00.000000000Z,1.1743,1.17568,1.17409,1.175,8277
EUR_USD,H1,2025-10-02T08:00:00.000000000Z,1.17501,1.17568,1.1745,1.17538,7030
EUR_USD,H1,2025-10-02T09:00:00.000000000Z,1.17539,1.17584,1.17506,1.17549,6315
EUR_USD,H1,2025-10-02T10:00:00.000000000Z,1.17548,1.17548,1.17462,1.17521,5804
EUR_USD,H1,2025-10-02T11:00:00.000000000Z,1.17521,1.17566,1.17471,1.17504,6001
EUR_USD,H1,2025-10-02T12:00:00.000000000Z,1.17502,1.17584,1.17344,1.17376,8427
EUR_USD,H1,2025-10-02T13:00:00.000000000Z,1.17376,1.1744,1.17134,1.17225,13459
EUR_USD,H1,2025-10-02T14:00:00.000000000Z,1.17225,1.17225,1.1705,1.17134,14559
EUR_USD,H1,2025-10-02T15:00:00.000000000Z,1.17132,1.17133,1.16832,1.16966,12545
EUR_USD,H1,2025-10-02T16:00:00.000000000Z,1.16965,1.17151,1.16951,1.1715,7164
EUR_USD,H1,2025-10-02T17:00:00.000000000Z,1.17149,1.17204,1.17124,1.17136,4748
EUR_USD,H1,2025-10-02T18:00:00.000000000Z,1.17135,1.17224,1.17125,1.17211,3822
EUR_USD,H1,2025-10-02T19:00:00.000000000Z,1.1721,1.17269,1.17174,1.17189,2825
EUR_USD,H1,2025-10-02T20:00:00.000000000Z,1.1719,1.17242,1.17145,1.17165,2114
EUR_USD,H1,2025-10-02T21:00:00.000000000Z,1.17146,1.172,1.17146,1.17186,1259
EUR_USD,H1,2025-10-02T22:00:00.000000000Z,1.17179,1.17211,1.17173,1.17192,695
EUR_USD,H1,2025-10-02T23:00:00.000000000Z,1.17194,1.1726,1.17187,1.17247,1202
EUR_USD,H1,2025-10-03T00:00:00.000000000Z,1.17246,1.17247,1.1719,1.17242,3364
EUR_USD,H1,2025-10-03T01:00:00.000000000Z,1.17243,1.17293,1.17162,1.17269,5829
EUR_USD,H1,2025-10-03T02:00:00.000000000Z,1.17268,1.17277,1.17206,1.17244,2748
EUR_USD,H1,2025-10-03T03:00:00.000000000Z,1.17244,1.1727,1.17198,1.17264,2586
EUR_USD,H1,2025-10-03T04:00:00.000000000Z,1.17262,1.17281,1.17179,1.1718,2428
EUR_USD,H1,2025-10-03T05:00:00.000000000Z,1.1718,1.17216,1.17149,1.17171,4342
EUR_USD,H1,2025-10-03T06:00:00.000000000Z,1.17171,1.1729,1.17162,1.17204,5967
EUR_USD,H1,2025-10-03T07:00:00.000000000Z,1.17204,1.17344,1.17204,1.17325,6462
EUR_USD,H1,2025-10-03T08:00:00.000000000Z,1.17324,1.17446,1.17312,1.17402,7583
EUR_USD,H1,2025-10-03T09:00:00.000000000Z,1.17402,1.17407,1.17312,1.17372,5522
EUR_USD,H1,2025-10-03T10:00:00.000000000Z,1.17372,1.174,1.17338,1.17364,4055
EUR_USD,H1,2025-10-03T11:00:00.000000000Z,1.17364,1.17429,1.17311,1.17338,6660
EUR_USD,H1,2025-10-03T12:00:00.000000000Z,1.1734,1.17408,1.1727,1.17395,8988
EUR_USD,H1,2025-10-03T13:00:00.000000000Z,1.17396,1.17445,1.17327,1.1738,11678
EUR_USD,H1,2025-10-03T14:00:00.000000000Z,1.17393,1.17594,1.17341,1.17408,18952
EUR_USD,H1,2025-10-03T15:00:00.000000000Z,1.1741,1.17488,1.17366,1.17462,7723
EUR_USD,H1,2025-10-03T16:00:00.000000000Z,1.17464,1.17485,1.17378,1.17398,4723
EUR_USD,H1,2025-10-03T17:00:00.000000000Z,1.17398,1.17418,1.1732,1.1734,4522
EUR_USD,H1,2025-10-03T18:00:00.000000000Z,1.17339,1.17403,1.17268,1.17398,4598
EUR_USD,H1,2025-10-03T19:00:00.000000000Z,1.17395,1.17425,1.17372,1.1741,2356
EUR_USD,H1,2025-10-03T20:00:00.000000000Z,1.1741,1.17445,1.17386,1.17429,2554
EUR_USD,H1,2025-10-05T21:00:00.000000000Z,1.17266,1.17284,1.1722,1.1727,781
EUR_USD,H1,2025-10-05T22:00:00.000000000Z,1.17266,1.17282,1.17157,1.17163,4777
EUR_USD,H1,2025-10-05T23:00:00.000000000Z,1.17162,1.17165,1.17064,1.1712,9072
EUR_USD,H1,2025-10-06T00:00:00.000000000Z,1.1712,1.17192,1.17102,1.17162,7535
EUR_USD,H1,2025-10-06T01:00:00.000000000Z,1.17162,1.1725,1.17101,1.17242,6336
EUR_USD,H1,2025-10-06T02:00:00.000000000Z,1.17242,1.17309,1.17238,1.17271,4069
EUR_USD,H1,2025-10-06T03:00:00.000000000Z,1.1727,1.17302,1.17234,1.17246,3479
EUR_USD,H1,2025-10-06T04:00:00.000000000Z,1.17246,1.17274,1.17196,1.17202,4400
EUR_USD,H1,2025-10-06T05:00:00.000000000Z,1.17202,1.17254,1.1714,1.17172,4183
EUR_USD,H1,2025-10-06T06:00:00.000000000Z,1.1717,1.17196,1.16902,1.16936,10201
EUR_USD,H1,2025-10-06T07:00:00.000000000Z,1.16935,1.17122,1.16624,1.16628,20964
EUR_USD,H1,2025-10-06T08:00:00.000000000Z,1.16627,1.16798,1.16518,1.16677,14783
EUR_USD,H1,2025-10-06T09:00:00.000000000Z,1.16676,1.16698,1.16572,1.16664,8842
EUR_USD,H1,2025-10-06T10:00:00.000000000Z,1.16664,1.16671,1.16526,1.16634,8345
EUR_USD,H1,2025-10-06T11:00:00.000000000Z,1.16632,1.1679,1.16574,1.16752,7565
EUR_USD,H1,2025-10-06T12:00:00.000000000Z,1.16752,1.16898,1.1673,1.16891,14192
EUR_USD,H1,2025-10-06T13:00:00.000000000Z,1.16892,1.17031,1.16838,1.16996,11181
EUR_USD,H1,2025-10-06T14:00:00.000000000Z,1.16995,1.17178,1.16952,1.17165,11432
EUR_USD,H1,2025-10-06T15:00:00.000000000Z,1.17166,1.1721,1.17029,1.17064,8764
EUR_USD,H1,2025-10-06T16:00:00.000000000Z,1.17064,1.17122,1.17032,1.17122,4848
EUR_USD,H1,2025-10-06T17:00:00.000000000Z,1.17122,1.1716,1.17096,1.17103,3956
EUR_USD,H1,2025-10-06T18:00:00.000000000Z,1.17102,1.17156,1.17095,1.17126,3754
EUR_USD,H1,2025-10-06T19:00:00.000000000Z,1.17126,1.1717,1.17101,1.17107,3165
EUR_USD,H1,2025-10-06T20:00:00.000000000Z,1.17106,1.1714,1.17085,1.17136,2076
EUR_USD,H1,2025-10-06T21:00:00.000000000Z,1.17102,1.17155,1.17084,1.17102,1445
EUR_USD,H1,2025-10-06T22:00:00.000000000Z,1.17094,1.17145,1.17086,1.17098,3495
EUR_USD,H1,2025-10-06T23:00:00.000000000Z,1.17099,1.17144,1.17082,1.17094,2292
EUR_USD,H1,2025-10-07T00:00:00.000000000Z,1.17094,1.17112,1.17044,1.1709,4666
EUR_USD,H1,2025-10-07T01:00:00.000000000Z,1.1709,1.1709,1.16964,1.16968,3259
EUR_USD,H1,2025-10-07T02:00:00.000000000Z,1.16968,1.1706,1.16968,1.17017,2552
EUR_USD,H1,2025-10-07T03:00:00.000000000Z,1.17017,1.17072,1.16998,1.17033,2270
EUR_USD,H1,2025-10-07T04:00:00.000000000Z,1.17032,1.17074,1.16944,1.16983,2431
EUR_USD,H1,2025-10-07T05:00:00.000000000Z,1.16982,1.16998,1.16874,1.1692,3827
EUR_USD,H1,2025-10-07T06:00:00.000000000Z,1.16918,1.16919,1.1683,1.16868,8199
EUR_USD,H1,2025-10-07T07:00:00.000000000Z,1.16867,1.1688,1.16702,1.16764,8661
EUR_USD,H1,2025-10-07T08:00:00.000000000Z,1.16764,1.16827,1.16652,1.16658,6427
EUR_USD,H1,2025-10-07T09:00:00.000000000Z,1.16659,1.16711,1.16606,1.16666,6422
EUR_USD,H1,2025-10-07T10:00:00.000000000Z,1.16666,1.1676,1.16631,1.16742,6179
EUR_USD,H1,2025-10-07T11:00:00.000000000Z,1.16742,1.16743,1.16539,1.16626,7050
EUR_USD,H1,2025-10-07T12:00:00.000000000Z,1.16625,1.16672,1.16538,1.1667,9999
EUR_USD,H1,2025-10-07T13:00:00.000000000Z,1.1667,1.16702,1.16594,1.16603,11602
EUR_USD,H1,2025-10-07T14:00:00.000000000Z,1.16602,1.16662,1.16548,1.16631,11109
EUR_USD,H1,2025-10-07T15:00:00.000000000Z,1.16632,1.168,1.16615,1.1673,9679
EUR_USD,H1,2025-10-07T16:00:00.000000000Z,1.1673,1.16812,1.16699,1.16702,7629
EUR_USD,H1,2025-10-07T17:00:00.000000000Z,1.16702,1.16794,1.16666,1.16672,5714
EUR_USD,H1,2025-10-07T18:00:00.000000000Z,1.16672,1.1668,1.16568,1.16578,6086
EUR_USD,H1,2025-10-07T19:00:00.000000000Z,1.16577,1.16582,1.16477,1.16504,4292
EUR_USD,H1,2025-10-07T20:00:00.000000000Z,1.16502,1.16587,1.1649,1.16585,1891
EUR_USD,H1,2025-10-07T21:00:00.000000000Z,1.16568,1.1659,1.16568,1.16582,4359
EUR_USD,H1,2025-10-07T22:00:00.000000000Z,1.16578,1.16614,1.16577,1.16594,763
EUR_USD,H1,2025-10-07T23:00:00.000000000Z,1.16594,1.16595,1.16527,1.16528,2407
EUR_USD,H1,2025-10-08T00:00:00.000000000Z,1.1653,1.16531,1.16456,1.16474,4616
EUR_USD,H1,2025-10-08T01:00:00.000000000Z,1.16473,1.16473,1.16257,1.16266,9132
EUR_USD,H1,2025-10-08T02:00:00.000000000Z,1.16268,1.16276,1.1617,1.16239,5428
EUR_USD,H1,2025-10-08T03:00:00.000000000Z,1.16238,1.16247,1.16177,1.1624,3466
EUR_USD,H1,2025-10-08T04:00:00.000000000Z,1.1624,1.16254,1.16161,1.16192,3240
EUR_USD,H1,2025-10-08T05:00:00.000000000Z,1.1619,1.16195,1.16118,1.16173,4199
EUR_USD,H1,2025-10-08T06:00:00.000000000Z,1.16174,1.16204,1.1607,1.16166,8890
EUR_USD,H1,2025-10-08T07:00:00.000000000Z,1.16168,1.16343,1.16118,1.1631,11656
EUR_USD,H1,2025-10-08T08:00:00.000000000Z,1.16311,1.16356,1.16106,1.16146,8716
EUR_USD,H1,2025-10-08T09:00:00.000000000Z,1.16148,1.16204,1.1606,1.16114,9124
EUR_USD,H1,2025-10-08T10:00:00.000000000Z,1.16112,1.16364,1.16091,1.16337,7385
EUR_USD,H1,2025-10-08T11:00:00.000000000Z,1.16338,1.16348,1.16252,1.1626,7332
EUR_USD,H1,2025-10-08T12:00:00.000000000Z,1.16262,1.1638,1.16246,1.16324,7457
EUR_USD,H1,2025-10-08T13:00:00.000000000Z,1.16324,1.16448,1.16272,1.16318,10461
EUR_USD,H1,2025-10-08T14:00:00.000000000Z,1.16318,1.16364,1.16204,1.16216,10898
EUR_USD,H1,2025-10-08T15:00:00.000000000Z,1.16216,1.1622,1.1603,1.1606,9754
EUR_USD,H1,2025-10-08T16:00:00.000000000Z,1.1606,1.16071,1.15984,1.16054,6195
EUR_USD,H1,2025-10-08T17:00:00.000000000Z,1.16056,1.16094,1.16024,1.16076,4767
EUR_USD,H1,2025-10-08T18:00:00.000000000Z,1.16075,1.16222,1.15995,1.162,10931
EUR_USD,H1,2025-10-08T19:00:00.000000000Z,1.162,1.16284,1.162,1.1628,4622
EUR_USD,H1,2025-10-08T20:00:00.000000000Z,1.1628,1.16324,1.16265,1.1628,2426
EUR_USD,H1,2025-10-08T21:00:00.000000000Z,1.1627,1.16298,1.16238,1.16292,5653
EUR_USD,H1,2025-10-08T22:00:00.000000000Z,1.16292,1.1635,1.1628,1.16336,1102
EUR_USD,H1,2025-10-08T23:00:00.000000000Z,1.1634,1.1634,1.16282,1.16292,2364
EUR_USD,H1,2025-10-09T00:00:00.000000000Z,1.16292,1.16412,1.1628,1.16372,4491
EUR_USD,H1,2025-10-09T01:00:00.000000000Z,1.16372,1.16457,1.16366,1.164,6950
EUR_USD,H1,2025-10-09T02:00:00.000000000Z,1.16401,1.16478,1.1639,1.16439,3253
EUR_USD,H1,2025-10-09T03:00:00.000000000Z,1.1644,1.16466,1.16404,1.1645,2593
EUR_USD,H1,2025-10-09T04:00:00.000000000Z,1.1645,1.1647,1.1642,1.16456,2137
EUR_USD,H1,2025-10-09T05:00:00.000000000Z,1.16456,1.16483,1.16384,1.16384,3422
EUR_USD,H1,2025-10-09T06:00:00.000000000Z,1.16385,1.16386,1.16115,1.16158,11144
EUR_USD,H1,2025-10-09T07:00:00.000000000Z,1.16158,1.16234,1.16064,1.16112,10995
EUR_USD,H1,2025-10-09T08:00:00.000000000Z,1.16112,1.16146,1.1603,1.16126,8761
EUR_USD,H1,2025-10-09T09:00:00.000000000Z,1.16125,1.16273,1.1611,1.16258,11147
EUR_USD,H1,2025-10-09T10:00:00.000000000Z,1.16259,1.16275,1.16131,1.16186,6399
EUR_USD,H1,2025-10-09T11:00:00.000000000Z,1.16186,1.16222,1.16094,1.16122,7462
EUR_USD,H1,2025-10-09T12:00:00.000000000Z,1.16122,1.16164,1.1605,1.16151,10114
EUR_USD,H1,2025-10-09T13:00:00.000000000Z,1.16152,1.16232,1.15914,1.16028,19549
EUR_USD,H1,2025-10-09T14:00:00.000000000Z,1.16028,1.1603,1.15765,1.1581,18573
EUR_USD,H1,2025-10-09T15:00:00.000000000Z,1.15809,1.15818,1.15472,1.1559,16062
EUR_USD,H1,2025-10-09T16:00:00.000000000Z,1.15592,1.15634,1.15526,1.1558,9493
EUR_USD,H1,2025-10-09T17:00:00.000000000Z,1.15579,1.15664,1.15541,1.156,8430
EUR_USD,H1,2025-10-09T18:00:00.000000000Z,1.15599,1.15606,1.1542,1.15463,6173
EUR_USD,H1,2025-10-09T19:00:00.000000000Z,1.15464,1.15618,1.15464,1.15596,4790
EUR_USD,H1,2025-10-09T20:00:00.000000000Z,1.15595,1.1567,1.15588,1.15648,2762
EUR_USD,H1,2025-10-09T21:00:00.000000000Z,1.1561,1.15667,1.15596,1.15651,969
EUR_USD,H1,2025-10-09T22:00:00.000000000Z,1.15657,1.15672,1.15619,1.15649,1153
EUR_USD,H1,2025-10-09T23:00:00.000000000Z,1.15648,1.15664,1.1557,1.15656,4850
EUR_USD,H1,2025-10-10T00:00:00.000000000Z,1.15654,1.15708,1.15608,1.15677,4217
EUR_USD,H1,2025-10-10T01:00:00.000000000Z,1.15678,1.15713,1.15626,1.15628,3720
EUR_USD,H1,2025-10-10T02:00:00.000000000Z,1.1563,1.1573,1.15626,1.15697,3184
EUR_USD,H1,2025-10-10T03:00:00.000000000Z,1.15696,1.15743,1.15674,1.15729,2673
EUR_USD,H1,2025-10-10T04:00:00.000000000Z,1.15728,1.15738,1.15676,1.15738,2496
EUR_USD,H1,2025-10-10T05:00:00.000000000Z,1.15737,1.1578,1.15696,1.157,3730
EUR_USD,H1,2025-10-10T06:00:00.000000000Z,1.157,1.15749,1.1561,1.15704,10147
EUR_USD,H1,2025-10-10T07:00:00.000000000Z,1.15703,1.158,1.15639,1.15781,9899
EUR_USD,H1,2025-10-10T08:00:00.000000000Z,1.1578,1.15896,1.15754,1.15788,7955
EUR_USD,H1,2025-10-10T09:00:00.000000000Z,1.15788,1.158,1.15688,1.15746,6008
EUR_USD,H1,2025-10-10T10:00:00.000000000Z,1.15746,1.15836,1.15704,1.15716,5832
EUR_USD,H1,2025-10-10T11:00:00.000000000Z,1.15717,1.15751,1.15602,1.1561,7896
EUR_USD,H1,2025-10-10T12:00:00.000000000Z,1.15609,1.15762,1.15592,1.15719,8898
EUR_USD,H1,2025-10-10T13:00:00.000000000Z,1.15718,1.15736,1.15619,1.15693,9083
EUR_USD,H1,2025-10-10T14:00:00.000000000Z,1.15694,1.15824,1.15648,1.15784,12631
EUR_USD,H1,2025-10-10T15:00:00.000000000Z,1.15785,1.16308,1.1578,1.16127,33940
EUR_USD,H1,2025-10-10T16:00:00.000000000Z,1.16126,1.16258,1.1604,1.16058,14777
EUR_USD,H1,2025-10-10T17:00:00.000000000Z,1.16058,1.16094,1.15971,1.16012,7318
EUR_USD,H1,2025-10-10T18:00:00.000000000Z,1.16014,1.16132,1.16002,1.16085,5243
EUR_USD,H1,2025-10-10T19:00:00.000000000Z,1.16084,1.16154,1.16038,1.16126,4143
EUR_USD,H1,2025-10-10T20:00:00.000000000Z,1.16128,1.16291,1.16039,1.16224,7766
EUR_USD,H1,2025-10-12T21:00:00.000000000Z,1.16114,1.16166,1.16095,1.1615,1132
EUR_USD,H1,2025-10-12T22:00:00.000000000Z,1.16152,1.16152,1.15922,1.16032,4911
EUR_USD,H1,2025-10-12T23:00:00.000000000Z,1.16034,1.16102,1.16004,1.16016,5163
EUR_USD,H1,2025-10-13T00:00:00.000000000Z,1.16014,1.1616,1.16002,1.16159,7117
EUR_USD,H1,2025-10-13T01:00:00.000000000Z,1.1616,1.16212,1.16097,1.16198,7182
EUR_USD,H1,2025-10-13T02:00:00.000000000Z,1.162,1.16276,1.16168,1.16196,4244
EUR_USD,H1,2025-10-13T03:00:00.000000000Z,1.16197,1.16218,1.16162,1.16208,3185
EUR_USD,H1,2025-10-13T04:00:00.000000000Z,1.16207,1.16255,1.1618,1.16204,2148
EUR_USD,H1,2025-10-13T05:00:00.000000000Z,1.16205,1.16238,1.1613,1.1615,4417
EUR_USD,H1,2025-10-13T06:00:00.000000000Z,1.16149,1.16299,1.16106,1.1614,9659
EUR_USD,H1,2025-10-13T07:00:00.000000000Z,1.1614,1.16158,1.15976,1.15999,12614
EUR_USD,H1,2025-10-13T08:00:00.000000000Z,1.16,1.16049,1.15816,1.15856,10057
EUR_USD,H1,2025-10-13T09:00:00.000000000Z,1.15854,1.15982,1.15845,1.15942,6024
EUR_USD,H1,2025-10-13T10:00:00.000000000Z,1.15942,1.15958,1.15815,1.15837,6293
EUR_USD,H1,2025-10-13T11:00:00.000000000Z,1.15836,1.15944,1.15656,1.15684,10118
EUR_USD,H1,2025-10-13T12:00:00.000000000Z,1.15686,1.15766,1.15616,1.15688,9338
EUR_USD,H1,2025-10-13T13:00:00.000000000Z,1.15686,1.15776,1.15648,1.15752,10875
EUR_USD,H1,2025-10-13T14:00:00.000000000Z,1.15752,1.15753,1.15575,1.15612,10404
EUR_USD,H1,2025-10-13T15:00:00.000000000Z,1.15613,1.15756,1.15602,1.1574,6439
EUR_USD,H1,2025-10-13T16:00:00.000000000Z,1.15741,1.15794,1.15697,1.15754,5523
EUR_USD,H1,2025-10-13T17:00:00.000000000Z,1.15754,1.15772,1.157,1.15733,3990
EUR_USD,H1,2025-10-13T18:00:00.000000000Z,1.15732,1.15777,1.1566,1.15685,3833
EUR_USD,H1,2025-10-13T19:00:00.000000000Z,1.15686,1.1574,1.1566,1.15662,2887
EUR_USD,H1,2025-10-13T20:00:00.000000000Z,1.15662,1.15708,1.15652,1.15707,1933
EUR_USD,H1,2025-10-13T21:00:00.000000000Z,1.15704,1.15733,1.15702,1.15719,669
EUR_USD,H1,2025-10-13T22:00:00.000000000Z,1.1572,1.15741,1.15677,1.15678,1121
EUR_USD,H1,2025-10-13T23:00:00.000000000Z,1.15678,1.15698,1.15636,1.15656,2592
EUR_USD,H1,2025-10-14T00:00:00.000000000Z,1.15656,1.15672,1.15552,1.15613,6302
EUR_USD,H1,2025-10-14T01:00:00.000000000Z,1.15614,1.15735,1.15608,1.15708,5708
EUR_USD,H1,2025-10-14T02:00:00.000000000Z,1.15709,1.15763,1.15704,1.15738,3688
EUR_USD,H1,2025-10-14T03:00:00.000000000Z,1.15737,1.1582,1.15716,1.15788,3543
EUR_USD,H1,2025-10-14T04:00:00.000000000Z,1.15788,1.15928,1.15785,1.1592,6738
EUR_USD,H1,2025-10-14T05:00:00.000000000Z,1.1592,1.15936,1.15826,1.15846,7180
EUR_USD,H1,2025-10-14T06:00:00.000000000Z,1.15845,1.15897,1.1563,1.15702,14358
EUR_USD,H1,2025-10-14T07:00:00.000000000Z,1.15702,1.15746,1.15424,1.15495,14795
EUR_USD,H1,2025-10-14T08:00:00.000000000Z,1.15494,1.15608,1.15456,1.15594,10219
EUR_USD,H1,2025-10-14T09:00:00.000000000Z,1.15594,1.15635,1.15517,1.15552,8373
EUR_USD,H1,2025-10-14T10:00:00.000000000Z,1.15552,1.15596,1.15513,1.15536,7737
EUR_USD,H1,2025-10-14T11:00:00.000000000Z,1.15534,1.15584,1.15464,1.15522,8382
EUR_USD,H1,2025-10-14T12:00:00.000000000Z,1.15522,1.15653,1.1548,1.15556,11869
EUR_USD,H1,2025-10-14T13:00:00.000000000Z,1.15556,1.15832,1.15544,1.15742,18095
EUR_USD,H1,2025-10-14T14:00:00.000000000Z,1.15741,1.15974,1.1569,1.15941,16296
EUR_USD,H1,2025-10-14T15:00:00.000000000Z,1.15941,1.16084,1.15866,1.16073,14222
EUR_USD,H1,2025-10-14T16:00:00.000000000Z,1.16074,1.16152,1.16012,1.16095,12663
EUR_USD,H1,2025-10-14T17:00:00.000000000Z,1.16093,1.16123,1.16018,1.16095,7594
EUR_USD,H1,2025-10-14T18:00:00.000000000Z,1.16095,1.16119,1.16036,1.16051,5908
EUR_USD,H1,2025-10-14T19:00:00.000000000Z,1.1605,1.16114,1.16044,1.16056,7691
EUR_USD,H1,2025-10-14T20:00:00.000000000Z,1.16057,1.16084,1.15999,1.16079,2309
EUR_USD,H1,2025-10-14T21:00:00.000000000Z,1.16078,1.16084,1.16073,1.16079,272
EUR_USD,H1,2025-10-14T22:00:00.000000000Z,1.16082,1.16096,1.16036,1.16036,1256
EUR_USD,H1,2025-10-14T23:00:00.000000000Z,1.16035,1.16058,1.1602,1.16034,1962
EUR_USD,H1,2025-10-15T00:00:00.000000000Z,1.16033,1.16142,1.16019,1.16105,6018
EUR_USD,H1,2025-10-15T01:00:00.000000000Z,1.16106,1.1623,1.16071,1.16192,7062
EUR_USD,H1,2025-10-15T02:00:00.000000000Z,1.16193,1.16259,1.1618,1.1623,5027
EUR_USD,H1,2025-10-15T03:00:00.000000000Z,1.16229,1.16242,1.16186,1.16224,4036
EUR_USD,H1,2025-10-15T04:00:00.000000000Z,1.16224,1.16244,1.1617,1.16184,3108
EUR_USD,H1,2025-10-15T05:00:00.000000000Z,1.16186,1.16266,1.16185,1.16196,4349
EUR_USD,H1,2025-10-15T06:00:00.000000000Z,1.16196,1.16386,1.16176,1.16342,9829
EUR_USD,H1,2025-10-15T07:00:00.000000000Z,1.16341,1.16446,1.16294,1.16358,10340
EUR_USD,H1,2025-10-15T08:00:00.000000000Z,1.16358,1.16456,1.16316,1.16328,9329
EUR_USD,H1,2025-10-15T09:00:00.000000000Z,1.16325,1.16394,1.1628,1.16348,8485
EUR_USD,H1,2025-10-15T10:00:00.000000000Z,1.16347,1.1635,1.16206,1.16243,5244
EUR_USD,H1,2025-10-15T11:00:00.000000000Z,1.16244,1.16324,1.16197,1.16201,6444
EUR_USD,H1,2025-10-15T12:00:00.000000000Z,1.162,1.16278,1.16139,1.16176,11362
EUR_USD,H1,2025-10-15T13:00:00.000000000Z,1.16177,1.16321,1.16104,1.16274,15284
EUR_USD,H1,2025-10-15T14:00:00.000000000Z,1.16274,1.16303,1.16196,1.16246,10891
EUR_USD,H1,2025-10-15T15:00:00.000000000Z,1.16246,1.16474,1.16185,1.16371,12493
EUR_USD,H1,2025-10-15T16:00:00.000000000Z,1.16372,1.1641,1.16286,1.164,9462
EUR_USD,H1,2025-10-15T17:00:00.000000000Z,1.16399,1.16402,1.1627,1.16294,9886
EUR_USD,H1,2025-10-15T18:00:00.000000000Z,1.16294,1.16376,1.16279,1.16333,5191
EUR_USD,H1,2025-10-15T19:00:00.000000000Z,1.16332,1.16449,1.1633,1.16445,4031
EUR_USD,H1,2025-10-15T20:00:00.000000000Z,1.16444,1.16478,1.16428,1.16466,2761
EUR_USD,H1,2025-10-15T21:00:00.000000000Z,1.16458,1.16462,1.16433,1.16442,850
EUR_USD,H1,2025-10-15T22:00:00.000000000Z,1.16439,1.1652,1.16436,1.16466,1619
EUR_USD,H1,2025-10-15T23:00:00.000000000Z,1.16467,1.16474,1.16448,1.1646,2106
EUR_USD,H1,2025-10-16T00:00:00.000000000Z,1.16458,1.16671,1.1643,1.16632,7913
EUR_USD,H1,2025-10-16T01:00:00.000000000Z,1.16634,1.16754,1.16612,1.16702,8115
EUR_USD,H1,2025-10-16T02:00:00.000000000Z,1.16701,1.16748,1.16643,1.16662,5171
EUR_USD,H1,2025-10-16T03:00:00.000000000Z,1.16661,1.16672,1.16616,1.16622,3912
EUR_USD,H1,2025-10-16T04:00:00.000000000Z,1.16622,1.16624,1.16558,1.16562,2352
EUR_USD,H1,2025-10-16T05:00:00.000000000Z,1.16561,1.16616,1.16538,1.16602,4732
EUR_USD,H1,2025-10-16T06:00:00.000000000Z,1.16602,1.16681,1.16521,1.16539,9841
EUR_USD,H1,2025-10-16T07:00:00.000000000Z,1.1654,1.16568,1.16432,1.1652,12159
EUR_USD,H1,2025-10-16T08:00:00.000000000Z,1.16518,1.16598,1.16486,1.1659,8858
EUR_USD,H1,2025-10-16T09:00:00.000000000Z,1.1659,1.1664,1.16524,1.16583,6881
EUR_USD,H1,2025-10-16T10:00:00.000000000Z,1.16585,1.16631,1.1653,1.16555,6999
EUR_USD,H1,2025-10-16T11:00:00.000000000Z,1.16554,1.16565,1.16464,1.1654,8206
EUR_USD,H1,2025-10-16T12:00:00.000000000Z,1.1654,1.16617,1.1649,1.16606,9984
EUR_USD,H1,2025-10-16T13:00:00.000000000Z,1.16608,1.16644,1.16501,1.16576,12836
EUR_USD,H1,2025-10-16T14:00:00.000000000Z,1.16575,1.16781,1.16536,1.16771,12323
EUR_USD,H1,2025-10-16T15:00:00.000000000Z,1.1677,1.16782,1.16612,1.16646,10466
EUR_USD,H1,2025-10-16T16:00:00.000000000Z,1.16644,1.16791,1.16643,1.16771,14190
EUR_USD,H1,2025-10-16T17:00:00.000000000Z,1.16772,1.16938,1.16768,1.16882,11886
EUR_USD,H1,2025-10-16T18:00:00.000000000Z,1.16884,1.16934,1.16804,1.16894,9222
EUR_USD,H1,2025-10-16T19:00:00.000000000Z,1.16895,1.16942,1.16872,1.1689,6314
EUR_USD,H1,2025-10-16T20:00:00.000000000Z,1.16888,1.16914,1.16848,1.16877,2475
EUR_USD,H1,2025-10-16T21:00:00.000000000Z,1.16857,1.16912,1.16857,1.16888,742
EUR_USD,H1,2025-10-16T22:00:00.000000000Z,1.1689,1.1696,1.16875,1.16946,2256
EUR_USD,H1,2025-10-16T23:00:00.000000000Z,1.16946,1.16998,1.16934,1.16992,2642
EUR_USD,H1,2025-10-17T00:00:00.000000000Z,1.16992,1.17114,1.16952,1.17068,5077
EUR_USD,H1,2025-10-17T01:00:00.000000000Z,1.17067,1.17098,1.16999,1.17009,7743
EUR_USD,H1,2025-10-17T02:00:00.000000000Z,1.1701,1.17114,1.16953,1.17052,5301
EUR_USD,H1,2025-10-17T03:00:00.000000000Z,1.17053,1.17123,1.17047,1.17093,4022
EUR_USD,H1,2025-10-17T04:00:00.000000000Z,1.17095,1.17122,1.17062,1.17099,3482
EUR_USD,H1,2025-10-17T05:00:00.000000000Z,1.171,1.17285,1.17098,1.17232,4949
EUR_USD,H1,2025-10-17T06:00:00.000000000Z,1.17232,1.17266,1.17084,1.17107,13185
EUR_USD,H1,2025-10-17T07:00:00.000000000Z,1.17108,1.1715,1.16935,1.17118,19214
EUR_USD,H1,2025-10-17T08:00:00.000000000Z,1.17118,1.17162,1.16916,1.16972,13069
EUR_USD,H1,2025-10-17T09:00:00.000000000Z,1.16974,1.17076,1.16964,1.17012,6503
EUR_USD,H1,2025-10-17T10:00:00.000000000Z,1.1701,1.17027,1.16874,1.16897,6956
EUR_USD,H1,2025-10-17T11:00:00.000000000Z,1.16898,1.1697,1.16803,1.1685,11875
EUR_USD,H1,2025-10-17T12:00:00.000000000Z,1.16853,1.16864,1.16671,1.16766,12366
EUR_USD,H1,2025-10-17T13:00:00.000000000Z,1.16765,1.16814,1.1669,1.16706,14763
EUR_USD,H1,2025-10-17T14:00:00.000000000Z,1.16706,1.16732,1.16567,1.16669,16120
EUR_USD,H1,2025-10-17T15:00:00.000000000Z,1.16668,1.16735,1.16607,1.16734,10749
EUR_USD,H1,2025-10-17T16:00:00.000000000Z,1.16735,1.16794,1.16698,1.16709,6819
EUR_USD,H1,2025-10-17T17:00:00.000000000Z,1.16708,1.16759,1.1667,1.16678,6826
EUR_USD,H1,2025-10-17T18:00:00.000000000Z,1.16678,1.16743,1.16639,1.1668,6276
EUR_USD,H1,2025-10-17T19:00:00.000000000Z,1.1668,1.16715,1.1666,1.16706,4348
EUR_USD,H1,2025-10-17T20:00:00.000000000Z,1.16701,1.16702,1.16502,1.16511,3925
EUR_USD,H1,2025-10-19T21:00:00.000000000Z,1.1667,1.16672,1.16576,1.16578,579
EUR_USD,H1,2025-10-19T22:00:00.000000000Z,1.16574,1.16588,1.16519,1.16558,1746
EUR_USD,H1,2025-10-19T23:00:00.000000000Z,1.1656,1.16617,1.16543,1.16582,2799
EUR_USD,H1,2025-10-20T00:00:00.000000000Z,1.16579,1.16666,1.16578,1.16666,5877
EUR_USD,H1,2025-10-20T01:00:00.000000000Z,1.16666,1.16676,1.16566,1.166,4571
EUR_USD,H1,2025-10-20T02:00:00.000000000Z,1.16602,1.16707,1.16602,1.16658,3723
EUR_USD,H1,2025-10-20T03:00:00.000000000Z,1.16658,1.16688,1.16648,1.16682,2924
EUR_USD,H1,2025-10-20T04:00:00.000000000Z,1.16682,1.1674,1.16655,1.16716,3236
EUR_USD,H1,2025-10-20T05:00:00.000000000Z,1.16714,1.16756,1.16701,1.16738,3424
EUR_USD,H1,2025-10-20T06:00:00.000000000Z,1.16737,1.16737,1.16567,1.16585,8449
EUR_USD,H1,2025-10-20T07:00:00.000000000Z,1.16586,1.16682,1.16536,1.16626,9198
EUR_USD,H1,2025-10-20T08:00:00.000000000Z,1.16625,1.16666,1.16578,1.16635,8567
EUR_USD,H1,2025-10-20T09:00:00.000000000Z,1.16637,1.16678,1.16592,1.1662,9591
EUR_USD,H1,2025-10-20T10:00:00.000000000Z,1.1662,1.16632,1.16512,1.16534,6781
EUR_USD,H1,2025-10-20T11:00:00.000000000Z,1.16534,1.16564,1.16444,1.16564,7070
EUR_USD,H1,2025-10-20T12:00:00.000000000Z,1.16566,1.16604,1.16502,1.16535,9968
EUR_USD,H1,2025-10-20T13:00:00.000000000Z,1.16536,1.16544,1.16464,1.16493,9844
EUR_USD,H1,2025-10-20T14:00:00.000000000Z,1.16494,1.16643,1.16475,1.16538,8509
EUR_USD,H1,2025-10-20T15:00:00.000000000Z,1.16538,1.16646,1.16526,1.1655,8774
EUR_USD,H1,2025-10-20T16:00:00.000000000Z,1.16551,1.16582,1.16494,1.16496,6126
EUR_USD,H1,2025-10-20T17:00:00.000000000Z,1.16493,1.1653,1.16414,1.16432,4378
EUR_USD,H1,2025-10-20T18:00:00.000000000Z,1.16433,1.16485,1.16382,1.16464,4849
EUR_USD,H1,2025-10-20T19:00:00.000000000Z,1.16464,1.16493,1.164,1.16408,3661
EUR_USD,H1,2025-10-20T20:00:00.000000000Z,1.1641,1.16445,1.16402,1.16413,2066
EUR_USD,H1,2025-10-20T21:00:00.000000000Z,1.16426,1.16454,1.16416,1.16446,413
EUR_USD,H1,2025-10-20T22:00:00.000000000Z,1.16445,1.16455,1.16426,1.16434,951
EUR_USD,H1,2025-10-20T23:00:00.000000000Z,1.16434,1.16452,1.16424,1.16442,1713
EUR_USD,H1,2025-10-21T00:00:00.000000000Z,1.1644,1.16553,1.16433,1.16532,4757
EUR_USD,H1,2025-10-21T01:00:00.000000000Z,1.16531,1.16531,1.16421,1.16448,4938
EUR_USD,H1,2025-10-21T02:00:00.000000000Z,1.16451,1.16452,1.16328,1.16341,5009
EUR_USD,H1,2025-10-21T03:00:00.000000000Z,1.16341,1.16359,1.1633,1.16348,3051
EUR_USD,H1,2025-10-21T04:00:00.000000000Z,1.16347,1.16369,1.16319,1.1636,4047
EUR_USD,H1,2025-10-21T05:00:00.000000000Z,1.16362,1.16378,1.16244,1.16253,6475
EUR_USD,H1,2025-10-21T06:00:00.000000000Z,1.16252,1.1634,1.16187,1.1632,7709
EUR_USD,H1,2025-10-21T07:00:00.000000000Z,1.16319,1.16356,1.16218,1.16254,10692
EUR_USD,H1,2025-10-21T08:00:00.000000000Z,1.16252,1.16277,1.16127,1.16212,10660
EUR_USD,H1,2025-10-21T09:00:00.000000000Z,1.16213,1.16273,1.1616,1.16206,8106
EUR_USD,H1,2025-10-21T10:00:00.000000000Z,1.16206,1.16234,1.16066,1.1618,8922
EUR_USD,H1,2025-10-21T11:00:00.000000000Z,1.16181,1.1626,1.16091,1.16129,8857
EUR_USD,H1,2025-10-21T12:00:00.000000000Z,1.16128,1.1617,1.16019,1.16112,13358
EUR_USD,H1,2025-10-21T13:00:00.000000000Z,1.16111,1.1617,1.16026,1.16126,15883
EUR_USD,H1,2025-10-21T14:00:00.000000000Z,1.16126,1.16182,1.15977,1.16044,14630
EUR_USD,H1,2025-10-21T15:00:00.000000000Z,1.16044,1.16166,1.16041,1.16152,9874
EUR_USD,H1,2025-10-21T16:00:00.000000000Z,1.16152,1.16248,1.1608,1.1609,11005
EUR_USD,H1,2025-10-21T17:00:00.000000000Z,1.1609,1.16102,1.16014,1.16038,6775
EUR_USD,H1,2025-10-21T18:00:00.000000000Z,1.1604,1.16086,1.16035,1.16051,4685
EUR_USD,H1,2025-10-21T19:00:00.000000000Z,1.1605,1.16077,1.16,1.16008,3697
EUR_USD,H1,2025-10-21T20:00:00.000000000Z,1.16008,1.1603,1.15991,1.16,1677
EUR_USD,H1,2025-10-21T21:00:00.000000000Z,1.15998,1.16057,1.15997,1.16056,739
EUR_USD,H1,2025-10-21T22:00:00.000000000Z,1.16058,1.16058,1.15998,1.16004,1088
EUR_USD,H1,2025-10-21T23:00:00.000000000Z,1.16003,1.1602,1.1599,1.15996,1704
EUR_USD,H1,2025-10-22T00:00:00.000000000Z,1.15996,1.1608,1.15996,1.16047,5798
EUR_USD,H1,2025-10-22T01:00:00.000000000Z,1.16048,1.16093,1.16014,1.16049,4267
EUR_USD,H1,2025-10-22T02:00:00.000000000Z,1.1605,1.1611,1.1605,1.16086,3024
EUR_USD,H1,2025-10-22T03:00:00.000000000Z,1.16085,1.16092,1.16046,1.16072,2679
EUR_USD,H1,2025-10-22T04:00:00.000000000Z,1.16072,1.16096,1.1605,1.16092,2456
EUR_USD,H1,2025-10-22T05:00:00.000000000Z,1.16092,1.16158,1.1609,1.16136,2967
EUR_USD,H1,2025-10-22T06:00:00.000000000Z,1.16136,1.1615,1.16042,1.16096,10440
EUR_USD,H1,2025-10-22T07:00:00.000000000Z,1.16096,1.16129,1.15996,1.16008,9234
EUR_USD,H1,2025-10-22T08:00:00.000000000Z,1.16007,1.16008,1.15898,1.15976,10715
EUR_USD,H1,2025-10-22T09:00:00.000000000Z,1.15976,1.16021,1.15924,1.15946,6000
EUR_USD,H1,2025-10-22T10:00:00.000000000Z,1.15946,1.1597,1.15828,1.15858,5391
EUR_USD,H1,2025-10-22T11:00:00.000000000Z,1.15858,1.15892,1.15824,1.15825,7801
EUR_USD,H1,2025-10-22T12:00:00.000000000Z,1.15824,1.15917,1.1577,1.1583,10064
EUR_USD,H1,2025-10-22T13:00:00.000000000Z,1.15831,1.15977,1.1582,1.1595,11165
EUR_USD,H1,2025-10-22T14:00:00.000000000Z,1.15949,1.16116,1.15924,1.16112,11052
EUR_USD,H1,2025-10-22T15:00:00.000000000Z,1.16112,1.16169,1.16088,1.16113,10660
EUR_USD,H1,2025-10-22T16:00:00.000000000Z,1.16112,1.16226,1.16103,1.16195,9789
EUR_USD,H1,2025-10-22T17:00:00.000000000Z,1.16196,1.16207,1.16126,1.16146,7697
EUR_USD,H1,2025-10-22T18:00:00.000000000Z,1.16144,1.16156,1.16076,1.16091,4971
EUR_USD,H1,2025-10-22T19:00:00.000000000Z,1.16092,1.16112,1.16048,1.1606,4048
EUR_USD,H1,2025-10-22T20:00:00.000000000Z,1.16059,1.1611,1.16058,1.161,1576
EUR_USD,H1,2025-10-22T21:00:00.000000000Z,1.16124,1.16134,1.16106,1.1613,573
EUR_USD,H1,2025-10-22T22:00:00.000000000Z,1.1613,1.16146,1.16112,1.16123,839
EUR_USD,H1,2025-10-22T23:00:00.000000000Z,1.16125,1.16127,1.16067,1.16072,2142
EUR_USD,H1,2025-10-23T00:00:00.000000000Z,1.1607,1.16075,1.15976,1.16042,4141
EUR_USD,H1,2025-10-23T01:00:00.000000000Z,1.16042,1.16056,1.15977,1.15979,4197
EUR_USD,H1,2025-10-23T02:00:00.000000000Z,1.1598,1.15995,1.15952,1.15967,3216
EUR_USD,H1,2025-10-23T03:00:00.000000000Z,1.15967,1.15986,1.1592,1.15929,2215
EUR_USD,H1,2025-10-23T04:00:00.000000000Z,1.15928,1.15992,1.15906,1.15988,2387
EUR_USD,H1,2025-10-23T05:00:00.000000000Z,1.15987,1.16043,1.15969,1.16016,2417
EUR_USD,H1,2025-10-23T06:00:00.000000000Z,1.16014,1.16039,1.15907,1.15944,6554
EUR_USD,H1,2025-10-23T07:00:00.000000000Z,1.15944,1.16016,1.1591,1.16002,7515
EUR_USD,H1,2025-10-23T08:00:00.000000000Z,1.16002,1.16062,1.15928,1.15963,6109
EUR_USD,H1,2025-10-23T09:00:00.000000000Z,1.15964,1.16004,1.15932,1.15937,4922
EUR_USD,H1,2025-10-23T10:00:00.000000000Z,1.15936,1.15948,1.15854,1.15879,4614
EUR_USD,H1,2025-10-23T11:00:00.000000000Z,1.1588,1.1593,1.15854,1.15872,5519
EUR_USD,H1,2025-10-23T12:00:00.000000000Z,1.15874,1.1606,1.15867,1.16006,7701
EUR_USD,H1,2025-10-23T13:00:00.000000000Z,1.16008,1.16107,1.15982,1.16069,10608
EUR_USD,H1,2025-10-23T14:00:00.000000000Z,1.16068,1.162,1.16055,1.16132,10162
EUR_USD,H1,2025-10-23T15:00:00.000000000Z,1.16132,1.16158,1.16064,1.16118,7047
EUR_USD,H1,2025-10-23T16:00:00.000000000Z,1.16118,1.16162,1.16064,1.1607,5795
EUR_USD,H1,2025-10-23T17:00:00.000000000Z,1.16068,1.16124,1.16043,1.16117,4909
EUR_USD,H1,2025-10-23T18:00:00.000000000Z,1.16118,1.1618,1.16098,1.16176,3147
EUR_USD,H1,2025-10-23T19:00:00.000000000Z,1.16176,1.16202,1.16153,1.16166,3028
EUR_USD,H1,2025-10-23T20:00:00.000000000Z,1.16166,1.16194,1.16137,1.16181,1643
EUR_USD,H1,2025-10-23T21:00:00.000000000Z,1.16168,1.16182,1.16152,1.1618,894
EUR_USD,H1,2025-10-23T22:00:00.000000000Z,1.16181,1.16216,1.16176,1.16182,982
EUR_USD,H1,2025-10-23T23:00:00.000000000Z,1.16182,1.1619,1.1615,1.16172,1352
EUR_USD,H1,2025-10-24T00:00:00.000000000Z,1.16171,1.16217,1.16168,1.1618,3540
EUR_USD,H1,2025-10-24T01:00:00.000000000Z,1.1618,1.16188,1.16088,1.16095,2967
EUR_USD,H1,2025-10-24T02:00:00.000000000Z,1.16096,1.16126,1.16077,1.1608,2747
EUR_USD,H1,2025-10-24T03:00:00.000000000Z,1.1608,1.16116,1.16071,1.16091,1688
EUR_USD,H1,2025-10-24T04:00:00.000000000Z,1.1609,1.16092,1.16056,1.16076,1938
EUR_USD,H1,2025-10-24T05:00:00.000000000Z,1.16075,1.1608,1.16018,1.16055,2417
EUR_USD,H1,2025-10-24T06:00:00.000000000Z,1.16054,1.16142,1.16009,1.16138,6007
EUR_USD,H1,2025-10-24T07:00:00.000000000Z,1.16136,1.16281,1.16019,1.16184,10266
EUR_USD,H1,2025-10-24T08:00:00.000000000Z,1.16185,1.1624,1.16064,1.16104,8822
EUR_USD,H1,2025-10-24T09:00:00.000000000Z,1.16104,1.16129,1.16052,1.16119,5373
EUR_USD,H1,2025-10-24T10:00:00.000000000Z,1.1612,1.16167,1.16111,1.1613,4154
EUR_USD,H1,2025-10-24T11:00:00.000000000Z,1.16128,1.16158,1.16069,1.1615,6069
EUR_USD,H1,2025-10-24T12:00:00.000000000Z,1.16151,1.16503,1.16086,1.16343,20880
EUR_USD,H1,2025-10-24T13:00:00.000000000Z,1.16344,1.16434,1.16204,1.16272,15518
EUR_USD,H1,2025-10-24T14:00:00.000000000Z,1.16271,1.16359,1.16182,1.1626,12529
EUR_USD,H1,2025-10-24T15:00:00.000000000Z,1.1626,1.16356,1.16214,1.16254,9875
EUR_USD,H1,2025-10-24T16:00:00.000000000Z,1.16253,1.16278,1.16211,1.16257,5343
EUR_USD,H1,2025-10-24T17:00:00.000000000Z,1.16255,1.16319,1.16245,1.16274,4046
EUR_USD,H1,2025-10-24T18:00:00.000000000Z,1.16275,1.1628,1.16248,1.16262,3319
EUR_USD,H1,2025-10-24T19:00:00.000000000Z,1.16262,1.16334,1.1626,1.16316,3029
EUR_USD,H1,2025-10-24T20:00:00.000000000Z,1.16319,1.1636,1.16208,1.16254,6858
EUR_USD,H1,2025-10-26T21:00:00.000000000Z,1.16358,1.16371,1.16274,1.16312,1452
EUR_USD,H1,2025-10-26T22:00:00.000000000Z,1.16318,1.16354,1.16258,1.16286,2917
EUR_USD,H1,2025-10-26T23:00:00.000000000Z,1.16283,1.1633,1.16258,1.16312,2843
EUR_USD,H1,2025-10-27T00:00:00.000000000Z,1.1631,1.16376,1.1628,1.1635,3991
EUR_USD,H1,2025-10-27T01:00:00.000000000Z,1.1635,1.16479,1.16334,1.1639,4798
EUR_USD,H1,2025-10-27T02:00:00.000000000Z,1.1639,1.16396,1.16302,1.16309,2577
EUR_USD,H1,2025-10-27T03:00:00.000000000Z,1.16308,1.16324,1.1627,1.16278,2213
EUR_USD,H1,2025-10-27T04:00:00.000000000Z,1.16278,1.16279,1.16209,1.16246,2076
EUR_USD,H1,2025-10-27T05:00:00.000000000Z,1.16246,1.16272,1.16209,1.16262,2684
EUR_USD,H1,2025-10-27T06:00:00.000000000Z,1.16263,1.16325,1.16248,1.16263,4981
EUR_USD,H1,2025-10-27T07:00:00.000000000Z,1.16264,1.16279,1.16199,1.162,6246
EUR_USD,H1,2025-10-27T08:00:00.000000000Z,1.162,1.16334,1.16178,1.16281,8131
EUR_USD,H1,2025-10-27T09:00:00.000000000Z,1.16281,1.164,1.16261,1.1638,7465
EUR_USD,H1,2025-10-27T10:00:00.000000000Z,1.16379,1.16446,1.16354,1.16416,5125
EUR_USD,H1,2025-10-27T11:00:00.000000000Z,1.16416,1.16474,1.16362,1.1646,5957
EUR_USD,H1,2025-10-27T12:00:00.000000000Z,1.1646,1.16517,1.16378,1.16414,7376
EUR_USD,H1,2025-10-27T13:00:00.000000000Z,1.16414,1.1643,1.16316,1.1636,7821
EUR_USD,H1,2025-10-27T14:00:00.000000000Z,1.16359,1.16425,1.16324,1.16409,7712
EUR_USD,H1,2025-10-27T15:00:00.000000000Z,1.1641,1.1642,1.16329,1.16353,7859
EUR_USD,H1,2025-10-27T16:00:00.000000000Z,1.16352,1.16411,1.16324,1.16387,5083
EUR_USD,H1,2025-10-27T17:00:00.000000000Z,1.16388,1.16416,1.16356,1.1638,3912
EUR_USD,H1,2025-10-27T18:00:00.000000000Z,1.1638,1.1652,1.16351,1.16504,4491
EUR_USD,H1,2025-10-27T19:00:00.000000000Z,1.16504,1.16505,1.1644,1.16476,4076
EUR_USD,H1,2025-10-27T20:00:00.000000000Z,1.16475,1.16489,1.16434,1.1645,2223
EUR_USD,H1,2025-10-27T21:00:00.000000000Z,1.16456,1.16472,1.16448,1.16462,966
EUR_USD,H1,2025-10-27T22:00:00.000000000Z,1.16464,1.16508,1.16456,1.16499,2052
EUR_USD,H1,2025-10-27T23:00:00.000000000Z,1.16499,1.16548,1.16495,1.16512,1979
EUR_USD,H1,2025-10-28T00:00:00.000000000Z,1.16512,1.16588,1.16465,1.16558,3922
EUR_USD,H1,2025-10-28T01:00:00.000000000Z,1.16557,1.16639,1.16552,1.16575,4336
EUR_USD,H1,2025-10-28T02:00:00.000000000Z,1.16576,1.16632,1.16539,1.16545,3183
EUR_USD,H1,2025-10-28T03:00:00.000000000Z,1.16544,1.1663,1.16542,1.166,3020
EUR_USD,H1,2025-10-28T04:00:00.000000000Z,1.16602,1.16676,1.1659,1.16664,3086
EUR_USD,H1,2025-10-28T05:00:00.000000000Z,1.16663,1.16681,1.16628,1.16638,3209
EUR_USD,H1,2025-10-28T06:00:00.000000000Z,1.16638,1.16672,1.16549,1.16558,4230
EUR_USD,H1,2025-10-28T07:00:00.000000000Z,1.16556,1.16614,1.16509,1.16552,6760
EUR_USD,H1,2025-10-28T08:00:00.000000000Z,1.16552,1.16628,1.16487,1.16521,9127
EUR_USD,H1,2025-10-28T09:00:00.000000000Z,1.1652,1.1659,1.16448,1.1657,6010
EUR_USD,H1,2025-10-28T10:00:00.000000000Z,1.1657,1.1665,1.1655,1.16642,5797
EUR_USD,H1,2025-10-28T11:00:00.000000000Z,1.16642,1.16644,1.16548,1.16592,4969
EUR_USD,H1,2025-10-28T12:00:00.000000000Z,1.16593,1.166,1.16349,1.16402,8976
EUR_USD,H1,2025-10-28T13:00:00.000000000Z,1.16402,1.16406,1.16256,1.16396,10283
EUR_USD,H1,2025-10-28T14:00:00.000000000Z,1.16396,1.16636,1.16373,1.16606,10633
EUR_USD,H1,2025-10-28T15:00:00.000000000Z,1.16607,1.16672,1.1655,1.16588,8393
EUR_USD,H1,2025-10-28T16:00:00.000000000Z,1.16588,1.1668,1.16529,1.16678,8397
EUR_USD,H1,2025-10-28T17:00:00.000000000Z,1.16678,1.16688,1.16592,1.1663,6418
EUR_USD,H1,2025-10-28T18:00:00.000000000Z,1.16632,1.16638,1.1656,1.16622,4320
EUR_USD,H1,2025-10-28T19:00:00.000000000Z,1.16622,1.16652,1.16518,1.16524,3889
EUR_USD,H1,2025-10-28T20:00:00.000000000Z,1.16523,1.16574,1.16511,1.16522,2152
EUR_USD,H1,2025-10-28T21:00:00.000000000Z,1.1651,1.1653,1.16508,1.16524,874
EUR_USD,H1,2025-10-28T22:00:00.000000000Z,1.16536,1.16542,1.165,1.16506,1535
EUR_USD,H1,2025-10-28T23:00:00.000000000Z,1.16507,1.16573,1.16486,1.16573,2040
EUR_USD,H1,2025-10-29T00:00:00.000000000Z,1.16572,1.1661,1.16533,1.16546,7782
EUR_USD,H1,2025-10-29T01:00:00.000000000Z,1.16545,1.16561,1.16464,1.16472,5418
EUR_USD,H1,2025-10-29T02:00:00.000000000Z,1.16473,1.16478,1.16416,1.16465,3019
EUR_USD,H1,2025-10-29T03:00:00.000000000Z,1.16466,1.16468,1.16368,1.16371,2592
EUR_USD,H1,2025-10-29T04:00:00.000000000Z,1.1637,1.16375,1.16315,1.16341,2733
EUR_USD,H1,2025-10-29T05:00:00.000000000Z,1.16342,1.16356,1.16272,1.16312,4339
EUR_USD,H1,2025-10-29T06:00:00.000000000Z,1.16314,1.16326,1.16249,1.163,4437
EUR_USD,H1,2025-10-29T07:00:00.000000000Z,1.16298,1.1638,1.16284,1.16326,8092
EUR_USD,H1,2025-10-29T08:00:00.000000000Z,1.16326,1.16342,1.16232,1.16233,6575
EUR_USD,H1,2025-10-29T09:00:00.000000000Z,1.16232,1.16472,1.16188,1.16412,7360
EUR_USD,H1,2025-10-29T10:00:00.000000000Z,1.16412,1.16488,1.16371,1.16474,5432
EUR_USD,H1,2025-10-29T11:00:00.000000000Z,1.16473,1.16486,1.1633,1.16398,5901
EUR_USD,H1,2025-10-29T12:00:00.000000000Z,1.16398,1.1645,1.16274,1.1634,7801
EUR_USD,H1,2025-10-29T13:00:00.000000000Z,1.1634,1.16458,1.16337,1.16366,9496
EUR_USD,H1,2025-10-29T14:00:00.000000000Z,1.16366,1.16515,1.16316,1.16505,7751
EUR_USD,H1,2025-10-29T15:00:00.000000000Z,1.16506,1.16648,1.1645,1.16637,9197
EUR_USD,H1,2025-10-29T16:00:00.000000000Z,1.16636,1.16659,1.16554,1.16572,6631
EUR_USD,H1,2025-10-29T17:00:00.000000000Z,1.16571,1.1659,1.16458,1.16489,5753
EUR_USD,H1,2025-10-29T18:00:00.000000000Z,1.16492,1.16514,1.15838,1.15946,36665
EUR_USD,H1,2025-10-29T19:00:00.000000000Z,1.15943,1.16,1.15776,1.15994,22987
EUR_USD,H1,2025-10-29T20:00:00.000000000Z,1.15994,1.16074,1.15908,1.16006,4652
EUR_USD,H1,2025-10-29T21:00:00.000000000Z,1.1601,1.1605,1.1601,1.16028,484
EUR_USD,H1,2025-10-29T22:00:00.000000000Z,1.16032,1.16055,1.16014,1.1604,873
EUR_USD,H1,2025-10-29T23:00:00.000000000Z,1.1604,1.16054,1.16015,1.1603,2020
EUR_USD,H1,2025-10-30T00:00:00.000000000Z,1.1603,1.16156,1.1597,1.1612,5163
EUR_USD,H1,2025-10-30T01:00:00.000000000Z,1.16122,1.16154,1.16087,1.16138,5282
EUR_USD,H1,2025-10-30T02:00:00.000000000Z,1.16138,1.16198,1.16124,1.16173,3591
EUR_USD,H1,2025-10-30T03:00:00.000000000Z,1.16174,1.162,1.1607,1.16155,6300
EUR_USD,H1,2025-10-30T04:00:00.000000000Z,1.16156,1.16374,1.16136,1.1632,9764
EUR_USD,H1,2025-10-30T05:00:00.000000000Z,1.16321,1.16342,1.16236,1.1624,4664
EUR_USD,H1,2025-10-30T06:00:00.000000000Z,1.1624,1.16297,1.16182,1.16196,6868
EUR_USD,H1,2025-10-30T07:00:00.000000000Z,1.16196,1.16228,1.16096,1.16186,9006
EUR_USD,H1,2025-10-30T08:00:00.000000000Z,1.16188,1.16204,1.16065,1.16172,9211
EUR_USD,H1,2025-10-30T09:00:00.000000000Z,1.16172,1.16284,1.16142,1.16167,7835
EUR_USD,H1,2025-10-30T10:00:00.000000000Z,1.16168,1.162,1.1606,1.16068,6469
EUR_USD,H1,2025-10-30T11:00:00.000000000Z,1.16067,1.16112,1.15962,1.15979,7208
EUR_USD,H1,2025-10-30T12:00:00.000000000Z,1.1598,1.15992,1.15532,1.15551,11795
EUR_USD,H1,2025-10-30T13:00:00.000000000Z,1.15552,1.15797,1.1547,1.15796,15748
EUR_USD,H1,2025-10-30T14:00:00.000000000Z,1.15797,1.15864,1.15678,1.15732,15613
EUR_USD,H1,2025-10-30T15:00:00.000000000Z,1.15732,1.15774,1.15607,1.15636,7481
EUR_USD,H1,2025-10-30T16:00:00.000000000Z,1.15639,1.15714,1.15595,1.15694,6055
EUR_USD,H1,2025-10-30T17:00:00.000000000Z,1.15692,1.15698,1.15604,1.15664,4806
EUR_USD,H1,2025-10-30T18:00:00.000000000Z,1.15664,1.15704,1.15644,1.1568,5017
EUR_USD,H1,2025-10-30T19:00:00.000000000Z,1.1568,1.15716,1.15618,1.15642,3767
EUR_USD,H1,2025-10-30T20:00:00.000000000Z,1.15643,1.15724,1.15636,1.15653,2022
EUR_USD,H1,2025-10-30T21:00:00.000000000Z,1.15673,1.15704,1.15647,1.15696,1148
EUR_USD,H1,2025-10-30T22:00:00.000000000Z,1.15694,1.15699,1.15662,1.1568,1088
EUR_USD,H1,2025-10-30T23:00:00.000000000Z,1.1568,1.15734,1.15658,1.15718,1727
EUR_USD,H1,2025-10-31T00:00:00.000000000Z,1.15718,1.15772,1.15702,1.15738,3924
EUR_USD,H1,2025-10-31T01:00:00.000000000Z,1.15738,1.15776,1.15666,1.15676,3716
EUR_USD,H1,2025-10-31T02:00:00.000000000Z,1.15676,1.15746,1.1565,1.1568,3461
EUR_USD,H1,2025-10-31T03:00:00.000000000Z,1.1568,1.1571,1.1566,1.15674,2510
EUR_USD,H1,2025-10-31T04:00:00.000000000Z,1.15673,1.15733,1.15664,1.15721,2127
EUR_USD,H1,2025-10-31T05:00:00.000000000Z,1.15722,1.15722,1.15662,1.15681,2764
EUR_USD,H1,2025-10-31T06:00:00.000000000Z,1.15682,1.15734,1.15608,1.15614,4119
EUR_USD,H1,2025-10-31T07:00:00.000000000Z,1.15614,1.1566,1.1555,1.15648,6949
EUR_USD,H1,2025-10-31T08:00:00.000000000Z,1.15648,1.15714,1.15598,1.15708,5909
EUR_USD,H1,2025-10-31T09:00:00.000000000Z,1.15708,1.15769,1.15655,1.15761,5685
EUR_USD,H1,2025-10-31T10:00:00.000000000Z,1.1576,1.15762,1.15674,1.1571,4803
EUR_USD,H1,2025-10-31T11:00:00.000000000Z,1.1571,1.15743,1.1558,1.15669,4882
EUR_USD,H1,2025-10-31T12:00:00.000000000Z,1.15668,1.15668,1.15534,1.1556,8494
EUR_USD,H1,2025-10-31T13:00:00.000000000Z,1.15558,1.15564,1.15302,1.15388,11198
EUR_USD,H1,2025-10-31T14:00:00.000000000Z,1.15388,1.15427,1.15219,1.1534,11314
EUR_USD,H1,2025-10-31T15:00:00.000000000Z,1.15341,1.15432,1.15237,1.15409,12048
EUR_USD,H1,2025-10-31T16:00:00.000000000Z,1.15408,1.15436,1.15281,1.15302,9139
EUR_USD,H1,2025-10-31T17:00:00.000000000Z,1.15303,1.15312,1.1522,1.15242,4660
EUR_USD,H1,2025-10-31T18:00:00.000000000Z,1.15238,1.15272,1.15216,1.1525,3675
EUR_USD,H1,2025-10-31T19:00:00.000000000Z,1.15251,1.15317,1.1523,1.15256,3325
EUR_USD,H1,2025-10-31T20:00:00.000000000Z,1.15257,1.15397,1.15254,1.15363,3860
EUR_USD,H1,2025-11-02T22:00:00.000000000Z,1.15317,1.15344,1.15302,1.15328,2076
EUR_USD,H1,2025-11-02T23:00:00.000000000Z,1.15329,1.15388,1.15253,1.15273,5502
EUR_USD,H1,2025-11-03T00:00:00.000000000Z,1.15272,1.15309,1.15242,1.15258,4388
EUR_USD,H1,2025-11-03T01:00:00.000000000Z,1.15259,1.1529,1.15216,1.15271,3999
EUR_USD,H1,2025-11-03T02:00:00.000000000Z,1.15273,1.15342,1.15265,1.15316,3726
EUR_USD,H1,2025-11-03T03:00:00.000000000Z,1.15316,1.15345,1.15302,1.15338,3223
EUR_USD,H1,2025-11-03T04:00:00.000000000Z,1.15338,1.15372,1.1532,1.15342,2533
EUR_USD,H1,2025-11-03T05:00:00.000000000Z,1.15341,1.15377,1.15324,1.1535,2733
EUR_USD,H1,2025-11-03T06:00:00.000000000Z,1.1535,1.15414,1.15344,1.15379,3500
EUR_USD,H1,2025-11-03T07:00:00.000000000Z,1.15378,1.15412,1.15334,1.15398,6128
EUR_USD,H1,2025-11-03T08:00:00.000000000Z,1.15397,1.15402,1.15096,1.15134,7138
EUR_USD,H1,2025-11-03T09:00:00.000000000Z,1.15135,1.15208,1.15111,1.15145,5877
EUR_USD,H1,2025-11-03T10:00:00.000000000Z,1.15144,1.152,1.1508,1.15155,6986
EUR_USD,H1,2025-11-03T11:00:00.000000000Z,1.15154,1.152,1.15126,1.15155,5219
EUR_USD,H1,2025-11-03T12:00:00.000000000Z,1.15155,1.15224,1.15142,1.15173,5398
EUR_USD,H1,2025-11-03T13:00:00.000000000Z,1.15172,1.15177,1.15059,1.15111,7143
EUR_USD,H1,2025-11-03T14:00:00.000000000Z,1.1511,1.15129,1.15052,1.15103,8627
EUR_USD,H1,2025-11-03T15:00:00.000000000Z,1.15108,1.15252,1.15059,1.15252,13098
EUR_USD,H1,2025-11-03T16:00:00.000000000Z,1.1525,1.1532,1.15216,1.15308,7019
EUR_USD,H1,2025-11-03T17:00:00.000000000Z,1.15309,1.15379,1.15266,1.15272,5166
EUR_USD,H1,2025-11-03T18:00:00.000000000Z,1.15274,1.15311,1.15206,1.15232,4290
EUR_USD,H1,2025-11-03T19:00:00.000000000Z,1.15232,1.15252,1.15166,1.15196,4603
EUR_USD,H1,2025-11-03T20:00:00.000000000Z,1.15198,1.15232,1.1518,1.15195,3121
EUR_USD,H1,2025-11-03T21:00:00.000000000Z,1.15194,1.15204,1.15162,1.1519,1127
EUR_USD,H1,2025-11-03T22:00:00.000000000Z,1.152,1.15211,1.15191,1.15207,561
EUR_USD,H1,2025-11-03T23:00:00.000000000Z,1.15206,1.15209,1.15184,1.15184,1609
EUR_USD,H1,2025-11-04T00:00:00.000000000Z,1.15184,1.15185,1.15056,1.15085,3732
EUR_USD,H1,2025-11-04T01:00:00.000000000Z,1.15084,1.15103,1.14982,1.15102,4624
EUR_USD,H1,2025-11-04T02:00:00.000000000Z,1.15101,1.15112,1.15051,1.15112,2913
EUR_USD,H1,2025-11-04T03:00:00.000000000Z,1.15112,1.15178,1.15104,1.15136,3031
EUR_USD,H1,2025-11-04T04:00:00.000000000Z,1.15135,1.15176,1.15094,1.15096,2218
EUR_USD,H1,2025-11-04T05:00:00.000000000Z,1.15094,1.15142,1.15076,1.15126,3512
EUR_USD,H1,2025-11-04T06:00:00.000000000Z,1.15128,1.15266,1.15116,1.15234,4808
EUR_USD,H1,2025-11-04T07:00:00.000000000Z,1.15234,1.15337,1.15226,1.15271,6844
EUR_USD,H1,2025-11-04T08:00:00.000000000Z,1.15272,1.15288,1.15134,1.1514,8368
EUR_USD,H1,2025-11-04T09:00:00.000000000Z,1.15139,1.15172,1.15,1.15011,7080
EUR_USD,H1,2025-11-04T10:00:00.000000000Z,1.1501,1.151,1.14988,1.15039,5813
EUR_USD,H1,2025-11-04T11:00:00.000000000Z,1.15038,1.15058,1.1489,1.149,5270
EUR_USD,H1,2025-11-04T12:00:00.000000000Z,1.14902,1.14932,1.14768,1.14894,7653
EUR_USD,H1,2025-11-04T13:00:00.000000000Z,1.14894,1.14969,1.14883,1.14922,6875
EUR_USD,H1,2025-11-04T14:00:00.000000000Z,1.14921,1.14948,1.14732,1.14812,9133
EUR_USD,H1,2025-11-04T15:00:00.000000000Z,1.1481,1.14929,1.14746,1.14917,8944
EUR_USD,H1,2025-11-04T16:00:00.000000000Z,1.14916,1.14966,1.14874,1.14896,7474
EUR_USD,H1,2025-11-04T17:00:00.000000000Z,1.149,1.14903,1.14836,1.1484,4276
EUR_USD,H1,2025-11-04T18:00:00.000000000Z,1.14838,1.14867,1.14811,1.14841,4379
EUR_USD,H1,2025-11-04T19:00:00.000000000Z,1.1484,1.14872,1.14788,1.14792,3844
EUR_USD,H1,2025-11-04T20:00:00.000000000Z,1.14792,1.14834,1.14752,1.14798,3229
EUR_USD,H1,2025-11-04T21:00:00.000000000Z,1.148,1.1483,1.14792,1.14826,1930
EUR_USD,H1,2025-11-04T22:00:00.000000000Z,1.14834,1.14855,1.1481,1.14839,1051
EUR_USD,H1,2025-11-04T23:00:00.000000000Z,1.1484,1.14858,1.14826,1.14852,936
EUR_USD,H1,2025-11-05T00:00:00.000000000Z,1.14851,1.14855,1.14808,1.1484,3865
EUR_USD,H1,2025-11-05T01:00:00.000000000Z,1.1484,1.14981,1.14797,1.14894,6562
EUR_USD,H1,2025-11-05T02:00:00.000000000Z,1.14895,1.14923,1.1485,1.14886,3527
EUR_USD,H1,2025-11-05T03:00:00.000000000Z,1.14886,1.14926,1.14858,1.14888,3598
EUR_USD,H1,2025-11-05T04:00:00.000000000Z,1.14888,1.14919,1.14876,1.1491,1790
EUR_USD,H1,2025-11-05T05:00:00.000000000Z,1.14908,1.14944,1.14894,1.14918,2356
EUR_USD,H1,2025-11-05T06:00:00.000000000Z,1.1492,1.14942,1.1487,1.14882,2938
EUR_USD,H1,2025-11-05T07:00:00.000000000Z,1.14882,1.14909,1.14833,1.1487,4814
EUR_USD,H1,2025-11-05T08:00:00.000000000Z,1.14871,1.14954,1.14856,1.1489,6403
EUR_USD,H1,2025-11-05T09:00:00.000000000Z,1.1489,1.14927,1.14814,1.14846,5268
EUR_USD,H1,2025-11-05T10:00:00.000000000Z,1.14846,1.14852,1.1476,1.14834,4912
EUR_USD,H1,2025-11-05T11:00:00.000000000Z,1.14834,1.14893,1.1479,1.14882,3719
EUR_USD,H1,2025-11-05T12:00:00.000000000Z,1.14883,1.14926,1.14871,1.1491,5387
EUR_USD,H1,2025-11-05T13:00:00.000000000Z,1.14909,1.14936,1.14729,1.14736,8500
EUR_USD,H1,2025-11-05T14:00:00.000000000Z,1.14736,1.14932,1.14686,1.14874,8852
EUR_USD,H1,2025-11-05T15:00:00.000000000Z,1.14857,1.14874,1.14699,1.14792,16170
EUR_USD,H1,2025-11-05T16:00:00.000000000Z,1.14794,1.1486,1.14701,1.14839,8592
EUR_USD,H1,2025-11-05T17:00:00.000000000Z,1.14839,1.1486,1.14764,1.14805,5213
EUR_USD,H1,2025-11-05T18:00:00.000000000Z,1.14804,1.14838,1.14788,1.14817,3584
EUR_USD,H1,2025-11-05T19:00:00.000000000Z,1.14818,1.14876,1.14806,1.1486,2685
EUR_USD,H1,2025-11-05T20:00:00.000000000Z,1.14862,1.14918,1.14862,1.14884,2861
EUR_USD,H1,2025-11-05T21:00:00.000000000Z,1.14886,1.14942,1.14875,1.14925,1970
EUR_USD,H1,2025-11-05T22:00:00.000000000Z,1.14913,1.14933,1.14907,1.14924,974
EUR_USD,H1,2025-11-05T23:00:00.000000000Z,1.14922,1.14972,1.14912,1.14958,1236
EUR_USD,H1,2025-11-06T00:00:00.000000000Z,1.14958,1.1502,1.14932,1.15008,2993
EUR_USD,H1,2025-11-06T01:00:00.000000000Z,1.1501,1.1509,1.15008,1.15075,3760
EUR_USD,H1,2025-11-06T02:00:00.000000000Z,1.15074,1.1509,1.15032,1.15054,2521
EUR_USD,H1,2025-11-06T03:00:00.000000000Z,1.15055,1.1508,1.15034,1.1507,2002
EUR_USD,H1,2025-11-06T04:00:00.000000000Z,1.15071,1.15084,1.1504,1.1507,1626
EUR_USD,H1,2025-11-06T05:00:00.000000000Z,1.15068,1.1511,1.15038,1.15102,2313
EUR_USD,H1,2025-11-06T06:00:00.000000000Z,1.151,1.15138,1.15054,1.15072,3281
EUR_USD,H1,2025-11-06T07:00:00.000000000Z,1.15073,1.15135,1.15068,1.15084,5018
EUR_USD,H1,2025-11-06T08:00:00.000000000Z,1.15084,1.15235,1.1506,1.15212,7251
EUR_USD,H1,2025-11-06T09:00:00.000000000Z,1.15212,1.1524,1.15112,1.15136,5344
EUR_USD,H1,2025-11-06T10:00:00.000000000Z,1.15136,1.15174,1.15102,1.15105,3680
EUR_USD,H1,2025-11-06T11:00:00.000000000Z,1.15104,1.1521,1.15102,1.15204,3824
EUR_USD,H1,2025-11-06T12:00:00.000000000Z,1.15204,1.15327,1.15143,1.15308,7826
EUR_USD,H1,2025-11-06T13:00:00.000000000Z,1.15309,1.15441,1.15291,1.15356,9011
EUR_USD,H1,2025-11-06T14:00:00.000000000Z,1.15356,1.15376,1.152,1.15204,9629
EUR_USD,H1,2025-11-06T15:00:00.000000000Z,1.15204,1.15428,1.1519,1.15395,12245
EUR_USD,H1,2025-11-06T16:00:00.000000000Z,1.15396,1.15418,1.15315,1.15378,9178
EUR_USD,H1,2025-11-06T17:00:00.000000000Z,1.1538,1.15429,1.15299,1.15408,7376
EUR_USD,H1,2025-11-06T18:00:00.000000000Z,1.15408,1.15502,1.15392,1.15473,5103
EUR_USD,H1,2025-11-06T19:00:00.000000000Z,1.15471,1.15523,1.1542,1.15446,4665
EUR_USD,H1,2025-11-06T20:00:00.000000000Z,1.15446,1.15491,1.1543,1.15476,3009
EUR_USD,H1,2025-11-06T21:00:00.000000000Z,1.15477,1.15492,1.15448,1.15471,2236
EUR_USD,H1,2025-11-06T22:00:00.000000000Z,1.1545,1.15493,1.15432,1.15456,6679
EUR_USD,H1,2025-11-06T23:00:00.000000000Z,1.15452,1.15515,1.15452,1.15486,1370
EUR_USD,H1,2025-11-07T00:00:00.000000000Z,1.15488,1.1549,1.15378,1.15396,3398
EUR_USD,H1,2025-11-07T01:00:00.000000000Z,1.15395,1.15414,1.15362,1.1538,4677
EUR_USD,H1,2025-11-07T02:00:00.000000000Z,1.1538,1.1543,1.1538,1.154,2870
EUR_USD,H1,2025-11-07T03:00:00.000000000Z,1.15402,1.15412,1.1535,1.1538,2852
EUR_USD,H1,2025-11-07T04:00:00.000000000Z,1.15381,1.15382,1.15324,1.15366,2362
EUR_USD,H1,2025-11-07T05:00:00.000000000Z,1.15366,1.15386,1.15326,1.15341,2290
EUR_USD,H1,2025-11-07T06:00:00.000000000Z,1.15344,1.15358,1.15296,1.15309,3171
EUR_USD,H1,2025-11-07T07:00:00.000000000Z,1.15308,1.15362,1.15308,1.15327,3892
EUR_USD,H1,2025-11-07T08:00:00.000000000Z,1.15327,1.15404,1.15296,1.15349,5973
EUR_USD,H1,2025-11-07T09:00:00.000000000Z,1.1535,1.15424,1.15345,1.15382,4718
EUR_USD,H1,2025-11-07T10:00:00.000000000Z,1.15382,1.1552,1.15375,1.155,4552
EUR_USD,H1,2025-11-07T11:00:00.000000000Z,1.15501,1.15611,1.15494,1.15582,5547
EUR_USD,H1,2025-11-07T12:00:00.000000000Z,1.15581,1.15654,1.1554,1.15559,5955
EUR_USD,H1,2025-11-07T13:00:00.000000000Z,1.1556,1.15698,1.15558,1.15676,8809
EUR_USD,H1,2025-11-07T14:00:00.000000000Z,1.15676,1.15788,1.15656,1.15734,8755
EUR_USD,H1,2025-11-07T15:00:00.000000000Z,1.15732,1.15911,1.15714,1.15717,10864
EUR_USD,H1,2025-11-07T16:00:00.000000000Z,1.1572,1.15822,1.15714,1.15776,5873
EUR_USD,H1,2025-11-07T17:00:00.000000000Z,1.15777,1.15821,1.15714,1.15804,4390
EUR_USD,H1,2025-11-07T18:00:00.000000000Z,1.15805,1.15836,1.15676,1.15683,3302
EUR_USD,H1,2025-11-07T19:00:00.000000000Z,1.15682,1.15728,1.15554,1.15596,4650
EUR_USD,H1,2025-11-07T20:00:00.000000000Z,1.15593,1.15668,1.15576,1.15644,3690
EUR_USD,H1,2025-11-07T21:00:00.000000000Z,1.15644,1.1567,1.1559,1.15664,1901
EUR_USD,H1,2025-11-09T22:00:00.000000000Z,1.15578,1.15594,1.15556,1.15574,545
EUR_USD,H1,2025-11-09T23:00:00.000000000Z,1.15578,1.15596,1.15416,1.15432,4357
EUR_USD,H1,2025-11-10T00:00:00.000000000Z,1.15435,1.156,1.15431,1.15544,6587
EUR_USD,H1,2025-11-10T01:00:00.000000000Z,1.15547,1.15605,1.15466,1.15582,5131
EUR_USD,H1,2025-11-10T02:00:00.000000000Z,1.15582,1.15608,1.15548,1.1558,2909
EUR_USD,H1,2025-11-10T03:00:00.000000000Z,1.15578,1.15586,1.15512,1.15546,2869
EUR_USD,H1,2025-11-10T04:00:00.000000000Z,1.15548,1.15626,1.15548,1.1561,2648
EUR_USD,H1,2025-11-10T05:00:00.000000000Z,1.1561,1.15666,1.15579,1.1562,3017
EUR_USD,H1,2025-11-10T06:00:00.000000000Z,1.1562,1.15649,1.15515,1.15538,3782
EUR_USD,H1,2025-11-10T07:00:00.000000000Z,1.15539,1.15721,1.15535,1.15678,5767
EUR_USD,H1,2025-11-10T08:00:00.000000000Z,1.15677,1.15831,1.15652,1.15724,6837
EUR_USD,H1,2025-11-10T09:00:00.000000000Z,1.15723,1.15739,1.15641,1.15683,5989
EUR_USD,H1,2025-11-10T10:00:00.000000000Z,1.15682,1.15716,1.15612,1.15626,5296
EUR_USD,H1,2025-11-10T11:00:00.000000000Z,1.15626,1.15641,1.15541,1.15634,4184
EUR_USD,H1,2025-11-10T12:00:00.000000000Z,1.15633,1.15756,1.15628,1.1568,4743
EUR_USD,H1,2025-11-10T13:00:00.000000000Z,1.15682,1.15781,1.1567,1.1568,6885
EUR_USD,H1,2025-11-10T14:00:00.000000000Z,1.1568,1.15685,1.15594,1.15646,7576
EUR_USD,H1,2025-11-10T15:00:00.000000000Z,1.15645,1.1567,1.15452,1.15454,8374
EUR_USD,H1,2025-11-10T16:00:00.000000000Z,1.15454,1.15548,1.1543,1.15449,6373
EUR_USD,H1,2025-11-10T17:00:00.000000000Z,1.1545,1.15613,1.15412,1.15606,5983
EUR_USD,H1,2025-11-10T18:00:00.000000000Z,1.15607,1.15649,1.1558,1.15584,3044
EUR_USD,H1,2025-11-10T19:00:00.000000000Z,1.15584,1.15632,1.1558,1.15609,3235
EUR_USD,H1,2025-11-10T20:00:00.000000000Z,1.15609,1.15646,1.15606,1.15639,2351
EUR_USD,H1,2025-11-10T21:00:00.000000000Z,1.1564,1.1564,1.15552,1.15571,1631
EUR_USD,H1,2025-11-10T22:00:00.000000000Z,1.15564,1.15595,1.15559,1.15578,1983
EUR_USD,H1,2025-11-10T23:00:00.000000000Z,1.15576,1.15605,1.15565,1.15569,1182
EUR_USD,H1,2025-11-11T00:00:00.000000000Z,1.15568,1.15597,1.1552,1.15523,2949
EUR_USD,H1,2025-11-11T01:00:00.000000000Z,1.15524,1.1555,1.15472,1.15548,3844
EUR_USD,H1,2025-11-11T02:00:00.000000000Z,1.15548,1.15571,1.15519,1.15534,2666
EUR_USD,H1,2025-11-11T03:00:00.000000000Z,1.15535,1.15582,1.15534,1.15564,2157
EUR_USD,H1,2025-11-11T04:00:00.000000000Z,1.15564,1.15594,1.15555,1.1558,2035
EUR_USD,H1,2025-11-11T05:00:00.000000000Z,1.1558,1.15652,1.15577,1.15616,3253
EUR_USD,H1,2025-11-11T06:00:00.000000000Z,1.15616,1.15631,1.15505,1.15522,3453
EUR_USD,H1,2025-11-11T07:00:00.000000000Z,1.15524,1.15608,1.15496,1.156,7316
EUR_USD,H1,2025-11-11T08:00:00.000000000Z,1.15602,1.15684,1.15546,1.15547,6088
EUR_USD,H1,2025-11-11T09:00:00.000000000Z,1.15544,1.15684,1.15535,1.15649,5179
EUR_USD,H1,2025-11-11T10:00:00.000000000Z,1.15648,1.15747,1.15627,1.15731,4791
EUR_USD,H1,2025-11-11T11:00:00.000000000Z,1.15732,1.15778,1.15701,1.15719,4547
EUR_USD,H1,2025-11-11T12:00:00.000000000Z,1.15721,1.15772,1.15686,1.15704,4386
EUR_USD,H1,2025-11-11T13:00:00.000000000Z,1.15706,1.16059,1.15705,1.1601,12388
EUR_USD,H1,2025-11-11T14:00:00.000000000Z,1.16012,1.16054,1.15934,1.16007,7808
EUR_USD,H1,2025-11-11T15:00:00.000000000Z,1.16006,1.16032,1.15915,1.15949,8192
EUR_USD,H1,2025-11-11T16:00:00.000000000Z,1.1595,1.15999,1.15906,1.15934,6308
EUR_USD,H1,2025-11-11T17:00:00.000000000Z,1.15933,1.15992,1.15908,1.1595,3399
EUR_USD,H1,2025-11-11T18:00:00.000000000Z,1.15949,1.15956,1.15912,1.15926,3179
EUR_USD,H1,2025-11-11T19:00:00.000000000Z,1.15926,1.15929,1.15833,1.15844,3511
EUR_USD,H1,2025-11-11T20:00:00.000000000Z,1.15844,1.1589,1.15834,1.15834,3247
EUR_USD,H1,2025-11-11T21:00:00.000000000Z,1.15834,1.15856,1.15812,1.15825,1686
EUR_USD,H1,2025-11-11T22:00:00.000000000Z,1.1587,1.15872,1.15828,1.15856,1392
EUR_USD,H1,2025-11-11T23:00:00.000000000Z,1.15857,1.15872,1.15822,1.15868,1147
EUR_USD,H1,2025-11-12T00:00:00.000000000Z,1.15868,1.15869,1.1579,1.15793,3194
EUR_USD,H1,2025-11-12T01:00:00.000000000Z,1.15794,1.15822,1.15746,1.15756,3263
EUR_USD,H1,2025-11-12T02:00:00.000000000Z,1.15755,1.15799,1.15753,1.1579,2039
EUR_USD,H1,2025-11-12T03:00:00.000000000Z,1.15792,1.15816,1.15756,1.15776,1972
EUR_USD,H1,2025-11-12T04:00:00.000000000Z,1.15777,1.15786,1.15701,1.15722,2375
EUR_USD,H1,2025-11-12T05:00:00.000000000Z,1.15722,1.15787,1.15712,1.15762,3539
EUR_USD,H1,2025-11-12T06:00:00.000000000Z,1.15763,1.15825,1.15752,1.15824,2693
EUR_USD,H1,2025-11-12T07:00:00.000000000Z,1.15824,1.15885,1.15814,1.15837,5352
EUR_USD,H1,2025-11-12T08:00:00.000000000Z,1.15838,1.15878,1.1577,1.15774,5746
EUR_USD,H1,2025-11-12T09:00:00.000000000Z,1.15774,1.15804,1.15684,1.15702,6241
EUR_USD,H1,2025-11-12T10:00:00.000000000Z,1.15702,1.15755,1.15651,1.15702,5313
EUR_USD,H1,2025-11-12T11:00:00.000000000Z,1.15702,1.1578,1.15655,1.1578,4657
EUR_USD,H1,2025-11-12T12:00:00.000000000Z,1.15779,1.15803,1.15718,1.15768,5789
EUR_USD,H1,2025-11-12T13:00:00.000000000Z,1.15768,1.15799,1.15659,1.15721,7328
EUR_USD,H1,2025-11-12T14:00:00.000000000Z,1.15722,1.15758,1.1563,1.15754,8219
EUR_USD,H1,2025-11-12T15:00:00.000000000Z,1.15754,1.15959,1.15728,1.15941,9321
EUR_USD,H1,2025-11-12T16:00:00.000000000Z,1.1594,1.15977,1.15881,1.15912,6500
EUR_USD,H1,2025-11-12T17:00:00.000000000Z,1.15912,1.15971,1.15911,1.15931,4158
EUR_USD,H1,2025-11-12T18:00:00.000000000Z,1.15932,1.15944,1.15889,1.15896,3101
EUR_USD,H1,2025-11-12T19:00:00.000000000Z,1.15894,1.15904,1.1584,1.15867,3358
EUR_USD,H1,2025-11-12T20:00:00.000000000Z,1.15866,1.15907,1.15854,1.15897,2307
EUR_USD,H1,2025-11-12T21:00:00.000000000Z,1.15896,1.15934,1.1585,1.15932,1801
EUR_USD,H1,2025-11-12T22:00:00.000000000Z,1.1593,1.15932,1.15902,1.1591,2489
EUR_USD,H1,2025-11-12T23:00:00.000000000Z,1.1591,1.15942,1.15898,1.15916,1213
EUR_USD,H1,2025-11-13T00:00:00.000000000Z,1.15918,1.1592,1.15804,1.15806,4545
EUR_USD,H1,2025-11-13T01:00:00.000000000Z,1.15804,1.15896,1.1579,1.15894,4256
EUR_USD,H1,2025-11-13T02:00:00.000000000Z,1.15894,1.1593,1.15852,1.15893,2733
EUR_USD,H1,2025-11-13T03:00:00.000000000Z,1.15896,1.15916,1.15868,1.15898,1802
EUR_USD,H1,2025-11-13T04:00:00.000000000Z,1.15898,1.15918,1.15874,1.15902,1904
EUR_USD,H1,2025-11-13T05:00:00.000000000Z,1.15902,1.15909,1.15804,1.15818,1974
EUR_USD,H1,2025-11-13T06:00:00.000000000Z,1.15818,1.15859,1.15812,1.15857,3093
EUR_USD,H1,2025-11-13T07:00:00.000000000Z,1.15855,1.16123,1.15831,1.16115,6565
EUR_USD,H1,2025-11-13T08:00:00.000000000Z,1.16114,1.16294,1.16103,1.16282,7736
EUR_USD,H1,2025-11-13T09:00:00.000000000Z,1.16283,1.16349,1.16109,1.16166,8755
EUR_USD,H1,2025-11-13T10:00:00.000000000Z,1.16166,1.16235,1.16114,1.16159,5569
EUR_USD,H1,2025-11-13T11:00:00.000000000Z,1.1616,1.16204,1.16047,1.16064,6216
EUR_USD,H1,2025-11-13T12:00:00.000000000Z,1.16064,1.16231,1.16058,1.16228,6569
EUR_USD,H1,2025-11-13T13:00:00.000000000Z,1.1623,1.1625,1.16118,1.16206,7353
EUR_USD,H1,2025-11-13T14:00:00.000000000Z,1.16206,1.16312,1.1617,1.16281,9949
EUR_USD,H1,2025-11-13T15:00:00.000000000Z,1.16279,1.16431,1.16231,1.16392,9704
EUR_USD,H1,2025-11-13T16:00:00.000000000Z,1.16392,1.16488,1.16366,1.16488,8837
EUR_USD,H1,2025-11-13T17:00:00.000000000Z,1.16488,1.16562,1.1646,1.16512,7233
EUR_USD,H1,2025-11-13T18:00:00.000000000Z,1.16513,1.16519,1.16368,1.16382,6821
EUR_USD,H1,2025-11-13T19:00:00.000000000Z,1.16382,1.16414,1.16352,1.16358,4269
EUR_USD,H1,2025-11-13T20:00:00.000000000Z,1.16356,1.16393,1.16326,1.1633,3172
EUR_USD,H1,2025-11-13T21:00:00.000000000Z,1.1633,1.1638,1.16308,1.16345,1831
EUR_USD,H1,2025-11-13T22:00:00.000000000Z,1.16372,1.16389,1.16344,1.16361,1062
EUR_USD,H1,2025-11-13T23:00:00.000000000Z,1.16374,1.16376,1.16234,1.16302,2263
EUR_USD,H1,2025-11-14T00:00:00.000000000Z,1.16303,1.16337,1.1627,1.16329,4796
EUR_USD,H1,2025-11-14T01:00:00.000000000Z,1.1633,1.16393,1.16302,1.16334,5347
EUR_USD,H1,2025-11-14T02:00:00.000000000Z,1.16332,1.16374,1.16298,1.16357,4221
EUR_USD,H1,2025-11-14T03:00:00.000000000Z,1.16358,1.16448,1.16354,1.16383,2920
EUR_USD,H1,2025-11-14T04:00:00.000000000Z,1.16384,1.1643,1.16378,1.1642,2937
EUR_USD,H1,2025-11-14T05:00:00.000000000Z,1.1642,1.16483,1.16394,1.16478,3207
EUR_USD,H1,2025-11-14T06:00:00.000000000Z,1.16478,1.16486,1.16334,1.16378,4599
EUR_USD,H1,2025-11-14T07:00:00.000000000Z,1.16378,1.16464,1.16318,1.1633,7574
EUR_USD,H1,2025-11-14T08:00:00.000000000Z,1.16329,1.1637,1.16204,1.16295,12910
EUR_USD,H1,2025-11-14T09:00:00.000000000Z,1.16294,1.16312,1.16204,1.16216,6916
EUR_USD,H1,2025-11-14T10:00:00.000000000Z,1.16216,1.16218,1.16124,1.16136,6067
EUR_USD,H1,2025-11-14T11:00:00.000000000Z,1.16136,1.162,1.16089,1.16195,6001
EUR_USD,H1,2025-11-14T12:00:00.000000000Z,1.16196,1.16528,1.16168,1.16526,9950
EUR_USD,H1,2025-11-14T13:00:00.000000000Z,1.16528,1.16538,1.16338,1.16378,12287
EUR_USD,H1,2025-11-14T14:00:00.000000000Z,1.16376,1.16384,1.16211,1.16234,12383
EUR_USD,H1,2025-11-14T15:00:00.000000000Z,1.16232,1.16256,1.1606,1.16132,10735
EUR_USD,H1,2025-11-14T16:00:00.000000000Z,1.16132,1.16227,1.161,1.16168,7569
EUR_USD,H1,2025-11-14T17:00:00.000000000Z,1.16169,1.16181,1.16079,1.16141,5535
EUR_USD,H1,2025-11-14T18:00:00.000000000Z,1.16142,1.1618,1.16098,1.16164,4516
EUR_USD,H1,2025-11-14T19:00:00.000000000Z,1.16164,1.16202,1.16159,1.16179,4189
EUR_USD,H1,2025-11-14T20:00:00.000000000Z,1.1618,1.16231,1.16168,1.16206,2778
EUR_USD,H1,2025-11-14T21:00:00.000000000Z,1.16206,1.16236,1.16172,1.1622,2425
EUR_USD,H1,2025-11-16T22:00:00.000000000Z,1.16199,1.16243,1.16194,1.1623,1115
EUR_USD,H1,2025-11-16T23:00:00.000000000Z,1.16229,1.16246,1.16116,1.16148,2014
EUR_USD,H1,2025-11-17T00:00:00.000000000Z,1.16146,1.16148,1.16051,1.16065,4287
EUR_USD,H1,2025-11-17T01:00:00.000000000Z,1.16064,1.161,1.16054,1.16066,3789
EUR_USD,H1,2025-11-17T02:00:00.000000000Z,1.16064,1.16066,1.16016,1.16022,2796
EUR_USD,H1,2025-11-17T03:00:00.000000000Z,1.1602,1.16021,1.15964,1.15987,2382
EUR_USD,H1,2025-11-17T04:00:00.000000000Z,1.15987,1.16034,1.15974,1.16028,1574
EUR_USD,H1,2025-11-17T05:00:00.000000000Z,1.16028,1.16052,1.15992,1.16004,2354
EUR_USD,H1,2025-11-17T06:00:00.000000000Z,1.16004,1.16087,1.15952,1.16076,3719
EUR_USD,H1,2025-11-17T07:00:00.000000000Z,1.16076,1.1615,1.16066,1.16133,4806
EUR_USD,H1,2025-11-17T08:00:00.000000000Z,1.16134,1.1615,1.1599,1.16032,5938
EUR_USD,H1,2025-11-17T09:00:00.000000000Z,1.16032,1.16048,1.1597,1.16014,5616
EUR_USD,H1,2025-11-17T10:00:00.000000000Z,1.16015,1.16083,1.15961,1.15966,4959
EUR_USD,H1,2025-11-17T11:00:00.000000000Z,1.15966,1.1603,1.1595,1.16012,4513
EUR_USD,H1,2025-11-17T12:00:00.000000000Z,1.16012,1.16046,1.15958,1.15988,4509
EUR_USD,H1,2025-11-17T13:00:00.000000000Z,1.1599,1.15996,1.15886,1.15912,7099
EUR_USD,H1,2025-11-17T14:00:00.000000000Z,1.15913,1.15958,1.15832,1.15857,7809
EUR_USD,H1,2025-11-17T15:00:00.000000000Z,1.15858,1.15982,1.1582,1.15976,8423
EUR_USD,H1,2025-11-17T16:00:00.000000000Z,1.15977,1.1602,1.15938,1.15973,5352
EUR_USD,H1,2025-11-17T17:00:00.000000000Z,1.15974,1.15993,1.15913,1.15938,3568
EUR_USD,H1,2025-11-17T18:00:00.000000000Z,1.15939,1.15946,1.1588,1.1591,3934
EUR_USD,H1,2025-11-17T19:00:00.000000000Z,1.1591,1.15955,1.1583,1.1584,4407
EUR_USD,H1,2025-11-17T20:00:00.000000000Z,1.15841,1.15908,1.15826,1.15884,3555
EUR_USD,H1,2025-11-17T21:00:00.000000000Z,1.1588,1.15926,1.15871,1.15923,1508
EUR_USD,H1,2025-11-17T22:00:00.000000000Z,1.15923,1.15931,1.15898,1.15913,858
EUR_USD,H1,2025-11-17T23:00:00.000000000Z,1.15914,1.15942,1.15889,1.15901,1353
EUR_USD,H1,2025-11-18T00:00:00.000000000Z,1.159,1.15902,1.1585,1.15869,3016
EUR_USD,H1,2025-11-18T01:00:00.000000000Z,1.1587,1.15932,1.15846,1.15909,4022
EUR_USD,H1,2025-11-18T02:00:00.000000000Z,1.1591,1.1594,1.15882,1.1593,2141
EUR_USD,H1,2025-11-18T03:00:00.000000000Z,1.15932,1.1596,1.15912,1.15925,2644
EUR_USD,H1,2025-11-18T04:00:00.000000000Z,1.15924,1.16038,1.1589,1.15995,4997
EUR_USD,H1,2025-11-18T05:00:00.000000000Z,1.15994,1.16004,1.15952,1.15978,2419
EUR_USD,H1,2025-11-18T06:00:00.000000000Z,1.15978,1.16011,1.15932,1.15944,3321
EUR_USD,H1,2025-11-18T07:00:00.000000000Z,1.15944,1.15998,1.1591,1.15912,6713
EUR_USD,H1,2025-11-18T08:00:00.000000000Z,1.15911,1.16064,1.15897,1.1592,8040
EUR_USD,H1,2025-11-18T09:00:00.000000000Z,1.1592,1.15958,1.15872,1.15894,5660
EUR_USD,H1,2025-11-18T10:00:00.000000000Z,1.15893,1.1591,1.15796,1.1582,4839
EUR_USD,H1,2025-11-18T11:00:00.000000000Z,1.15819,1.15886,1.15802,1.15848,3924
EUR_USD,H1,2025-11-18T12:00:00.000000000Z,1.15848,1.15928,1.15832,1.1592,5768
EUR_USD,H1,2025-11-18T13:00:00.000000000Z,1.1592,1.16022,1.15882,1.15968,9837
EUR_USD,H1,2025-11-18T14:00:00.000000000Z,1.15968,1.16024,1.1593,1.16002,8222
EUR_USD,H1,2025-11-18T15:00:00.000000000Z,1.16002,1.16078,1.15817,1.1582,10229
EUR_USD,H1,2025-11-18T16:00:00.000000000Z,1.15821,1.15841,1.15726,1.1579,9734
EUR_USD,H1,2025-11-18T17:00:00.000000000Z,1.1579,1.15807,1.15715,1.15756,5782
EUR_USD,H1,2025-11-18T18:00:00.000000000Z,1.15758,1.15858,1.15752,1.15822,4553
EUR_USD,H1,2025-11-18T19:00:00.000000000Z,1.15821,1.15872,1.15802,1.15855,4211
EUR_USD,H1,2025-11-18T20:00:00.000000000Z,1.15855,1.1587,1.15788,1.15807,3598
EUR_USD,H1,2025-11-18T21:00:00.000000000Z,1.15808,1.15837,1.1578,1.15807,1767
EUR_USD,H1,2025-11-18T22:00:00.000000000Z,1.15818,1.15839,1.15776,1.15786,2694
EUR_USD,H1,2025-11-18T23:00:00.000000000Z,1.15786,1.15818,1.15776,1.15802,1210
EUR_USD,H1,2025-11-19T00:00:00.000000000Z,1.15802,1.15842,1.15786,1.15824,3267
EUR_USD,H1,2025-11-19T01:00:00.000000000Z,1.15824,1.15852,1.1576,1.15769,3691
EUR_USD,H1,2025-11-19T02:00:00.000000000Z,1.15768,1.1582,1.15725,1.15788,3170
EUR_USD,H1,2025-11-19T03:00:00.000000000Z,1.15788,1.1584,1.1577,1.15838,2803
EUR_USD,H1,2025-11-19T04:00:00.000000000Z,1.15838,1.15844,1.15774,1.15842,2375
EUR_USD,H1,2025-11-19T05:00:00.000000000Z,1.15843,1.15908,1.15833,1.1589,3381
EUR_USD,H1,2025-11-19T06:00:00.000000000Z,1.15891,1.15916,1.15867,1.15869,3336
EUR_USD,H1,2025-11-19T07:00:00.000000000Z,1.1587,1.15975,1.15774,1.15814,7260
EUR_USD,H1,2025-11-19T08:00:00.000000000Z,1.15814,1.1589,1.15712,1.15736,7158
EUR_USD,H1,2025-11-19T09:00:00.000000000Z,1.15735,1.15806,1.15656,1.15734,6982
EUR_USD,H1,2025-11-19T10:00:00.000000000Z,1.15734,1.15776,1.15676,1.15692,6967
EUR_USD,H1,2025-11-19T11:00:00.000000000Z,1.15692,1.15875,1.15684,1.15864,6350
EUR_USD,H1,2025-11-19T12:00:00.000000000Z,1.15864,1.15894,1.1576,1.15782,5756
EUR_USD,H1,2025-11-19T13:00:00.000000000Z,1.15782,1.1591,1.1571,1.15729,6530
EUR_USD,H1,2025-11-19T14:00:00.000000000Z,1.15727,1.15738,1.15549,1.15555,9299
EUR_USD,H1,2025-11-19T15:00:00.000000000Z,1.15554,1.15564,1.15404,1.15468,9835
EUR_USD,H1,2025-11-19T16:00:00.000000000Z,1.15466,1.15476,1.15349,1.15398,7584
EUR_USD,H1,2025-11-19T17:00:00.000000000Z,1.15396,1.15425,1.1526,1.15332,7215
EUR_USD,H1,2025-11-19T18:00:00.000000000Z,1.15332,1.15376,1.15292,1.15299,4708
EUR_USD,H1,2025-11-19T19:00:00.000000000Z,1.153,1.15311,1.15178,1.1521,8437
EUR_USD,H1,2025-11-19T20:00:00.000000000Z,1.15211,1.15286,1.15202,1.15263,4537
EUR_USD,H1,2025-11-19T21:00:00.000000000Z,1.15263,1.15389,1.1523,1.15384,3216
EUR_USD,H1,2025-11-19T22:00:00.000000000Z,1.1539,1.15394,1.1538,1.15386,405
EUR_USD,H1,2025-11-19T23:00:00.000000000Z,1.15386,1.15423,1.15364,1.15394,1896
EUR_USD,H1,2025-11-20T00:00:00.000000000Z,1.15394,1.15394,1.15288,1.15344,4578
EUR_USD,H1,2025-11-20T01:00:00.000000000Z,1.15344,1.15354,1.15224,1.15229,4513
EUR_USD,H1,2025-11-20T02:00:00.000000000Z,1.15228,1.15237,1.1515,1.15202,3979
EUR_USD,H1,2025-11-20T03:00:00.000000000Z,1.15202,1.15225,1.15101,1.15142,4141
EUR_USD,H1,2025-11-20T04:00:00.000000000Z,1.15141,1.15205,1.15132,1.15195,2348
EUR_USD,H1,2025-11-20T05:00:00.000000000Z,1.15194,1.15196,1.1514,1.15158,2940
EUR_USD,H1,2025-11-20T06:00:00.000000000Z,1.15156,1.15233,1.15136,1.15199,4588
EUR_USD,H1,2025-11-20T07:00:00.000000000Z,1.15198,1.1523,1.15151,1.15198,6720
EUR_USD,H1,2025-11-20T08:00:00.000000000Z,1.15199,1.15234,1.15114,1.15212,7123
EUR_USD,H1,2025-11-20T09:00:00.000000000Z,1.1521,1.15278,1.15172,1.15275,6233
EUR_USD,H1,2025-11-20T10:00:00.000000000Z,1.15276,1.15296,1.15244,1.15274,5279
EUR_USD,H1,2025-11-20T11:00:00.000000000Z,1.15274,1.15274,1.1513,1.15144,5271
EUR_USD,H1,2025-11-20T12:00:00.000000000Z,1.15142,1.15168,1.15072,1.1511,5318
EUR_USD,H1,2025-11-20T13:00:00.000000000Z,1.1511,1.15389,1.15024,1.15278,18759
EUR_USD,H1,2025-11-20T14:00:00.000000000Z,1.15277,1.155,1.1523,1.15348,16041
EUR_USD,H1,2025-11-20T15:00:00.000000000Z,1.15348,1.1537,1.15201,1.15274,11060
EUR_USD,H1,2025-11-20T16:00:00.000000000Z,1.15276,1.15412,1.15276,1.15338,10516
EUR_USD,H1,2025-11-20T17:00:00.000000000Z,1.15338,1.15381,1.1525,1.15288,9890
EUR_USD,H1,2025-11-20T18:00:00.000000000Z,1.15287,1.15368,1.15269,1.15366,5952
EUR_USD,H1,2025-11-20T19:00:00.000000000Z,1.15364,1.15407,1.15355,1.1538,4573
EUR_USD,H1,2025-11-20T20:00:00.000000000Z,1.1538,1.15386,1.1526,1.15261,4495
EUR_USD,H1,2025-11-20T21:00:00.000000000Z,1.15262,1.15288,1.15239,1.15285,1970
EUR_USD,H1,2025-11-20T22:00:00.000000000Z,1.15275,1.15314,1.1526,1.15291,1970
EUR_USD,H1,2025-11-20T23:00:00.000000000Z,1.15292,1.15348,1.15236,1.15338,2160
EUR_USD,H1,2025-11-21T00:00:00.000000000Z,1.15338,1.1536,1.15282,1.15352,3868
EUR_USD,H1,2025-11-21T01:00:00.000000000Z,1.15352,1.15384,1.15324,1.15325,5022
EUR_USD,H1,2025-11-21T02:00:00.000000000Z,1.15326,1.15391,1.15324,1.15358,3759
EUR_USD,H1,2025-11-21T03:00:00.000000000Z,1.15358,1.15378,1.15336,1.15364,2832
EUR_USD,H1,2025-11-21T04:00:00.000000000Z,1.15364,1.15422,1.1536,1.15388,2879
EUR_USD,H1,2025-11-21T05:00:00.000000000Z,1.15389,1.15419,1.15346,1.15352,2812
EUR_USD,H1,2025-11-21T06:00:00.000000000Z,1.15352,1.15466,1.15351,1.15414,4799
EUR_USD,H1,2025-11-21T07:00:00.000000000Z,1.15413,1.15479,1.1539,1.15414,7242
EUR_USD,H1,2025-11-21T08:00:00.000000000Z,1.15414,1.15525,1.15341,1.1541,10423
EUR_USD,H1,2025-11-21T09:00:00.000000000Z,1.15412,1.15428,1.1525,1.15252,7835
EUR_USD,H1,2025-11-21T10:00:00.000000000Z,1.15251,1.1527,1.15125,1.152,8531
EUR_USD,H1,2025-11-21T11:00:00.000000000Z,1.152,1.15229,1.15046,1.1506,6441
EUR_USD,H1,2025-11-21T12:00:00.000000000Z,1.1506,1.1526,1.14966,1.15247,14066
EUR_USD,H1,2025-11-21T13:00:00.000000000Z,1.15246,1.1527,1.15156,1.15208,8345
EUR_USD,H1,2025-11-21T14:00:00.000000000Z,1.15211,1.15236,1.15055,1.1514,11575
EUR_USD,H1,2025-11-21T15:00:00.000000000Z,1.1514,1.15234,1.1499,1.1503,12851
EUR_USD,H1,2025-11-21T16:00:00.000000000Z,1.15028,1.15055,1.14912,1.1505,9124
EUR_USD,H1,2025-11-21T17:00:00.000000000Z,1.1505,1.15129,1.15006,1.15072,7129
EUR_USD,H1,2025-11-21T18:00:00.000000000Z,1.15074,1.15084,1.1502,1.15042,5572
EUR_USD,H1,2025-11-21T19:00:00.000000000Z,1.15043,1.15178,1.15042,1.15133,4662
EUR_USD,H1,2025-11-21T20:00:00.000000000Z,1.15133,1.1518,1.15092,1.15176,3676
EUR_USD,H1,2025-11-21T21:00:00.000000000Z,1.15174,1.1521,1.15126,1.1513,2229
EUR_USD,H1,2025-11-23T22:00:00.000000000Z,1.15193,1.15193,1.15102,1.15139,722
EUR_USD,H1,2025-11-23T23:00:00.000000000Z,1.15138,1.15156,1.15062,1.15074,2067
EUR_USD,H1,2025-11-24T00:00:00.000000000Z,1.15074,1.15084,1.15019,1.1507,2347
EUR_USD,H1,2025-11-24T01:00:00.000000000Z,1.1507,1.15132,1.1505,1.15106,3102
EUR_USD,H1,2025-11-24T02:00:00.000000000Z,1.15105,1.15184,1.15104,1.1516,3030
EUR_USD,H1,2025-11-24T03:00:00.000000000Z,1.15162,1.15191,1.15134,1.15162,2543
EUR_USD,H1,2025-11-24T04:00:00.000000000Z,1.15161,1.15218,1.15158,1.15208,1912
EUR_USD,H1,2025-11-24T05:00:00.000000000Z,1.15208,1.15284,1.15208,1.15226,3399
EUR_USD,H1,2025-11-24T06:00:00.000000000Z,1.15226,1.1527,1.15201,1.15208,3054
EUR_USD,H1,2025-11-24T07:00:00.000000000Z,1.15208,1.15226,1.15112,1.15119,5278
EUR_USD,H1,2025-11-24T08:00:00.000000000Z,1.15122,1.15344,1.15097,1.15278,7852
EUR_USD,H1,2025-11-24T09:00:00.000000000Z,1.1528,1.15344,1.15245,1.15298,6459
EUR_USD,H1,2025-11-24T10:00:00.000000000Z,1.15298,1.15422,1.15298,1.1541,5908
EUR_USD,H1,2025-11-24T11:00:00.000000000Z,1.1541,1.1547,1.15362,1.15454,4406
EUR_USD,H1,2025-11-24T12:00:00.000000000Z,1.15453,1.15506,1.15362,1.15476,6098
EUR_USD,H1,2025-11-24T13:00:00.000000000Z,1.15476,1.155,1.15374,1.15385,6629
EUR_USD,H1,2025-11-24T14:00:00.000000000Z,1.15386,1.15413,1.15262,1.15269,9033
EUR_USD,H1,2025-11-24T15:00:00.000000000Z,1.1527,1.15302,1.15168,1.1529,8554
EUR_USD,H1,2025-11-24T16:00:00.000000000Z,1.1529,1.15308,1.15173,1.15179,4797
EUR_USD,H1,2025-11-24T17:00:00.000000000Z,1.15178,1.15198,1.15116,1.1518,4619
EUR_USD,H1,2025-11-24T18:00:00.000000000Z,1.1518,1.15283,1.15172,1.15278,2851
EUR_USD,H1,2025-11-24T19:00:00.000000000Z,1.15279,1.15292,1.15232,1.15277,3486
EUR_USD,H1,2025-11-24T20:00:00.000000000Z,1.15278,1.15284,1.15219,1.15224,3065
EUR_USD,H1,2025-11-24T21:00:00.000000000Z,1.15226,1.15234,1.15194,1.15216,1492
EUR_USD,H1,2025-11-24T22:00:00.000000000Z,1.15218,1.1526,1.15216,1.1525,788
EUR_USD,H1,2025-11-24T23:00:00.000000000Z,1.15253,1.15257,1.15188,1.15203,1392
EUR_USD,H1,2025-11-25T00:00:00.000000000Z,1.15204,1.15236,1.15188,1.15234,3197
EUR_USD,H1,2025-11-25T01:00:00.000000000Z,1.15232,1.15301,1.1522,1.15258,4307
EUR_USD,H1,2025-11-25T02:00:00.000000000Z,1.1526,1.15285,1.15223,1.15284,2893
EUR_USD,H1,2025-11-25T03:00:00.000000000Z,1.15285,1.15303,1.15172,1.1518,3221
EUR_USD,H1,2025-11-25T04:00:00.000000000Z,1.1518,1.1518,1.15144,1.1515,2502
EUR_USD,H1,2025-11-25T05:00:00.000000000Z,1.1515,1.15184,1.15116,1.15168,2981
EUR_USD,H1,2025-11-25T06:00:00.000000000Z,1.15169,1.15217,1.15148,1.15186,3383
EUR_USD,H1,2025-11-25T07:00:00.000000000Z,1.15186,1.15306,1.15178,1.15228,6604
EUR_USD,H1,2025-11-25T08:00:00.000000000Z,1.15228,1.15336,1.15207,1.15288,7262
EUR_USD,H1,2025-11-25T09:00:00.000000000Z,1.15286,1.15368,1.15272,1.15341,6118
EUR_USD,H1,2025-11-25T10:00:00.000000000Z,1.15339,1.15411,1.15323,1.1539,5476
EUR_USD,H1,2025-11-25T11:00:00.000000000Z,1.1539,1.1539,1.15247,1.15268,4067
EUR_USD,H1,2025-11-25T12:00:00.000000000Z,1.15268,1.15571,1.15254,1.15447,10015
EUR_USD,H1,2025-11-25T13:00:00.000000000Z,1.15448,1.15624,1.15426,1.15582,13931
EUR_USD,H1,2025-11-25T14:00:00.000000000Z,1.15582,1.1572,1.15522,1.15666,11619
EUR_USD,H1,2025-11-25T15:00:00.000000000Z,1.15672,1.15841,1.15618,1.15625,10810
EUR_USD,H1,2025-11-25T16:00:00.000000000Z,1.15626,1.15719,1.155,1.15528,6691
EUR_USD,H1,2025-11-25T17:00:00.000000000Z,1.15527,1.1584,1.15522,1.15824,12292
EUR_USD,H1,2025-11-25T18:00:00.000000000Z,1.15826,1.15861,1.15768,1.15795,7019
EUR_USD,H1,2025-11-25T19:00:00.000000000Z,1.15796,1.15856,1.1574,1.15838,4350
EUR_USD,H1,2025-11-25T20:00:00.000000000Z,1.15838,1.15844,1.1558,1.1565,5190
EUR_USD,H1,2025-11-25T21:00:00.000000000Z,1.1565,1.15724,1.15645,1.15697,2017
EUR_USD,H1,2025-11-25T22:00:00.000000000Z,1.15706,1.15717,1.15676,1.15694,493
EUR_USD,H1,2025-11-25T23:00:00.000000000Z,1.15696,1.15732,1.15643,1.15648,1294
EUR_USD,H1,2025-11-26T00:00:00.000000000Z,1.1565,1.15726,1.15633,1.15682,5264
EUR_USD,H1,2025-11-26T01:00:00.000000000Z,1.15682,1.15832,1.15654,1.15772,7729
EUR_USD,H1,2025-11-26T02:00:00.000000000Z,1.15772,1.15868,1.15748,1.15818,5651
EUR_USD,H1,2025-11-26T03:00:00.000000000Z,1.15818,1.15916,1.1581,1.15907,4686
EUR_USD,H1,2025-11-26T04:00:00.000000000Z,1.15906,1.15916,1.15824,1.15837,3416
EUR_USD,H1,2025-11-26T05:00:00.000000000Z,1.15838,1.15914,1.15826,1.15909,3373
EUR_USD,H1,2025-11-26T06:00:00.000000000Z,1.1591,1.1596,1.15838,1.15863,4472
EUR_USD,H1,2025-11-26T07:00:00.000000000Z,1.15864,1.15922,1.15752,1.15793,6991
EUR_USD,H1,2025-11-26T08:00:00.000000000Z,1.15794,1.1581,1.15656,1.1572,7662
EUR_USD,H1,2025-11-26T09:00:00.000000000Z,1.15722,1.15799,1.15683,1.1572,6575
EUR_USD,H1,2025-11-26T10:00:00.000000000Z,1.1572,1.1578,1.15683,1.15734,4909
EUR_USD,H1,2025-11-26T11:00:00.000000000Z,1.15735,1.1581,1.15681,1.15742,7737
EUR_USD,H1,2025-11-26T12:00:00.000000000Z,1.15742,1.15802,1.15692,1.15722,12056
EUR_USD,H1,2025-11-26T13:00:00.000000000Z,1.15724,1.15842,1.15484,1.15525,17448
EUR_USD,H1,2025-11-26T14:00:00.000000000Z,1.15524,1.1582,1.15471,1.15789,10824
EUR_USD,H1,2025-11-26T15:00:00.000000000Z,1.15786,1.15948,1.1578,1.15894,10987
EUR_USD,H1,2025-11-26T16:00:00.000000000Z,1.15895,1.16009,1.15888,1.15904,8313
EUR_USD,H1,2025-11-26T17:00:00.000000000Z,1.15904,1.1594,1.15851,1.1593,5944
EUR_USD,H1,2025-11-26T18:00:00.000000000Z,1.15931,1.15966,1.15894,1.15934,4315
EUR_USD,H1,2025-11-26T19:00:00.000000000Z,1.15935,1.15965,1.15906,1.15938,4032
EUR_USD,H1,2025-11-26T20:00:00.000000000Z,1.15938,1.15974,1.15922,1.15943,3271
EUR_USD,H1,2025-11-26T21:00:00.000000000Z,1.15942,1.15974,1.15938,1.15963,1880
EUR_USD,H1,2025-11-26T22:00:00.000000000Z,1.15935,1.15974,1.15924,1.1596,1038
EUR_USD,H1,2025-11-26T23:00:00.000000000Z,1.15959,1.16022,1.1595,1.16019,1415
EUR_USD,H1,2025-11-27T00:00:00.000000000Z,1.1602,1.16052,1.16,1.16022,2559
EUR_USD,H1,2025-11-27T01:00:00.000000000Z,1.16022,1.16126,1.16008,1.16092,5339
EUR_USD,H1,2025-11-27T02:00:00.000000000Z,1.16092,1.16136,1.16006,1.16038,4065
EUR_USD,H1,2025-11-27T03:00:00.000000000Z,1.16038,1.16067,1.16,1.16022,3268
EUR_USD,H1,2025-11-27T04:00:00.000000000Z,1.16022,1.16052,1.16002,1.16008,2504
EUR_USD,H1,2025-11-27T05:00:00.000000000Z,1.1601,1.16064,1.16008,1.16022,3875
EUR_USD,H1,2025-11-27T06:00:00.000000000Z,1.16023,1.16054,1.15913,1.15926,4775
EUR_USD,H1,2025-11-27T07:00:00.000000000Z,1.15925,1.15938,1.15858,1.15917,3949
EUR_USD,H1,2025-11-27T08:00:00.000000000Z,1.15918,1.15956,1.15868,1.15928,5719
EUR_USD,H1,2025-11-27T09:00:00.000000000Z,1.15928,1.15938,1.15766,1.15776,5583
EUR_USD,H1,2025-11-27T10:00:00.000000000Z,1.15776,1.15852,1.15772,1.1584,4134
EUR_USD,H1,2025-11-27T11:00:00.000000000Z,1.15838,1.15878,1.15787,1.15861,4586
EUR_USD,H1,2025-11-27T12:00:00.000000000Z,1.15862,1.15905,1.1582,1.15832,3952
EUR_USD,H1,2025-11-27T13:00:00.000000000Z,1.15832,1.1597,1.15832,1.1595,5146
EUR_USD,H1,2025-11-27T14:00:00.000000000Z,1.1595,1.1598,1.15904,1.15951,4306
EUR_USD,H1,2025-11-27T15:00:00.000000000Z,1.1595,1.15996,1.15922,1.15942,4259
EUR_USD,H1,2025-11-27T16:00:00.000000000Z,1.15943,1.16004,1.15924,1.15994,2448
EUR_USD,H1,2025-11-27T17:00:00.000000000Z,1.15996,1.16016,1.15918,1.15951,1787
EUR_USD,H1,2025-11-27T18:00:00.000000000Z,1.15952,1.15956,1.15913,1.1592,1090
EUR_USD,H1,2025-11-27T19:00:00.000000000Z,1.1592,1.15962,1.1592,1.15954,953
EUR_USD,H1,2025-11-27T20:00:00.000000000Z,1.15953,1.15966,1.15943,1.1595,1394
EUR_USD,H1,2025-11-27T21:00:00.000000000Z,1.15951,1.15972,1.15951,1.1596,751
EUR_USD,H1,2025-11-27T22:00:00.000000000Z,1.15962,1.15973,1.15951,1.15959,756
EUR_USD,H1,2025-11-27T23:00:00.000000000Z,1.1596,1.16016,1.1596,1.15996,1023
EUR_USD,H1,2025-11-28T00:00:00.000000000Z,1.15996,1.1602,1.15921,1.15942,4332
EUR_USD,H1,2025-11-28T01:00:00.000000000Z,1.15942,1.15987,1.15817,1.15833,4464
EUR_USD,H1,2025-11-28T02:00:00.000000000Z,1.15834,1.1588,1.15816,1.15841,8056
EUR_USD,H1,2025-11-28T03:00:00.000000000Z,1.15842,1.1591,1.15826,1.15872,8686
EUR_USD,H1,2025-11-28T04:00:00.000000000Z,1.15872,1.15918,1.1586,1.15895,4685
EUR_USD,H1,2025-11-28T05:00:00.000000000Z,1.15893,1.15938,1.15823,1.15895,12121
EUR_USD,H1,2025-11-28T06:00:00.000000000Z,1.15894,1.15903,1.15815,1.15844,13573
EUR_USD,H1,2025-11-28T07:00:00.000000000Z,1.15845,1.15907,1.15773,1.15796,13509
EUR_USD,H1,2025-11-28T08:00:00.000000000Z,1.15795,1.15824,1.15666,1.15704,13000
EUR_USD,H1,2025-11-28T09:00:00.000000000Z,1.15706,1.158,1.15666,1.15688,19634
EUR_USD,H1,2025-11-28T10:00:00.000000000Z,1.15688,1.1571,1.15553,1.15592,8782
EUR_USD,H1,2025-11-28T11:00:00.000000000Z,1.1559,1.1569,1.15557,1.15679,9032
EUR_USD,H1,2025-11-28T12:00:00.000000000Z,1.1568,1.15728,1.15616,1.15664,10449
EUR_USD,H1,2025-11-28T13:00:00.000000000Z,1.15666,1.15787,1.15628,1.15748,18683
EUR_USD,H1,2025-11-28T14:00:00.000000000Z,1.15748,1.15852,1.15712,1.15846,8537
EUR_USD,H1,2025-11-28T15:00:00.000000000Z,1.15844,1.16076,1.15795,1.16074,12622
EUR_USD,H1,2025-11-28T16:00:00.000000000Z,1.16075,1.16075,1.15927,1.15992,10136
EUR_USD,H1,2025-11-28T17:00:00.000000000Z,1.1599,1.16045,1.15934,1.16028,4981
EUR_USD,H1,2025-11-28T18:00:00.000000000Z,1.16028,1.16046,1.15959,1.16016,4116
EUR_USD,H1,2025-11-28T19:00:00.000000000Z,1.16016,1.16039,1.16006,1.16023,3207
EUR_USD,H1,2025-11-28T20:00:00.000000000Z,1.16025,1.16044,1.16006,1.16008,2852
EUR_USD,H1,2025-11-28T21:00:00.000000000Z,1.16007,1.16029,1.15957,1.15985,1853
EUR_USD,H1,2025-11-30T22:00:00.000000000Z,1.15938,1.16002,1.15927,1.15991,1963
EUR_USD,H1,2025-11-30T23:00:00.000000000Z,1.15989,1.16078,1.1596,1.16012,2645
EUR_USD,H1,2025-12-01T00:00:00.000000000Z,1.16012,1.16072,1.15978,1.16032,5638
EUR_USD,H1,2025-12-01T01:00:00.000000000Z,1.1603,1.1616,1.16004,1.16052,9125
EUR_USD,H1,2025-12-01T02:00:00.000000000Z,1.16052,1.16058,1.15928,1.1595,5125
EUR_USD,H1,2025-12-01T03:00:00.000000000Z,1.1595,1.15976,1.15894,1.15968,3107
EUR_USD,H1,2025-12-01T04:00:00.000000000Z,1.1597,1.16026,1.15946,1.15986,3044
EUR_USD,H1,2025-12-01T05:00:00.000000000Z,1.15986,1.16014,1.15948,1.1598,3905
EUR_USD,H1,2025-12-01T06:00:00.000000000Z,1.15978,1.15991,1.15904,1.15963,5295
EUR_USD,H1,2025-12-01T07:00:00.000000000Z,1.15964,1.1613,1.15956,1.1607,6538
EUR_USD,H1,2025-12-01T08:00:00.000000000Z,1.1607,1.1622,1.1604,1.16136,9352
EUR_USD,H1,2025-12-01T09:00:00.000000000Z,1.16135,1.16236,1.16134,1.16222,7587
EUR_USD,H1,2025-12-01T10:00:00.000000000Z,1.16224,1.16284,1.1619,1.16276,6140
EUR_USD,H1,2025-12-01T11:00:00.000000000Z,1.16274,1.16323,1.16242,1.16278,5200
EUR_USD,H1,2025-12-01T12:00:00.000000000Z,1.1628,1.1649,1.16266,1.16488,7136
EUR_USD,H1,2025-12-01T13:00:00.000000000Z,1.16488,1.16526,1.16395,1.16449,9179
EUR_USD,H1,2025-12-01T14:00:00.000000000Z,1.16448,1.16452,1.16302,1.16322,11011
EUR_USD,H1,2025-12-01T15:00:00.000000000Z,1.1634,1.16406,1.16226,1.1629,11877
EUR_USD,H1,2025-12-01T16:00:00.000000000Z,1.16292,1.16344,1.1621,1.16228,7362
EUR_USD,H1,2025-12-01T17:00:00.000000000Z,1.16228,1.16289,1.16178,1.16207,4958
EUR_USD,H1,2025-12-01T18:00:00.000000000Z,1.16208,1.16236,1.16118,1.1612,5439
EUR_USD,H1,2025-12-01T19:00:00.000000000Z,1.16118,1.16124,1.16072,1.16085,4122
EUR_USD,H1,2025-12-01T20:00:00.000000000Z,1.16084,1.16101,1.16066,1.16096,2699
EUR_USD,H1,2025-12-01T21:00:00.000000000Z,1.16096,1.1611,1.1608,1.16092,1314
EUR_USD,H1,2025-12-01T22:00:00.000000000Z,1.16104,1.16105,1.1608,1.16089,148
EUR_USD,H1,2025-12-01T23:00:00.000000000Z,1.16089,1.16102,1.16068,1.16068,645
EUR_USD,H1,2025-12-02T00:00:00.000000000Z,1.16069,1.16096,1.1604,1.16058,2424
EUR_USD,H1,2025-12-02T01:00:00.000000000Z,1.16058,1.16112,1.16038,1.16092,3547
EUR_USD,H1,2025-12-02T02:00:00.000000000Z,1.16092,1.16119,1.16088,1.16119,1970
EUR_USD,H1,2025-12-02T03:00:00.000000000Z,1.1612,1.16128,1.16088,1.16122,2249
EUR_USD,H1,2025-12-02T04:00:00.000000000Z,1.16121,1.16142,1.16089,1.16089,1841
EUR_USD,H1,2025-12-02T05:00:00.000000000Z,1.16088,1.16112,1.16072,1.161,1813
EUR_USD,H1,2025-12-02T06:00:00.000000000Z,1.161,1.16112,1.16049,1.16098,2618
EUR_USD,H1,2025-12-02T07:00:00.000000000Z,1.16097,1.16164,1.16088,1.16127,5014
EUR_USD,H1,2025-12-02T08:00:00.000000000Z,1.16128,1.16163,1.1609,1.16107,5787
EUR_USD,H1,2025-12-02T09:00:00.000000000Z,1.16106,1.16142,1.16024,1.16102,5506
EUR_USD,H1,2025-12-02T10:00:00.000000000Z,1.16103,1.16124,1.15984,1.16066,6307
EUR_USD,H1,2025-12-02T11:00:00.000000000Z,1.16068,1.1613,1.16036,1.16119,4487
EUR_USD,H1,2025-12-02T12:00:00.000000000Z,1.16118,1.16195,1.16074,1.16177,5167
EUR_USD,H1,2025-12-02T13:00:00.000000000Z,1.16178,1.16196,1.16112,1.16176,6257
EUR_USD,H1,2025-12-02T14:00:00.000000000Z,1.16176,1.16233,1.16132,1.16176,9353
EUR_USD,H1,2025-12-02T15:00:00.000000000Z,1.16177,1.16186,1.15934,1.16062,11512
EUR_USD,H1,2025-12-02T16:00:00.000000000Z,1.16062,1.16098,1.15912,1.15954,8542
EUR_USD,H1,2025-12-02T17:00:00.000000000Z,1.15954,1.16078,1.1593,1.16072,5852
EUR_USD,H1,2025-12-02T18:00:00.000000000Z,1.16072,1.16134,1.16056,1.16087,4197
EUR_USD,H1,2025-12-02T19:00:00.000000000Z,1.16088,1.1625,1.16087,1.16208,4338
EUR_USD,H1,2025-12-02T20:00:00.000000000Z,1.16206,1.1626,1.16198,1.16246,3669
EUR_USD,H1,2025-12-02T21:00:00.000000000Z,1.16246,1.1626,1.16211,1.16254,1635
EUR_USD,H1,2025-12-02T22:00:00.000000000Z,1.16242,1.16252,1.16211,1.1624,524
EUR_USD,H1,2025-12-02T23:00:00.000000000Z,1.16246,1.16291,1.16246,1.16282,1019
EUR_USD,H1,2025-12-03T00:00:00.000000000Z,1.16284,1.16333,1.1628,1.16308,3285
EUR_USD,H1,2025-12-03T01:00:00.000000000Z,1.16309,1.16376,1.16306,1.16368,3527
EUR_USD,H1,2025-12-03T02:00:00.000000000Z,1.16369,1.16388,1.16354,1.16382,2783
EUR_USD,H1,2025-12-03T03:00:00.000000000Z,1.1638,1.1639,1.1637,1.16378,2341
EUR_USD,H1,2025-12-03T04:00:00.000000000Z,1.16378,1.16422,1.16362,1.16412,2000
EUR_USD,H1,2025-12-03T05:00:00.000000000Z,1.16413,1.16438,1.1641,1.16427,2735
EUR_USD,H1,2025-12-03T06:00:00.000000000Z,1.16428,1.16479,1.16416,1.1643,3414
EUR_USD,H1,2025-12-03T07:00:00.000000000Z,1.1643,1.16528,1.16395,1.16414,6297
EUR_USD,H1,2025-12-03T08:00:00.000000000Z,1.16416,1.16458,1.16358,1.16441,6612
EUR_USD,H1,2025-12-03T09:00:00.000000000Z,1.16442,1.1648,1.164,1.16456,6710
EUR_USD,H1,2025-12-03T10:00:00.000000000Z,1.16458,1.16638,1.1645,1.16606,6441
EUR_USD,H1,2025-12-03T11:00:00.000000000Z,1.16606,1.1666,1.1655,1.16656,4816
EUR_USD,H1,2025-12-03T12:00:00.000000000Z,1.16656,1.16694,1.16623,1.1663,5281
EUR_USD,H1,2025-12-03T13:00:00.000000000Z,1.1663,1.16755,1.16618,1.16664,9519
EUR_USD,H1,2025-12-03T14:00:00.000000000Z,1.16664,1.1667,1.16557,1.16624,10040
EUR_USD,H1,2025-12-03T15:00:00.000000000Z,1.16611,1.16682,1.16546,1.16597,13927
EUR_USD,H1,2025-12-03T16:00:00.000000000Z,1.16596,1.16664,1.16584,1.16594,8223
EUR_USD,H1,2025-12-03T17:00:00.000000000Z,1.16596,1.16709,1.16576,1.16686,5248
EUR_USD,H1,2025-12-03T18:00:00.000000000Z,1.16687,1.16756,1.16684,1.16718,4972
EUR_USD,H1,2025-12-03T19:00:00.000000000Z,1.16719,1.16778,1.16712,1.16728,2970
EUR_USD,H1,2025-12-03T20:00:00.000000000Z,1.16726,1.1673,1.16652,1.16656,2851
EUR_USD,H1,2025-12-03T21:00:00.000000000Z,1.16656,1.16718,1.16643,1.16714,1694
EUR_USD,H1,2025-12-03T22:00:00.000000000Z,1.16716,1.16754,1.16712,1.16714,654
EUR_USD,H1,2025-12-03T23:00:00.000000000Z,1.16713,1.16724,1.16636,1.16664,1153
EUR_USD,H1,2025-12-04T00:00:00.000000000Z,1.16664,1.16675,1.16595,1.1663,3260
EUR_USD,H1,2025-12-04T01:00:00.000000000Z,1.16629,1.16648,1.16589,1.16633,3720
EUR_USD,H1,2025-12-04T02:00:00.000000000Z,1.16634,1.1664,1.1659,1.16602,3003
EUR_USD,H1,2025-12-04T03:00:00.000000000Z,1.16602,1.16603,1.16534,1.16559,3350
EUR_USD,H1,2025-12-04T04:00:00.000000000Z,1.16558,1.16585,1.16554,1.16574,2622
EUR_USD,H1,2025-12-04T05:00:00.000000000Z,1.16574,1.16624,1.16564,1.16598,3837
EUR_USD,H1,2025-12-04T06:00:00.000000000Z,1.166,1.166,1.16531,1.1658,3715
EUR_USD,H1,2025-12-04T07:00:00.000000000Z,1.1658,1.16656,1.16552,1.16656,4855
EUR_USD,H1,2025-12-04T08:00:00.000000000Z,1.16655,1.1682,1.16635,1.16768,8677
EUR_USD,H1,2025-12-04T09:00:00.000000000Z,1.16768,1.16804,1.16735,1.16777,7087
EUR_USD,H1,2025-12-04T10:00:00.000000000Z,1.16778,1.16798,1.16636,1.16666,5711
EUR_USD,H1,2025-12-04T11:00:00.000000000Z,1.16665,1.16808,1.16652,1.16802,5920
EUR_USD,H1,2025-12-04T12:00:00.000000000Z,1.16802,1.1681,1.16654,1.16702,6195
EUR_USD,H1,2025-12-04T13:00:00.000000000Z,1.16702,1.16714,1.1652,1.16648,10629
EUR_USD,H1,2025-12-04T14:00:00.000000000Z,1.1665,1.16771,1.16643,1.16699,10295
EUR_USD,H1,2025-12-04T15:00:00.000000000Z,1.16697,1.16748,1.16582,1.16734,9001
EUR_USD,H1,2025-12-04T16:00:00.000000000Z,1.16734,1.16736,1.16535,1.16588,6704
EUR_USD,H1,2025-12-04T17:00:00.000000000Z,1.16589,1.16598,1.16531,1.16562,4079
EUR_USD,H1,2025-12-04T18:00:00.000000000Z,1.16562,1.16599,1.16538,1.16544,3876
EUR_USD,H1,2025-12-04T19:00:00.000000000Z,1.16542,1.16556,1.16503,1.16526,4745
EUR_USD,H1,2025-12-04T20:00:00.000000000Z,1.16525,1.16525,1.1641,1.16442,4173
EUR_USD,H1,2025-12-04T21:00:00.000000000Z,1.16442,1.1646,1.1641,1.16449,1564
EUR_USD,H1,2025-12-04T22:00:00.000000000Z,1.16464,1.16464,1.16444,1.16446,423
EUR_USD,H1,2025-12-04T23:00:00.000000000Z,1.16446,1.16446,1.16412,1.16434,1082
EUR_USD,H1,2025-12-05T00:00:00.000000000Z,1.16434,1.16504,1.16434,1.165,2883
EUR_USD,H1,2025-12-05T01:00:00.000000000Z,1.16499,1.16538,1.16498,1.16536,3101
EUR_USD,H1,2025-12-05T02:00:00.000000000Z,1.16537,1.16545,1.16512,1.16518,2284
EUR_USD,H1,2025-12-05T03:00:00.000000000Z,1.1652,1.1652,1.16466,1.1649,1691
EUR_USD,H1,2025-12-05T04:00:00.000000000Z,1.1649,1.16543,1.16488,1.16536,2394
EUR_USD,H1,2025-12-05T05:00:00.000000000Z,1.16535,1.16592,1.16533,1.16592,3286
EUR_USD,H1,2025-12-05T06:00:00.000000000Z,1.16592,1.16616,1.16554,1.16594,2917
EUR_USD,H1,2025-12-05T07:00:00.000000000Z,1.16594,1.16718,1.16586,1.1663,6091
EUR_USD,H1,2025-12-05T08:00:00.000000000Z,1.1663,1.16642,1.16524,1.16538,7504
EUR_USD,H1,2025-12-05T09:00:00.000000000Z,1.16538,1.16554,1.16483,1.16545,5503
EUR_USD,H1,2025-12-05T10:00:00.000000000Z,1.16546,1.1657,1.16478,1.16511,4744
EUR_USD,H1,2025-12-05T11:00:00.000000000Z,1.1651,1.16524,1.16416,1.16464,4847
EUR_USD,H1,2025-12-05T12:00:00.000000000Z,1.16464,1.16534,1.16437,1.16518,5691
EUR_USD,H1,2025-12-05T13:00:00.000000000Z,1.16517,1.1654,1.16436,1.16518,7213
EUR_USD,H1,2025-12-05T14:00:00.000000000Z,1.16518,1.16602,1.16456,1.165,9743
EUR_USD,H1,2025-12-05T15:00:00.000000000Z,1.16498,1.1659,1.16438,1.16482,11427
EUR_USD,H1,2025-12-05T16:00:00.000000000Z,1.16482,1.16491,1.1628,1.16343,9915
EUR_USD,H1,2025-12-05T17:00:00.000000000Z,1.16342,1.16442,1.16325,1.16442,5583
EUR_USD,H1,2025-12-05T18:00:00.000000000Z,1.16443,1.16486,1.1642,1.16428,4530
EUR_USD,H1,2025-12-05T19:00:00.000000000Z,1.16429,1.16441,1.164,1.16432,3368
EUR_USD,H1,2025-12-05T20:00:00.000000000Z,1.16428,1.16446,1.16399,1.16441,2356
EUR_USD,H1,2025-12-05T21:00:00.000000000Z,1.16442,1.16472,1.16404,1.16438,1575
EUR_USD,H1,2025-12-07T22:00:00.000000000Z,1.16401,1.16463,1.16396,1.16457,668
EUR_USD,H1,2025-12-07T23:00:00.000000000Z,1.1647,1.16471,1.16395,1.16406,2740
EUR_USD,H1,2025-12-08T00:00:00.000000000Z,1.16408,1.16516,1.16396,1.16512,4322
EUR_USD,H1,2025-12-08T01:00:00.000000000Z,1.16511,1.16532,1.16456,1.16518,5410
EUR_USD,H1,2025-12-08T02:00:00.000000000Z,1.16518,1.16543,1.16488,1.16538,3958
EUR_USD,H1,2025-12-08T03:00:00.000000000Z,1.16538,1.16555,1.16498,1.16502,2822
EUR_USD,H1,2025-12-08T04:00:00.000000000Z,1.16502,1.16556,1.16497,1.16545,2428
EUR_USD,H1,2025-12-08T05:00:00.000000000Z,1.16546,1.16564,1.16526,1.16562,2800
EUR_USD,H1,2025-12-08T06:00:00.000000000Z,1.16562,1.16722,1.16562,1.16608,5992
EUR_USD,H1,2025-12-08T07:00:00.000000000Z,1.1661,1.1668,1.1655,1.16582,5762
EUR_USD,H1,2025-12-08T08:00:00.000000000Z,1.16582,1.16625,1.16482,1.16561,6604
EUR_USD,H1,2025-12-08T09:00:00.000000000Z,1.1656,1.16576,1.16479,1.16488,6285
EUR_USD,H1,2025-12-08T10:00:00.000000000Z,1.16486,1.16557,1.16478,1.16509,5466
EUR_USD,H1,2025-12-08T11:00:00.000000000Z,1.16508,1.16536,1.16468,1.16502,5657
EUR_USD,H1,2025-12-08T12:00:00.000000000Z,1.16502,1.16539,1.16476,1.16533,5996
EUR_USD,H1,2025-12-08T13:00:00.000000000Z,1.16534,1.16576,1.16456,1.16484,7217
EUR_USD,H1,2025-12-08T14:00:00.000000000Z,1.16484,1.16548,1.16378,1.16402,10181
EUR_USD,H1,2025-12-08T15:00:00.000000000Z,1.16402,1.16402,1.16172,1.16251,10366
EUR_USD,H1,2025-12-08T16:00:00.000000000Z,1.16251,1.16288,1.16165,1.16248,7562
EUR_USD,H1,2025-12-08T17:00:00.000000000Z,1.16251,1.16392,1.162,1.16392,6232
EUR_USD,H1,2025-12-08T18:00:00.000000000Z,1.16392,1.16422,1.16344,1.16373,4661
EUR_USD,H1,2025-12-08T19:00:00.000000000Z,1.16372,1.16418,1.16364,1.16394,4014
EUR_USD,H1,2025-12-08T20:00:00.000000000Z,1.16394,1.1642,1.16374,1.16381,2682
EUR_USD,H1,2025-12-08T21:00:00.000000000Z,1.16382,1.16388,1.16352,1.1637,1706
EUR_USD,H1,2025-12-08T22:00:00.000000000Z,1.16352,1.16381,1.16352,1.16362,1813
EUR_USD,H1,2025-12-08T23:00:00.000000000Z,1.16362,1.1641,1.16358,1.1641,1066
EUR_USD,H1,2025-12-09T00:00:00.000000000Z,1.16408,1.1643,1.16369,1.16386,2595
EUR_USD,H1,2025-12-09T01:00:00.000000000Z,1.16386,1.16476,1.1636,1.16472,3678
EUR_USD,H1,2025-12-09T02:00:00.000000000Z,1.16471,1.16484,1.16438,1.16458,2517
EUR_USD,H1,2025-12-09T03:00:00.000000000Z,1.16459,1.16488,1.16438,1.16456,2686
EUR_USD,H1,2025-12-09T04:00:00.000000000Z,1.16456,1.16472,1.16438,1.16468,2486
EUR_USD,H1,2025-12-09T05:00:00.000000000Z,1.1647,1.16506,1.16441,1.1649,2525
EUR_USD,H1,2025-12-09T06:00:00.000000000Z,1.16486,1.16491,1.1642,1.16438,3731
EUR_USD,H1,2025-12-09T07:00:00.000000000Z,1.1644,1.16462,1.16382,1.16398,4893
EUR_USD,H1,2025-12-09T08:00:00.000000000Z,1.16399,1.16498,1.16337,1.1645,6326
EUR_USD,H1,2025-12-09T09:00:00.000000000Z,1.16448,1.16573,1.16436,1.16524,6116
EUR_USD,H1,2025-12-09T10:00:00.000000000Z,1.16524,1.16543,1.16404,1.16447,5009
EUR_USD,H1,2025-12-09T11:00:00.000000000Z,1.16448,1.16478,1.16381,1.16436,5583
EUR_USD,H1,2025-12-09T12:00:00.000000000Z,1.16436,1.16444,1.16343,1.16377,5222
EUR_USD,H1,2025-12-09T13:00:00.000000000Z,1.16378,1.164,1.1629,1.16346,7837
EUR_USD,H1,2025-12-09T14:00:00.000000000Z,1.16346,1.16388,1.16282,1.16376,10328
EUR_USD,H1,2025-12-09T15:00:00.000000000Z,1.16376,1.16379,1.16151,1.16287,13522
EUR_USD,H1,2025-12-09T16:00:00.000000000Z,1.16289,1.16412,1.16288,1.16382,5878
EUR_USD,H1,2025-12-09T17:00:00.000000000Z,1.16382,1.16397,1.1622,1.16242,4864
EUR_USD,H1,2025-12-09T18:00:00.000000000Z,1.1624,1.16249,1.16169,1.16243,3924
EUR_USD,H1,2025-12-09T19:00:00.000000000Z,1.16244,1.163,1.1622,1.16287,3233
EUR_USD,H1,2025-12-09T20:00:00.000000000Z,1.16288,1.16322,1.16265,1.16268,2608
EUR_USD,H1,2025-12-09T21:00:00.000000000Z,1.16268,1.16294,1.16236,1.16266,1545
EUR_USD,H1,2025-12-09T22:00:00.000000000Z,1.16275,1.16296,1.1626,1.16268,969
EUR_USD,H1,2025-12-09T23:00:00.000000000Z,1.16266,1.16288,1.16246,1.16279,938
EUR_USD,H1,2025-12-10T00:00:00.000000000Z,1.1628,1.16289,1.16244,1.16262,2921
EUR_USD,H1,2025-12-10T01:00:00.000000000Z,1.16263,1.16288,1.16224,1.16238,2993
EUR_USD,H1,2025-12-10T02:00:00.000000000Z,1.16237,1.16285,1.16232,1.16238,2525
EUR_USD,H1,2025-12-10T03:00:00.000000000Z,1.16238,1.16274,1.16216,1.16266,2429
EUR_USD,H1,2025-12-10T04:00:00.000000000Z,1.16266,1.16291,1.16251,1.16274,2017
EUR_USD,H1,2025-12-10T05:00:00.000000000Z,1.16273,1.1631,1.16265,1.163,2072
EUR_USD,H1,2025-12-10T06:00:00.000000000Z,1.16298,1.16356,1.16286,1.16354,2956
EUR_USD,H1,2025-12-10T07:00:00.000000000Z,1.16354,1.16494,1.16344,1.16483,5791
EUR_USD,H1,2025-12-10T08:00:00.000000000Z,1.16482,1.16578,1.16436,1.16526,6981
EUR_USD,H1,2025-12-10T09:00:00.000000000Z,1.16528,1.1653,1.16356,1.16365,5673
EUR_USD,H1,2025-12-10T10:00:00.000000000Z,1.16364,1.16395,1.16276,1.16343,5553
EUR_USD,H1,2025-12-10T11:00:00.000000000Z,1.16346,1.16384,1.163,1.16352,4853
EUR_USD,H1,2025-12-10T12:00:00.000000000Z,1.16352,1.16424,1.16329,1.16394,4270
EUR_USD,H1,2025-12-10T13:00:00.000000000Z,1.16395,1.16418,1.16276,1.16402,6351
EUR_USD,H1,2025-12-10T14:00:00.000000000Z,1.16402,1.16452,1.16338,1.16434,8018
EUR_USD,H1,2025-12-10T15:00:00.000000000Z,1.16432,1.16514,1.16347,1.16421,7843
EUR_USD,H1,2025-12-10T16:00:00.000000000Z,1.1642,1.165,1.16374,1.165,5417
EUR_USD,H1,2025-12-10T17:00:00.000000000Z,1.165,1.16604,1.16458,1.16588,4599
EUR_USD,H1,2025-12-10T18:00:00.000000000Z,1.16587,1.1661,1.16536,1.16561,3743
EUR_USD,H1,2025-12-10T19:00:00.000000000Z,1.16563,1.16812,1.1647,1.16782,34556
EUR_USD,H1,2025-12-10T20:00:00.000000000Z,1.16782,1.16998,1.16738,1.16941,14634
EUR_USD,H1,2025-12-10T21:00:00.000000000Z,1.16942,1.1696,1.16896,1.16958,2924
EUR_USD,H1,2025-12-10T22:00:00.000000000Z,1.16928,1.16966,1.16898,1.16953,2596
EUR_USD,H1,2025-12-10T23:00:00.000000000Z,1.16955,1.17028,1.1695,1.17016,1453
EUR_USD,H1,2025-12-11T00:00:00.000000000Z,1.17016,1.1705,1.16972,1.17022,4232
EUR_USD,H1,2025-12-11T01:00:00.000000000Z,1.17022,1.17074,1.17004,1.17017,4600
EUR_USD,H1,2025-12-11T02:00:00.000000000Z,1.17018,1.17062,1.16933,1.16939,3984
EUR_USD,H1,2025-12-11T03:00:00.000000000Z,1.16938,1.16976,1.16902,1.1691,3291
EUR_USD,H1,2025-12-11T04:00:00.000000000Z,1.16908,1.16917,1.16855,1.16903,2537
EUR_USD,H1,2025-12-11T05:00:00.000000000Z,1.16902,1.16922,1.16846,1.16854,2435
EUR_USD,H1,2025-12-11T06:00:00.000000000Z,1.16854,1.16898,1.16823,1.1689,3025
EUR_USD,H1,2025-12-11T07:00:00.000000000Z,1.16892,1.1701,1.16874,1.16936,5150
EUR_USD,H1,2025-12-11T08:00:00.000000000Z,1.16938,1.17066,1.16936,1.16972,7039
EUR_USD,H1,2025-12-11T09:00:00.000000000Z,1.16972,1.17034,1.16873,1.17022,6748
EUR_USD,H1,2025-12-11T10:00:00.000000000Z,1.17022,1.17078,1.16989,1.17072,4860
EUR_USD,H1,2025-12-11T11:00:00.000000000Z,1.17072,1.17178,1.17062,1.17132,4748
EUR_USD,H1,2025-12-11T12:00:00.000000000Z,1.1713,1.17193,1.17098,1.1717,5468
EUR_USD,H1,2025-12-11T13:00:00.000000000Z,1.1717,1.17364,1.17133,1.17311,10177
EUR_USD,H1,2025-12-11T14:00:00.000000000Z,1.1731,1.17485,1.17303,1.17376,9714
EUR_USD,H1,2025-12-11T15:00:00.000000000Z,1.17378,1.17571,1.17316,1.17564,9257
EUR_USD,H1,2025-12-11T16:00:00.000000000Z,1.17564,1.17595,1.17462,1.17554,7619
EUR_USD,H1,2025-12-11T17:00:00.000000000Z,1.17552,1.17628,1.17498,1.17552,5828
EUR_USD,H1,2025-12-11T18:00:00.000000000Z,1.17552,1.17594,1.17511,1.17536,4129
EUR_USD,H1,2025-12-11T19:00:00.000000000Z,1.17537,1.17538,1.17405,1.17412,3986
EUR_USD,H1,2025-12-11T20:00:00.000000000Z,1.1741,1.17458,1.17365,1.1741,3952
EUR_USD,H1,2025-12-11T21:00:00.000000000Z,1.17408,1.17434,1.17372,1.17384,2140
EUR_USD,H1,2025-12-11T22:00:00.000000000Z,1.17388,1.17402,1.17385,1.17389,1225
EUR_USD,H1,2025-12-11T23:00:00.000000000Z,1.17388,1.17418,1.17372,1.17409,1109
EUR_USD,H1,2025-12-12T00:00:00.000000000Z,1.1741,1.17446,1.17392,1.17405,4090
EUR_USD,H1,2025-12-12T01:00:00.000000000Z,1.17406,1.17462,1.17325,1.17349,3913
EUR_USD,H1,2025-12-12T02:00:00.000000000Z,1.17348,1.17378,1.17312,1.17362,2914
EUR_USD,H1,2025-12-12T03:00:00.000000000Z,1.17362,1.17376,1.17332,1.17344,2416
EUR_USD,H1,2025-12-12T04:00:00.000000000Z,1.17344,1.17356,1.17312,1.17318,2335
EUR_USD,H1,2025-12-12T05:00:00.000000000Z,1.17317,1.17394,1.17316,1.17386,2176
EUR_USD,H1,2025-12-12T06:00:00.000000000Z,1.17386,1.1742,1.1734,1.17391,3448
EUR_USD,H1,2025-12-12T07:00:00.000000000Z,1.17389,1.17434,1.17358,1.1738,5315
EUR_USD,H1,2025-12-12T08:00:00.000000000Z,1.17379,1.17422,1.17282,1.17282,6906
EUR_USD,H1,2025-12-12T09:00:00.000000000Z,1.17281,1.17348,1.1727,1.17328,5293
EUR_USD,H1,2025-12-12T10:00:00.000000000Z,1.17328,1.17334,1.17245,1.17274,4965
EUR_USD,H1,2025-12-12T11:00:00.000000000Z,1.17274,1.17292,1.17223,1.17268,3305
EUR_USD,H1,2025-12-12T12:00:00.000000000Z,1.17266,1.1728,1.17196,1.1725,3939
EUR_USD,H1,2025-12-12T13:00:00.000000000Z,1.1725,1.17352,1.1724,1.17272,5804
EUR_USD,H1,2025-12-12T14:00:00.000000000Z,1.17272,1.17436,1.17232,1.17422,7971
EUR_USD,H1,2025-12-12T15:00:00.000000000Z,1.1742,1.17451,1.17296,1.17382,8255
EUR_USD,H1,2025-12-12T16:00:00.000000000Z,1.17381,1.17434,1.17262,1.17312,7144
EUR_USD,H1,2025-12-12T17:00:00.000000000Z,1.17312,1.17482,1.17302,1.17478,4828
EUR_USD,H1,2025-12-12T18:00:00.000000000Z,1.17478,1.17498,1.17405,1.17416,4290
EUR_USD,H1,2025-12-12T19:00:00.000000000Z,1.17415,1.17415,1.17354,1.17405,3794
EUR_USD,H1,2025-12-12T20:00:00.000000000Z,1.17402,1.17466,1.1737,1.17392,3785
EUR_USD,H1,2025-12-12T21:00:00.000000000Z,1.17392,1.17453,1.17384,1.17401,2021
EUR_USD,H1,2025-12-14T22:00:00.000000000Z,1.1733,1.17391,1.1733,1.17376,1150
EUR_USD,H1,2025-12-14T23:00:00.000000000Z,1.17376,1.17409,1.17356,1.17372,1246
EUR_USD,H1,2025-12-15T00:00:00.000000000Z,1.17372,1.17374,1.17286,1.17334,2950
EUR_USD,H1,2025-12-15T01:00:00.000000000Z,1.17333,1.17425,1.17296,1.17414,4060
EUR_USD,H1,2025-12-15T02:00:00.000000000Z,1.17414,1.17448,1.1737,1.17414,4231
EUR_USD,H1,2025-12-15T03:00:00.000000000Z,1.17415,1.17448,1.17318,1.17342,3240
EUR_USD,H1,2025-12-15T04:00:00.000000000Z,1.17342,1.17356,1.1732,1.17324,2341
EUR_USD,H1,2025-12-15T05:00:00.000000000Z,1.17326,1.17359,1.17321,1.17344,2714
EUR_USD,H1,2025-12-15T06:00:00.000000000Z,1.17343,1.17364,1.17288,1.17354,4080
EUR_USD,H1,2025-12-15T07:00:00.000000000Z,1.17353,1.17382,1.1728,1.17286,5184
EUR_USD,H1,2025-12-15T08:00:00.000000000Z,1.17285,1.17388,1.17265,1.17312,5959
EUR_USD,H1,2025-12-15T09:00:00.000000000Z,1.17312,1.17436,1.17306,1.17434,5111
EUR_USD,H1,2025-12-15T10:00:00.000000000Z,1.17434,1.17467,1.17392,1.17428,3639
EUR_USD,H1,2025-12-15T11:00:00.000000000Z,1.17427,1.17502,1.17413,1.17488,3000
EUR_USD,H1,2025-12-15T12:00:00.000000000Z,1.17489,1.17593,1.17485,1.17528,3860
EUR_USD,H1,2025-12-15T13:00:00.000000000Z,1.17529,1.17598,1.17472,1.17474,5525
EUR_USD,H1,2025-12-15T14:00:00.000000000Z,1.17474,1.17642,1.17441,1.17636,7313
EUR_USD,H1,2025-12-15T15:00:00.000000000Z,1.17636,1.1769,1.17548,1.17628,11025
EUR_USD,H1,2025-12-15T16:00:00.000000000Z,1.17628,1.17649,1.17522,1.17556,6980
EUR_USD,H1,2025-12-15T17:00:00.000000000Z,1.17554,1.17558,1.1745,1.17459,4382
EUR_USD,H1,2025-12-15T18:00:00.000000000Z,1.17458,1.17484,1.17392,1.17432,3773
EUR_USD,H1,2025-12-15T19:00:00.000000000Z,1.17432,1.175,1.17384,1.1749,2866
EUR_USD,H1,2025-12-15T20:00:00.000000000Z,1.17488,1.17519,1.17476,1.17512,2501
EUR_USD,H1,2025-12-15T21:00:00.000000000Z,1.1751,1.17541,1.17492,1.17539,1589
EUR_USD,H1,2025-12-15T22:00:00.000000000Z,1.17521,1.17542,1.1749,1.17514,2368
EUR_USD,H1,2025-12-15T23:00:00.000000000Z,1.17514,1.1756,1.17512,1.17536,793
EUR_USD,H1,2025-12-16T00:00:00.000000000Z,1.17538,1.1758,1.17484,1.17498,3331
EUR_USD,H1,2025-12-16T01:00:00.000000000Z,1.17498,1.17554,1.17466,1.17519,4411
EUR_USD,H1,2025-12-16T02:00:00.000000000Z,1.1752,1.17566,1.17503,1.17557,2644
EUR_USD,H1,2025-12-16T03:00:00.000000000Z,1.17556,1.17592,1.175,1.17518,2534
EUR_USD,H1,2025-12-16T04:00:00.000000000Z,1.17518,1.17539,1.175,1.17511,1575
EUR_USD,H1,2025-12-16T05:00:00.000000000Z,1.1751,1.17542,1.17494,1.17505,2350
EUR_USD,H1,2025-12-16T06:00:00.000000000Z,1.17504,1.17538,1.17466,1.17527,2727
EUR_USD,H1,2025-12-16T07:00:00.000000000Z,1.17526,1.17543,1.17444,1.17524,3929
EUR_USD,H1,2025-12-16T08:00:00.000000000Z,1.17525,1.17642,1.17466,1.17545,6159
EUR_USD,H1,2025-12-16T09:00:00.000000000Z,1.17544,1.1762,1.17501,1.17561,5728
EUR_USD,H1,2025-12-16T10:00:00.000000000Z,1.17562,1.17618,1.17539,1.17574,4812
EUR_USD,H1,2025-12-16T11:00:00.000000000Z,1.17574,1.17632,1.17517,1.17632,3442
EUR_USD,H1,2025-12-16T12:00:00.000000000Z,1.17632,1.17785,1.17608,1.17778,5029
EUR_USD,H1,2025-12-16T13:00:00.000000000Z,1.17779,1.17948,1.17569,1.17758,19782
EUR_USD,H1,2025-12-16T14:00:00.000000000Z,1.17758,1.18002,1.1769,1.17998,12387
EUR_USD,H1,2025-12-16T15:00:00.000000000Z,1.17996,1.18042,1.17674,1.17702,11365
EUR_USD,H1,2025-12-16T16:00:00.000000000Z,1.17701,1.1776,1.17612,1.17692,7524
EUR_USD,H1,2025-12-16T17:00:00.000000000Z,1.17692,1.1778,1.17624,1.17639,5271
EUR_USD,H1,2025-12-16T18:00:00.000000000Z,1.17639,1.17639,1.17452,1.17531,5777
EUR_USD,H1,2025-12-16T19:00:00.000000000Z,1.17532,1.17623,1.17346,1.17578,6841
EUR_USD,H1,2025-12-16T20:00:00.000000000Z,1.17576,1.17631,1.17464,1.17478,4568
EUR_USD,H1,2025-12-16T21:00:00.000000000Z,1.17477,1.17514,1.17458,1.1748,1836
EUR_USD,H1,2025-12-16T22:00:00.000000000Z,1.17476,1.175,1.1747,1.1748,1360
EUR_USD,H1,2025-12-16T23:00:00.000000000Z,1.17482,1.17513,1.17482,1.17494,856
EUR_USD,H1,2025-12-17T00:00:00.000000000Z,1.17494,1.17518,1.17454,1.17504,2602
EUR_USD,H1,2025-12-17T01:00:00.000000000Z,1.17504,1.17524,1.17452,1.17474,3910
EUR_USD,H1,2025-12-17T02:00:00.000000000Z,1.17473,1.1748,1.17373,1.174,3734
EUR_USD,H1,2025-12-17T03:00:00.000000000Z,1.174,1.17408,1.17369,1.17392,2490
EUR_USD,H1,2025-12-17T04:00:00.000000000Z,1.17392,1.17398,1.17277,1.17296,3040
EUR_USD,H1,2025-12-17T05:00:00.000000000Z,1.17296,1.17308,1.1725,1.17292,3587
EUR_USD,H1,2025-12-17T06:00:00.000000000Z,1.17291,1.17306,1.17066,1.171,4870
EUR_USD,H1,2025-12-17T07:00:00.000000000Z,1.171,1.17136,1.17031,1.1713,9627
EUR_USD,H1,2025-12-17T08:00:00.000000000Z,1.1713,1.17211,1.1706,1.17186,6357
EUR_USD,H1,2025-12-17T09:00:00.000000000Z,1.17187,1.17208,1.17116,1.17162,6108
EUR_USD,H1,2025-12-17T10:00:00.000000000Z,1.1716,1.17254,1.17129,1.17252,5506
EUR_USD,H1,2025-12-17T11:00:00.000000000Z,1.17254,1.17274,1.17078,1.17092,5007
EUR_USD,H1,2025-12-17T12:00:00.000000000Z,1.17093,1.17276,1.17084,1.17266,5114
EUR_USD,H1,2025-12-17T13:00:00.000000000Z,1.17267,1.17332,1.17199,1.17318,8981
EUR_USD,H1,2025-12-17T14:00:00.000000000Z,1.17318,1.17444,1.17283,1.17411,8328
EUR_USD,H1,2025-12-17T15:00:00.000000000Z,1.17411,1.17582,1.17404,1.17529,10183
EUR_USD,H1,2025-12-17T16:00:00.000000000Z,1.17528,1.17563,1.17456,1.17472,7445
EUR_USD,H1,2025-12-17T17:00:00.000000000Z,1.17472,1.17548,1.17456,1.17494,4719
EUR_USD,H1,2025-12-17T18:00:00.000000000Z,1.17494,1.17556,1.17426,1.17442,4159
EUR_USD,H1,2025-12-17T19:00:00.000000000Z,1.17441,1.17474,1.17415,1.1745,3214
EUR_USD,H1,2025-12-17T20:00:00.000000000Z,1.1745,1.17462,1.17384,1.17396,2938
EUR_USD,H1,2025-12-17T21:00:00.000000000Z,1.17396,1.17416,1.17387,1.17401,1697
EUR_USD,H1,2025-12-17T22:00:00.000000000Z,1.17408,1.1744,1.17398,1.17403,838
EUR_USD,H1,2025-12-17T23:00:00.000000000Z,1.17401,1.17434,1.17398,1.17418,921
EUR_USD,H1,2025-12-18T00:00:00.000000000Z,1.17418,1.17458,1.17404,1.1744,2624
EUR_USD,H1,2025-12-18T01:00:00.000000000Z,1.1744,1.17456,1.17352,1.17386,3751
EUR_USD,H1,2025-12-18T02:00:00.000000000Z,1.17386,1.17427,1.17368,1.1741,3103
EUR_USD,H1,2025-12-18T03:00:00.000000000Z,1.17409,1.1742,1.17375,1.17394,1941
EUR_USD,H1,2025-12-18T04:00:00.000000000Z,1.17393,1.1743,1.17384,1.17428,1463
EUR_USD,H1,2025-12-18T05:00:00.000000000Z,1.1743,1.17469,1.17412,1.17459,2371
EUR_USD,H1,2025-12-18T06:00:00.000000000Z,1.17458,1.17474,1.17389,1.17443,2871
EUR_USD,H1,2025-12-18T07:00:00.000000000Z,1.17442,1.17497,1.17336,1.17338,4778
EUR_USD,H1,2025-12-18T08:00:00.000000000Z,1.17338,1.17373,1.17281,1.17324,5312
EUR_USD,H1,2025-12-18T09:00:00.000000000Z,1.17323,1.17328,1.17173,1.1722,5937
EUR_USD,H1,2025-12-18T10:00:00.000000000Z,1.17218,1.17269,1.17178,1.17248,4063
EUR_USD,H1,2025-12-18T11:00:00.000000000Z,1.17248,1.17276,1.17204,1.17206,3897
EUR_USD,H1,2025-12-18T12:00:00.000000000Z,1.17206,1.17234,1.17124,1.17139,6780
EUR_USD,H1,2025-12-18T13:00:00.000000000Z,1.1714,1.17628,1.17132,1.17468,18799
EUR_USD,H1,2025-12-18T14:00:00.000000000Z,1.17468,1.17558,1.17327,1.17348,16500
EUR_USD,H1,2025-12-18T15:00:00.000000000Z,1.17347,1.17403,1.1716,1.17272,11862
EUR_USD,H1,2025-12-18T16:00:00.000000000Z,1.17271,1.17461,1.17256,1.1728,8271
EUR_USD,H1,2025-12-18T17:00:00.000000000Z,1.17282,1.17289,1.17153,1.17188,6303
EUR_USD,H1,2025-12-18T18:00:00.000000000Z,1.17189,1.1725,1.17154,1.17196,3499
EUR_USD,H1,2025-12-18T19:00:00.000000000Z,1.17196,1.17278,1.17179,1.17252,4279
EUR_USD,H1,2025-12-18T20:00:00.000000000Z,1.17253,1.17278,1.17203,1.17222,3022
EUR_USD,H1,2025-12-18T21:00:00.000000000Z,1.17222,1.17253,1.17218,1.17236,1385
EUR_USD,H1,2025-12-18T22:00:00.000000000Z,1.17203,1.1726,1.17203,1.17246,2812
EUR_USD,H1,2025-12-18T23:00:00.000000000Z,1.17246,1.17278,1.17238,1.17248,851
EUR_USD,H1,2025-12-19T00:00:00.000000000Z,1.17248,1.17268,1.17218,1.17265,2780
EUR_USD,H1,2025-12-19T01:00:00.000000000Z,1.17265,1.17288,1.17205,1.17244,2892
EUR_USD,H1,2025-12-19T02:00:00.000000000Z,1.17243,1.17287,1.17212,1.17227,2403
EUR_USD,H1,2025-12-19T03:00:00.000000000Z,1.17228,1.17259,1.17184,1.17213,3841
EUR_USD,H1,2025-12-19T04:00:00.000000000Z,1.17214,1.17228,1.17156,1.1718,1917
EUR_USD,H1,2025-12-19T05:00:00.000000000Z,1.1718,1.17208,1.1718,1.172,1908
EUR_USD,H1,2025-12-19T06:00:00.000000000Z,1.172,1.17216,1.17118,1.17199,4666
EUR_USD,H1,2025-12-19T07:00:00.000000000Z,1.17198,1.17206,1.17033,1.17077,5953
EUR_USD,H1,2025-12-19T08:00:00.000000000Z,1.17077,1.17164,1.17062,1.17126,6772
EUR_USD,H1,2025-12-19T09:00:00.000000000Z,1.17126,1.17179,1.17088,1.17122,6472
EUR_USD,H1,2025-12-19T10:00:00.000000000Z,1.17124,1.17178,1.1709,1.17166,4890
EUR_USD,H1,2025-12-19T11:00:00.000000000Z,1.17165,1.17178,1.17077,1.17113,4562
EUR_USD,H1,2025-12-19T12:00:00.000000000Z,1.17112,1.17153,1.17077,1.17102,4419
EUR_USD,H1,2025-12-19T13:00:00.000000000Z,1.17102,1.17194,1.17024,1.17194,7365
EUR_USD,H1,2025-12-19T14:00:00.000000000Z,1.17194,1.17378,1.1719,1.17264,9314
EUR_USD,H1,2025-12-19T15:00:00.000000000Z,1.17266,1.17282,1.17094,1.17097,8053
EUR_USD,H1,2025-12-19T16:00:00.000000000Z,1.17096,1.1721,1.17084,1.1721,6249
EUR_USD,H1,2025-12-19T17:00:00.000000000Z,1.1721,1.1721,1.17135,1.17192,3960
EUR_USD,H1,2025-12-19T18:00:00.000000000Z,1.17193,1.17273,1.17182,1.172,3711
EUR_USD,H1,2025-12-19T19:00:00.000000000Z,1.172,1.17252,1.17164,1.17236,3432
EUR_USD,H1,2025-12-19T20:00:00.000000000Z,1.17234,1.17257,1.17064,1.17098,2674
EUR_USD,H1,2025-12-19T21:00:00.000000000Z,1.17098,1.17138,1.17062,1.17096,1913
EUR_USD,H1,2025-12-21T22:00:00.000000000Z,1.17196,1.17196,1.17124,1.17144,2797
EUR_USD,H1,2025-12-21T23:00:00.000000000Z,1.17148,1.17164,1.17064,1.17103,2660
EUR_USD,H1,2025-12-22T00:00:00.000000000Z,1.17101,1.17162,1.17095,1.1716,5220
EUR_USD,H1,2025-12-22T01:00:00.000000000Z,1.17162,1.17194,1.17136,1.17172,3154
EUR_USD,H1,2025-12-22T02:00:00.000000000Z,1.17172,1.17194,1.17152,1.17164,1828
EUR_USD,H1,2025-12-22T03:00:00.000000000Z,1.17162,1.17184,1.17136,1.17176,1895
EUR_USD,H1,2025-12-22T04:00:00.000000000Z,1.17176,1.17218,1.17163,1.17202,1417
EUR_USD,H1,2025-12-22T05:00:00.000000000Z,1.17202,1.17221,1.17156,1.17174,1840
EUR_USD,H1,2025-12-22T06:00:00.000000000Z,1.17172,1.17193,1.1713,1.17159,2569
EUR_USD,H1,2025-12-22T07:00:00.000000000Z,1.17158,1.17312,1.1715,1.1729,4071
EUR_USD,H1,2025-12-22T08:00:00.000000000Z,1.1729,1.17384,1.17232,1.17359,4875
EUR_USD,H1,2025-12-22T09:00:00.000000000Z,1.17359,1.17366,1.17274,1.173,4910
EUR_USD,H1,2025-12-22T10:00:00.000000000Z,1.17301,1.1738,1.17291,1.17332,4344
EUR_USD,H1,2025-12-22T11:00:00.000000000Z,1.17332,1.17366,1.17286,1.17334,3043
EUR_USD,H1,2025-12-22T12:00:00.000000000Z,1.17335,1.17434,1.17334,1.17418,5615
EUR_USD,H1,2025-12-22T13:00:00.000000000Z,1.17418,1.17546,1.17418,1.17506,7258
EUR_USD,H1,2025-12-22T14:00:00.000000000Z,1.17507,1.17664,1.17451,1.17602,6757
EUR_USD,H1,2025-12-22T15:00:00.000000000Z,1.176,1.17694,1.17577,1.1764,6370
EUR_USD,H1,2025-12-22T16:00:00.000000000Z,1.1764,1.17642,1.17482,1.17496,4724
EUR_USD,H1,2025-12-22T17:00:00.000000000Z,1.17496,1.17648,1.17491,1.17582,3643
EUR_USD,H1,2025-12-22T18:00:00.000000000Z,1.17582,1.17583,1.17494,1.17529,3119
EUR_USD,H1,2025-12-22T19:00:00.000000000Z,1.1753,1.1756,1.17489,1.17554,2535
EUR_USD,H1,2025-12-22T20:00:00.000000000Z,1.17555,1.1759,1.17522,1.17552,2467
EUR_USD,H1,2025-12-22T21:00:00.000000000Z,1.17552,1.17623,1.17546,1.17619,1115
EUR_USD,H1,2025-12-22T22:00:00.000000000Z,1.1758,1.1763,1.17571,1.17592,4845
EUR_USD,H1,2025-12-22T23:00:00.000000000Z,1.17593,1.17658,1.17591,1.17638,1489
EUR_USD,H1,2025-12-23T00:00:00.000000000Z,1.17637,1.17704,1.1763,1.1769,2449
EUR_USD,H1,2025-12-23T01:00:00.000000000Z,1.1769,1.17761,1.1766,1.1773,3176
EUR_USD,H1,2025-12-23T02:00:00.000000000Z,1.17733,1.17806,1.17726,1.17777,2838
EUR_USD,H1,2025-12-23T03:00:00.000000000Z,1.17778,1.17794,1.17732,1.17765,2158
EUR_USD,H1,2025-12-23T04:00:00.000000000Z,1.17766,1.17793,1.17736,1.17754,2513
EUR_USD,H1,2025-12-23T05:00:00.000000000Z,1.17752,1.17798,1.17744,1.17751,2688
EUR_USD,H1,2025-12-23T06:00:00.000000000Z,1.17753,1.17764,1.17686,1.17713,2406
EUR_USD,H1,2025-12-23T07:00:00.000000000Z,1.17712,1.17814,1.17692,1.17787,5098
EUR_USD,H1,2025-12-23T08:00:00.000000000Z,1.17786,1.17846,1.17754,1.17844,6217
EUR_USD,H1,2025-12-23T09:00:00.000000000Z,1.17845,1.1793,1.17818,1.17928,6704
EUR_USD,H1,2025-12-23T10:00:00.000000000Z,1.17928,1.18004,1.17918,1.1799,4613
EUR_USD,H1,2025-12-23T11:00:00.000000000Z,1.17989,1.18,1.17924,1.17959,3786
EUR_USD,H1,2025-12-23T12:00:00.000000000Z,1.1796,1.18022,1.1789,1.17897,4491
EUR_USD,H1,2025-12-23T13:00:00.000000000Z,1.17896,1.17939,1.17743,1.17748,8615
EUR_USD,H1,2025-12-23T14:00:00.000000000Z,1.17748,1.17795,1.17686,1.17694,8552
EUR_USD,H1,2025-12-23T15:00:00.000000000Z,1.17693,1.17792,1.1764,1.17743,8868
EUR_USD,H1,2025-12-23T16:00:00.000000000Z,1.17742,1.17804,1.17732,1.17757,5306
EUR_USD,H1,2025-12-23T17:00:00.000000000Z,1.17756,1.17789,1.1769,1.1771,3928
EUR_USD,H1,2025-12-23T18:00:00.000000000Z,1.17708,1.17832,1.17696,1.17828,3472
EUR_USD,H1,2025-12-23T19:00:00.000000000Z,1.17831,1.17914,1.17822,1.17901,3023
EUR_USD,H1,2025-12-23T20:00:00.000000000Z,1.17902,1.17936,1.1787,1.17896,2983
EUR_USD,H1,2025-12-23T21:00:00.000000000Z,1.17894,1.1797,1.17883,1.17934,1500
EUR_USD,H1,2025-12-23T22:00:00.000000000Z,1.17927,1.17954,1.17919,1.17946,1171
EUR_USD,H1,2025-12-23T23:00:00.000000000Z,1.17946,1.17972,1.17935,1.1795,1165
EUR_USD,H1,2025-12-24T00:00:00.000000000Z,1.1795,1.1799,1.17904,1.17988,3382
EUR_USD,H1,2025-12-24T01:00:00.000000000Z,1.17988,1.18064,1.17968,1.18053,3785
EUR_USD,H1,2025-12-24T02:00:00.000000000Z,1.18054,1.1808,1.17982,1.17982,2659
EUR_USD,H1,2025-12-24T03:00:00.000000000Z,1.17984,1.17985,1.1787,1.17876,3042
EUR_USD,H1,2025-12-24T04:00:00.000000000Z,1.17876,1.17934,1.17858,1.17914,2271
EUR_USD,H1,2025-12-24T05:00:00.000000000Z,1.17912,1.18022,1.17907,1.17992,2365
EUR_USD,H1,2025-12-24T06:00:00.000000000Z,1.1799,1.1804,1.17978,1.17999,3617
EUR_USD,H1,2025-12-24T07:00:00.000000000Z,1.18001,1.18018,1.17864,1.1789,5678
EUR_USD,H1,2025-12-24T08:00:00.000000000Z,1.1789,1.17995,1.17798,1.17994,6414
EUR_USD,H1,2025-12-24T09:00:00.000000000Z,1.17997,1.1801,1.17945,1.17998,4385
EUR_USD,H1,2025-12-24T10:00:00.000000000Z,1.17997,1.18001,1.17908,1.17964,4987
EUR_USD,H1,2025-12-24T11:00:00.000000000Z,1.17966,1.17986,1.1791,1.17928,4411
EUR_USD,H1,2025-12-24T12:00:00.000000000Z,1.17929,1.17932,1.17839,1.17842,4825
EUR_USD,H1,2025-12-24T13:00:00.000000000Z,1.17844,1.1791,1.17836,1.17853,6288
EUR_USD,H1,2025-12-24T14:00:00.000000000Z,1.17852,1.1787,1.17774,1.17806,6695
EUR_USD,H1,2025-12-24T15:00:00.000000000Z,1.17806,1.17826,1.17754,1.17782,6197
EUR_USD,H1,2025-12-24T16:00:00.000000000Z,1.17781,1.1781,1.17731,1.17792,5353
EUR_USD,H1,2025-12-24T17:00:00.000000000Z,1.17792,1.17832,1.17726,1.17768,4129
EUR_USD,H1,2025-12-24T18:00:00.000000000Z,1.17767,1.17798,1.17744,1.1779,2125
EUR_USD,H1,2025-12-24T19:00:00.000000000Z,1.17788,1.17822,1.17788,1.17816,876
EUR_USD,H1,2025-12-24T20:00:00.000000000Z,1.17817,1.1782,1.17793,1.17797,1706
EUR_USD,H1,2025-12-24T21:00:00.000000000Z,1.17798,1.17801,1.17768,1.1777,1642
EUR_USD,H1,2025-12-25T22:00:00.000000000Z,1.17805,1.17862,1.17784,1.17818,894
EUR_USD,H1,2025-12-25T23:00:00.000000000Z,1.17818,1.17862,1.1778,1.17845,9507
EUR_USD,H1,2025-12-26T00:00:00.000000000Z,1.17844,1.1792,1.17767,1.17859,6422
EUR_USD,H1,2025-12-26T01:00:00.000000000Z,1.1786,1.17917,1.17829,1.17872,4398
EUR_USD,H1,2025-12-26T02:00:00.000000000Z,1.17873,1.17936,1.17836,1.17921,2508
EUR_USD,H1,2025-12-26T03:00:00.000000000Z,1.17922,1.17926,1.17834,1.17844,2639
EUR_USD,H1,2025-12-26T04:00:00.000000000Z,1.17843,1.17872,1.178,1.17832,2247
EUR_USD,H1,2025-12-26T05:00:00.000000000Z,1.17832,1.17872,1.17801,1.17862,2297
EUR_USD,H1,2025-12-26T06:00:00.000000000Z,1.17863,1.1788,1.17718,1.17766,4321
EUR_USD,H1,2025-12-26T07:00:00.000000000Z,1.17767,1.17778,1.17704,1.1773,5851
EUR_USD,H1,2025-12-26T08:00:00.000000000Z,1.1773,1.17778,1.17666,1.17769,5687
EUR_USD,H1,2025-12-26T09:00:00.000000000Z,1.17768,1.17778,1.17686,1.17703,4636
EUR_USD,H1,2025-12-26T10:00:00.000000000Z,1.17701,1.17798,1.1769,1.17732,4308
EUR_USD,H1,2025-12-26T11:00:00.000000000Z,1.17731,1.17825,1.17731,1.17774,3888
EUR_USD,H1,2025-12-26T12:00:00.000000000Z,1.17776,1.17825,1.17728,1.17816,3924
EUR_USD,H1,2025-12-26T13:00:00.000000000Z,1.17816,1.17968,1.17816,1.17914,6733
EUR_USD,H1,2025-12-26T14:00:00.000000000Z,1.17916,1.17946,1.17812,1.17838,6286
EUR_USD,H1,2025-12-26T15:00:00.000000000Z,1.17838,1.17926,1.17716,1.17772,6745
EUR_USD,H1,2025-12-26T16:00:00.000000000Z,1.17772,1.17796,1.17623,1.17652,9230
EUR_USD,H1,2025-12-26T17:00:00.000000000Z,1.17652,1.17705,1.17616,1.17702,8751
EUR_USD,H1,2025-12-26T18:00:00.000000000Z,1.17704,1.17738,1.1769,1.1772,9370
EUR_USD,H1,2025-12-26T19:00:00.000000000Z,1.17719,1.17768,1.17692,1.17768,4108
EUR_USD,H1,2025-12-26T20:00:00.000000000Z,1.17768,1.17818,1.17724,1.17751,3007
EUR_USD,H1,2025-12-26T21:00:00.000000000Z,1.17751,1.17767,1.17658,1.1771,2478
EUR_USD,H1,2025-12-28T22:00:00.000000000Z,1.1768,1.17734,1.17654,1.17706,345
EUR_USD,H1,2025-12-28T23:00:00.000000000Z,1.1771,1.17782,1.1771,1.17726,2920
EUR_USD,H1,2025-12-29T00:00:00.000000000Z,1.17728,1.1784,1.17718,1.17797,4004
EUR_USD,H1,2025-12-29T01:00:00.000000000Z,1.17796,1.17864,1.17788,1.17842,3542
EUR_USD,H1,2025-12-29T02:00:00.000000000Z,1.1784,1.17853,1.17756,1.17758,3101
EUR_USD,H1,2025-12-29T03:00:00.000000000Z,1.17758,1.17761,1.17712,1.17734,2178
EUR_USD,H1,2025-12-29T04:00:00.000000000Z,1.17734,1.17734,1.1764,1.17644,2172
EUR_USD,H1,2025-12-29T05:00:00.000000000Z,1.17644,1.17644,1.17537,1.1756,3086
EUR_USD,H1,2025-12-29T06:00:00.000000000Z,1.17562,1.17697,1.17542,1.17696,3377
EUR_USD,H1,2025-12-29T07:00:00.000000000Z,1.17698,1.17792,1.17653,1.17771,5871
EUR_USD,H1,2025-12-29T08:00:00.000000000Z,1.1777,1.17888,1.1771,1.1784,6074
EUR_USD,H1,2025-12-29T09:00:00.000000000Z,1.1784,1.17891,1.17716,1.17764,6761
EUR_USD,H1,2025-12-29T10:00:00.000000000Z,1.17764,1.17802,1.17653,1.17658,5193
EUR_USD,H1,2025-12-29T11:00:00.000000000Z,1.17658,1.17712,1.17578,1.17659,5392
EUR_USD,H1,2025-12-29T12:00:00.000000000Z,1.17656,1.17692,1.17555,1.17619,6173
EUR_USD,H1,2025-12-29T13:00:00.000000000Z,1.17618,1.17737,1.17604,1.17698,7153
EUR_USD,H1,2025-12-29T14:00:00.000000000Z,1.17698,1.17888,1.17672,1.1783,8294
EUR_USD,H1,2025-12-29T15:00:00.000000000Z,1.17833,1.17864,1.17664,1.17678,10640
EUR_USD,H1,2025-12-29T16:00:00.000000000Z,1.17676,1.17681,1.17524,1.17561,7999
EUR_USD,H1,2025-12-29T17:00:00.000000000Z,1.1756,1.1757,1.17494,1.17521,5177
EUR_USD,H1,2025-12-29T18:00:00.000000000Z,1.17519,1.1759,1.17508,1.17574,3827
EUR_USD,H1,2025-12-29T19:00:00.000000000Z,1.17575,1.17682,1.1757,1.17674,2547
EUR_USD,H1,2025-12-29T20:00:00.000000000Z,1.17673,1.17706,1.17644,1.17706,3064
EUR_USD,H1,2025-12-29T21:00:00.000000000Z,1.17705,1.17748,1.17702,1.17726,1423
EUR_USD,H1,2025-12-29T22:00:00.000000000Z,1.1771,1.17722,1.17663,1.17682,4005
EUR_USD,H1,2025-12-29T23:00:00.000000000Z,1.1768,1.17746,1.1768,1.17725,1398
EUR_USD,H1,2025-12-30T00:00:00.000000000Z,1.17724,1.17754,1.17716,1.17729,2419
EUR_USD,H1,2025-12-30T01:00:00.000000000Z,1.17728,1.17751,1.17697,1.17751,3073
EUR_USD,H1,2025-12-30T02:00:00.000000000Z,1.1775,1.17766,1.17716,1.17733,2151
EUR_USD,H1,2025-12-30T03:00:00.000000000Z,1.17734,1.1776,1.17706,1.17726,1753
EUR_USD,H1,2025-12-30T04:00:00.000000000Z,1.17727,1.17778,1.17718,1.17771,1464
EUR_USD,H1,2025-12-30T05:00:00.000000000Z,1.17772,1.17791,1.1773,1.17752,1872
EUR_USD,H1,2025-12-30T06:00:00.000000000Z,1.17752,1.17798,1.17739,1.17786,2654
EUR_USD,H1,2025-12-30T07:00:00.000000000Z,1.17786,1.17786,1.17662,1.17703,3578
EUR_USD,H1,2025-12-30T08:00:00.000000000Z,1.17704,1.17754,1.1766,1.17672,5356
EUR_USD,H1,2025-12-30T09:00:00.000000000Z,1.17673,1.17779,1.17644,1.1769,4892
EUR_USD,H1,2025-12-30T10:00:00.000000000Z,1.17688,1.17776,1.17688,1.17738,3955
EUR_USD,H1,2025-12-30T11:00:00.000000000Z,1.17739,1.17768,1.17661,1.17667,3559
EUR_USD,H1,2025-12-30T12:00:00.000000000Z,1.17668,1.17679,1.17607,1.17618,4053
EUR_USD,H1,2025-12-30T13:00:00.000000000Z,1.17616,1.17679,1.17554,1.17633,7773
EUR_USD,H1,2025-12-30T14:00:00.000000000Z,1.17634,1.17643,1.17564,1.17634,6531
EUR_USD,H1,2025-12-30T15:00:00.000000000Z,1.17634,1.17663,1.17453,1.17598,7209
EUR_USD,H1,2025-12-30T16:00:00.000000000Z,1.17598,1.17667,1.17544,1.17648,6186
EUR_USD,H1,2025-12-30T17:00:00.000000000Z,1.1765,1.17668,1.17552,1.1756,3676
EUR_USD,H1,2025-12-30T18:00:00.000000000Z,1.17561,1.17594,1.17482,1.17501,3725
EUR_USD,H1,2025-12-30T19:00:00.000000000Z,1.17502,1.17529,1.17452,1.17468,2945
EUR_USD,H1,2025-12-30T20:00:00.000000000Z,1.17468,1.17503,1.17434,1.1744,2989
EUR_USD,H1,2025-12-30T21:00:00.000000000Z,1.17439,1.17488,1.17439,1.1748,1030
EUR_USD,H1,2025-12-30T22:00:00.000000000Z,1.17466,1.1749,1.17458,1.17466,445
EUR_USD,H1,2025-12-30T23:00:00.000000000Z,1.17464,1.17492,1.17452,1.17456,793
EUR_USD,H1,2025-12-31T00:00:00.000000000Z,1.17457,1.17478,1.17444,1.17473,1509
EUR_USD,H1,2025-12-31T01:00:00.000000000Z,1.17474,1.17491,1.17419,1.17426,2962
EUR_USD,H1,2025-12-31T02:00:00.000000000Z,1.17424,1.17427,1.17388,1.17402,3059
EUR_USD,H1,2025-12-31T03:00:00.000000000Z,1.174,1.17436,1.17396,1.17426,2006
EUR_USD,H1,2025-12-31T04:00:00.000000000Z,1.17426,1.17428,1.1733,1.17345,1705
EUR_USD,H1,2025-12-31T05:00:00.000000000Z,1.17345,1.17393,1.17344,1.17385,1996
EUR_USD,H1,2025-12-31T06:00:00.000000000Z,1.17386,1.17398,1.17332,1.17374,2564
EUR_USD,H1,2025-12-31T07:00:00.000000000Z,1.17373,1.17388,1.17298,1.17371,4414
EUR_USD,H1,2025-12-31T08:00:00.000000000Z,1.17372,1.17398,1.172,1.17231,5263
EUR_USD,H1,2025-12-31T09:00:00.000000000Z,1.17231,1.17389,1.172,1.17351,5131
EUR_USD,H1,2025-12-31T10:00:00.000000000Z,1.1735,1.17438,1.17286,1.17392,4830
EUR_USD,H1,2025-12-31T11:00:00.000000000Z,1.17394,1.17478,1.17364,1.17472,5107
EUR_USD,H1,2025-12-31T12:00:00.000000000Z,1.17472,1.17594,1.17472,1.17554,5135
EUR_USD,H1,2025-12-31T13:00:00.000000000Z,1.17553,1.17595,1.17416,1.1742,6958
EUR_USD,H1,2025-12-31T14:00:00.000000000Z,1.1742,1.17426,1.17274,1.17302,7960
EUR_USD,H1,2025-12-31T15:00:00.000000000Z,1.17302,1.17462,1.17202,1.17441,11017
EUR_USD,H1,2025-12-31T16:00:00.000000000Z,1.17442,1.17488,1.17288,1.1735,8270
EUR_USD,H1,2025-12-31T17:00:00.000000000Z,1.17349,1.1739,1.17315,1.1736,5816
EUR_USD,H1,2025-12-31T18:00:00.000000000Z,1.1736,1.17388,1.17304,1.1736,4871
EUR_USD,H1,2025-12-31T19:00:00.000000000Z,1.17362,1.17432,1.17362,1.17408,2793
EUR_USD,H1,2025-12-31T20:00:00.000000000Z,1.17407,1.1753,1.17402,1.1752,2293
EUR_USD,H1,2025-12-31T21:00:00.000000000Z,1.17522,1.1753,1.1745,1.17459,1317
EUR_USD,H1,2026-01-01T22:00:00.000000000Z,1.17498,1.17505,1.17474,1.17488,494
EUR_USD,H1,2026-01-01T23:00:00.000000000Z,1.17487,1.1751,1.17458,1.1751,1188
EUR_USD,H1,2026-01-02T00:00:00.000000000Z,1.1751,1.17564,1.17501,1.17564,1574
EUR_USD,H1,2026-01-02T01:00:00.000000000Z,1.17564,1.17628,1.17564,1.1761,2791
EUR_USD,H1,2026-01-02T02:00:00.000000000Z,1.1761,1.17638,1.17583,1.17594,1720
EUR_USD,H1,2026-01-02T03:00:00.000000000Z,1.17594,1.1765,1.17592,1.17644,1527
EUR_USD,H1,2026-01-02T04:00:00.000000000Z,1.17644,1.17648,1.17551,1.17556,1525
EUR_USD,H1,2026-01-02T05:00:00.000000000Z,1.17556,1.17579,1.17508,1.17513,1468
EUR_USD,H1,2026-01-02T06:00:00.000000000Z,1.17512,1.17516,1.17416,1.17438,2357
EUR_USD,H1,2026-01-02T07:00:00.000000000Z,1.17437,1.17472,1.17322,1.17348,4815
EUR_USD,H1,2026-01-02T08:00:00.000000000Z,1.17347,1.17384,1.17238,1.17286,7223
EUR_USD,H1,2026-01-02T09:00:00.000000000Z,1.17286,1.17375,1.17206,1.17214,5940
EUR_USD,H1,2026-01-02T10:00:00.000000000Z,1.17214,1.17236,1.17132,1.17211,4836
EUR_USD,H1,2026-01-02T11:00:00.000000000Z,1.17211,1.17226,1.17152,1.1722,3949
EUR_USD,H1,2026-01-02T12:00:00.000000000Z,1.17219,1.17272,1.17207,1.17237,3715
EUR_USD,H1,2026-01-02T13:00:00.000000000Z,1.17238,1.1729,1.17182,1.17215,6541
EUR_USD,H1,2026-01-02T14:00:00.000000000Z,1.17217,1.17308,1.17158,1.17286,6467
EUR_USD,H1,2026-01-02T15:00:00.000000000Z,1.17284,1.17522,1.17283,1.17507,9129
EUR_USD,H1,2026-01-02T16:00:00.000000000Z,1.17508,1.17545,1.17341,1.17375,6982
EUR_USD,H1,2026-01-02T17:00:00.000000000Z,1.17374,1.17376,1.17286,1.17308,4792
EUR_USD,H1,2026-01-02T18:00:00.000000000Z,1.17308,1.17314,1.17154,1.17192,4792
EUR_USD,H1,2026-01-02T19:00:00.000000000Z,1.17191,1.17244,1.17144,1.17232,4435
EUR_USD,H1,2026-01-02T20:00:00.000000000Z,1.17233,1.17238,1.17153,1.17178,3253
EUR_USD,H1,2026-01-02T21:00:00.000000000Z,1.17176,1.17234,1.17174,1.17199,1824
EUR_USD,H1,2026-01-04T22:00:00.000000000Z,1.17239,1.17239,1.17104,1.17116,1155
EUR_USD,H1,2026-01-04T23:00:00.000000000Z,1.17118,1.1713,1.17004,1.17052,3174
EUR_USD,H1,2026-01-05T00:00:00.000000000Z,1.17053,1.17111,1.17036,1.17051,5784
EUR_USD,H1,2026-01-05T01:00:00.000000000Z,1.1705,1.17074,1.16996,1.17004,5353
EUR_USD,H1,2026-01-05T02:00:00.000000000Z,1.17004,1.17016,1.1684,1.16888,4746
EUR_USD,H1,2026-01-05T03:00:00.000000000Z,1.16888,1.16909,1.16722,1.16754,4058
EUR_USD,H1,2026-01-05T04:00:00.000000000Z,1.16752,1.16831,1.16734,1.1682,3443
EUR_USD,H1,2026-01-05T05:00:00.000000000Z,1.16819,1.1686,1.16805,1.16855,2501
EUR_USD,H1,2026-01-05T06:00:00.000000000Z,1.16856,1.1692,1.16784,1.16912,3634
EUR_USD,H1,2026-01-05T07:00:00.000000000Z,1.16913,1.16922,1.16836,1.16862,6073
EUR_USD,H1,2026-01-05T08:00:00.000000000Z,1.1686,1.1695,1.1681,1.16834,7029
EUR_USD,H1,2026-01-05T09:00:00.000000000Z,1.16834,1.16875,1.16739,1.16825,6254
EUR_USD,H1,2026-01-05T10:00:00.000000000Z,1.16823,1.16902,1.16798,1.169,5865
EUR_USD,H1,2026-01-05T11:00:00.000000000Z,1.169,1.1691,1.16803,1.16814,5443
EUR_USD,H1,2026-01-05T12:00:00.000000000Z,1.16814,1.16852,1.16699,1.16708,5534
EUR_USD,H1,2026-01-05T13:00:00.000000000Z,1.16709,1.16752,1.16592,1.16746,8858
EUR_USD,H1,2026-01-05T14:00:00.000000000Z,1.16746,1.16874,1.16733,1.16852,9029
EUR_USD,H1,2026-01-05T15:00:00.000000000Z,1.16852,1.17047,1.16852,1.17046,10322
EUR_USD,H1,2026-01-05T16:00:00.000000000Z,1.17046,1.17187,1.1704,1.17149,7976
EUR_USD,H1,2026-01-05T17:00:00.000000000Z,1.17148,1.17198,1.17101,1.17144,6496
EUR_USD,H1,2026-01-05T18:00:00.000000000Z,1.17145,1.17254,1.17134,1.17251,3974
EUR_USD,H1,2026-01-05T19:00:00.000000000Z,1.17252,1.17288,1.17222,1.17272,4138
EUR_USD,H1,2026-01-05T20:00:00.000000000Z,1.17268,1.17288,1.17238,1.17248,2577
EUR_USD,H1,2026-01-05T21:00:00.000000000Z,1.17248,1.17265,1.17196,1.17216,1631
EUR_USD,H1,2026-01-05T22:00:00.000000000Z,1.17206,1.17232,1.17188,1.1719,440
EUR_USD,H1,2026-01-05T23:00:00.000000000Z,1.17191,1.17218,1.17128,1.17146,1137
EUR_USD,H1,2026-01-06T00:00:00.000000000Z,1.17146,1.1717,1.17106,1.17168,3183
EUR_USD,H1,2026-01-06T01:00:00.000000000Z,1.17168,1.17254,1.17122,1.17254,4662
EUR_USD,H1,2026-01-06T02:00:00.000000000Z,1.17256,1.1738,1.17222,1.17374,3119
EUR_USD,H1,2026-01-06T03:00:00.000000000Z,1.17374,1.17384,1.17326,1.17346,2799
EUR_USD,H1,2026-01-06T04:00:00.000000000Z,1.17347,1.17356,1.17315,1.17338,2457
EUR_USD,H1,2026-01-06T05:00:00.000000000Z,1.17337,1.1737,1.17273,1.17288,2828
EUR_USD,H1,2026-01-06T06:00:00.000000000Z,1.1729,1.17372,1.17286,1.17362,3029
EUR_USD,H1,2026-01-06T07:00:00.000000000Z,1.1736,1.17429,1.17259,1.17291,4927
EUR_USD,H1,2026-01-06T08:00:00.000000000Z,1.1729,1.1739,1.17261,1.17286,6632
EUR_USD,H1,2026-01-06T09:00:00.000000000Z,1.17286,1.1729,1.1708,1.17133,6945
EUR_USD,H1,2026-01-06T10:00:00.000000000Z,1.17132,1.17172,1.17082,1.17128,4756
EUR_USD,H1,2026-01-06T11:00:00.000000000Z,1.17126,1.17131,1.1705,1.17062,4381
EUR_USD,H1,2026-01-06T12:00:00.000000000Z,1.17062,1.17122,1.16972,1.17014,5267
EUR_USD,H1,2026-01-06T13:00:00.000000000Z,1.17014,1.17137,1.16975,1.1711,7498
EUR_USD,H1,2026-01-06T14:00:00.000000000Z,1.1711,1.17176,1.16992,1.17092,8688
EUR_USD,H1,2026-01-06T15:00:00.000000000Z,1.17092,1.17092,1.1684,1.16953,10993
EUR_USD,H1,2026-01-06T16:00:00.000000000Z,1.16953,1.16984,1.16859,1.16881,6720
EUR_USD,H1,2026-01-06T17:00:00.000000000Z,1.16881,1.17008,1.1687,1.17007,3923
EUR_USD,H1,2026-01-06T18:00:00.000000000Z,1.17008,1.17022,1.1687,1.16882,4656
EUR_USD,H1,2026-01-06T19:00:00.000000000Z,1.16884,1.16912,1.1684,1.16897,5151
EUR_USD,H1,2026-01-06T20:00:00.000000000Z,1.16898,1.16932,1.16866,1.1687,3355
EUR_USD,H1,2026-01-06T21:00:00.000000000Z,1.16869,1.1689,1.16846,1.16888,1414
EUR_USD,H1,2026-01-06T22:00:00.000000000Z,1.16865,1.1689,1.16852,1.1689,487
EUR_USD,H1,2026-01-06T23:00:00.000000000Z,1.1689,1.16906,1.16868,1.16872,954
EUR_USD,H1,2026-01-07T00:00:00.000000000Z,1.16874,1.16943,1.16854,1.16918,4101
EUR_USD,H1,2026-01-07T01:00:00.000000000Z,1.16917,1.17006,1.169,1.16958,4701
EUR_USD,H1,2026-01-07T02:00:00.000000000Z,1.16958,1.17027,1.16953,1.16963,2841
EUR_USD,H1,2026-01-07T03:00:00.000000000Z,1.16962,1.17003,1.16961,1.16986,2248
EUR_USD,H1,2026-01-07T04:00:00.000000000Z,1.16987,1.17022,1.1691,1.16912,3745
EUR_USD,H1,2026-01-07T05:00:00.000000000Z,1.16912,1.16944,1.16909,1.16931,2998
EUR_USD,H1,2026-01-07T06:00:00.000000000Z,1.16932,1.16998,1.16922,1.16976,2867
EUR_USD,H1,2026-01-07T07:00:00.000000000Z,1.16976,1.1699,1.16786,1.16828,5287
EUR_USD,H1,2026-01-07T08:00:00.000000000Z,1.16826,1.16874,1.16729,1.16859,6507
EUR_USD,H1,2026-01-07T09:00:00.000000000Z,1.16858,1.1687,1.16813,1.16846,4997
EUR_USD,H1,2026-01-07T10:00:00.000000000Z,1.16846,1.16938,1.16834,1.16886,5116
EUR_USD,H1,2026-01-07T11:00:00.000000000Z,1.16886,1.16926,1.1685,1.16892,4489
EUR_USD,H1,2026-01-07T12:00:00.000000000Z,1.16893,1.16913,1.16811,1.16878,4747
EUR_USD,H1,2026-01-07T13:00:00.000000000Z,1.16878,1.16948,1.16825,1.16917,7127
EUR_USD,H1,2026-01-07T14:00:00.000000000Z,1.16916,1.16984,1.16871,1.1697,7682
EUR_USD,H1,2026-01-07T15:00:00.000000000Z,1.1696,1.16988,1.168,1.16902,14143
EUR_USD,H1,2026-01-07T16:00:00.000000000Z,1.16902,1.16932,1.16822,1.16893,6002
EUR_USD,H1,2026-01-07T17:00:00.000000000Z,1.16892,1.16949,1.16862,1.16879,4740
EUR_USD,H1,2026-01-07T18:00:00.000000000Z,1.1688,1.16904,1.16824,1.1683,3616
EUR_USD,H1,2026-01-07T19:00:00.000000000Z,1.16831,1.16854,1.16786,1.16824,3979
EUR_USD,H1,2026-01-07T20:00:00.000000000Z,1.16824,1.16838,1.16789,1.16789,2776
EUR_USD,H1,2026-01-07T21:00:00.000000000Z,1.16789,1.16792,1.16738,1.16759,1382
EUR_USD,H1,2026-01-07T22:00:00.000000000Z,1.16751,1.16782,1.16751,1.16775,341
EUR_USD,H1,2026-01-07T23:00:00.000000000Z,1.16776,1.16778,1.1675,1.16769,769
EUR_USD,H1,2026-01-08T00:00:00.000000000Z,1.1677,1.16781,1.16758,1.16758,2455
EUR_USD,H1,2026-01-08T01:00:00.000000000Z,1.16756,1.16781,1.16728,1.16748,3192
EUR_USD,H1,2026-01-08T02:00:00.000000000Z,1.16748,1.16807,1.16728,1.16804,2906
EUR_USD,H1,2026-01-08T03:00:00.000000000Z,1.16802,1.16828,1.1679,1.168,2162
EUR_USD,H1,2026-01-08T04:00:00.000000000Z,1.168,1.16812,1.1678,1.16804,1954
EUR_USD,H1,2026-01-08T05:00:00.000000000Z,1.16804,1.1683,1.16775,1.16825,2726
EUR_USD,H1,2026-01-08T06:00:00.000000000Z,1.16824,1.1683,1.16748,1.16816,4456
EUR_USD,H1,2026-01-08T07:00:00.000000000Z,1.16816,1.1683,1.1677,1.16778,4576
EUR_USD,H1,2026-01-08T08:00:00.000000000Z,1.1678,1.1679,1.1669,1.16711,5643
EUR_USD,H1,2026-01-08T09:00:00.000000000Z,1.16709,1.1677,1.16693,1.16768,4688
EUR_USD,H1,2026-01-08T10:00:00.000000000Z,1.16768,1.1682,1.16758,1.16799,4440
EUR_USD,H1,2026-01-08T11:00:00.000000000Z,1.16798,1.16802,1.16753,1.16776,3348
EUR_USD,H1,2026-01-08T12:00:00.000000000Z,1.16776,1.16778,1.16697,1.16732,3837
EUR_USD,H1,2026-01-08T13:00:00.000000000Z,1.16733,1.16779,1.16583,1.16628,6897
EUR_USD,H1,2026-01-08T14:00:00.000000000Z,1.16627,1.16666,1.16563,1.16646,7701
EUR_USD,H1,2026-01-08T15:00:00.000000000Z,1.16646,1.16738,1.16608,1.16664,7208
EUR_USD,H1,2026-01-08T16:00:00.000000000Z,1.16665,1.16676,1.16524,1.16546,5799
EUR_USD,H1,2026-01-08T17:00:00.000000000Z,1.16545,1.16556,1.16438,1.16508,4797
EUR_USD,H1,2026-01-08T18:00:00.000000000Z,1.16506,1.16533,1.16448,1.16452,3418
EUR_USD,H1,2026-01-08T19:00:00.000000000Z,1.1645,1.16506,1.16426,1.16501,3346
EUR_USD,H1,2026-01-08T20:00:00.000000000Z,1.16502,1.16546,1.16498,1.16513,3507
EUR_USD,H1,2026-01-08T21:00:00.000000000Z,1.16512,1.16628,1.16507,1.16589,2627
EUR_USD,H1,2026-01-08T22:00:00.000000000Z,1.16574,1.16598,1.16568,1.16587,633
EUR_USD,H1,2026-01-08T23:00:00.000000000Z,1.16589,1.16622,1.16565,1.16581,824
EUR_USD,H1,2026-01-09T00:00:00.000000000Z,1.1658,1.1658,1.16535,1.16538,1935
EUR_USD,H1,2026-01-09T01:00:00.000000000Z,1.16536,1.16572,1.16484,1.16492,3684
EUR_USD,H1,2026-01-09T02:00:00.000000000Z,1.16493,1.16548,1.1646,1.16543,3211
EUR_USD,H1,2026-01-09T03:00:00.000000000Z,1.16544,1.16592,1.16538,1.16562,3208
EUR_USD,H1,2026-01-09T04:00:00.000000000Z,1.16562,1.1657,1.16519,1.16542,2111
EUR_USD,H1,2026-01-09T05:00:00.000000000Z,1.16542,1.16562,1.16501,1.16511,2271
EUR_USD,H1,2026-01-09T06:00:00.000000000Z,1.16512,1.16528,1.16484,1.1649,3281
EUR_USD,H1,2026-01-09T07:00:00.000000000Z,1.1649,1.16508,1.164,1.16508,4552
EUR_USD,H1,2026-01-09T08:00:00.000000000Z,1.16508,1.1653,1.16412,1.16492,5657
EUR_USD,H1,2026-01-09T09:00:00.000000000Z,1.16492,1.16503,1.16423,1.16426,3817
EUR_USD,H1,2026-01-09T10:00:00.000000000Z,1.16424,1.16468,1.1637,1.16467,3742
EUR_USD,H1,2026-01-09T11:00:00.000000000Z,1.16468,1.1647,1.16417,1.16461,3121
EUR_USD,H1,2026-01-09T12:00:00.000000000Z,1.16462,1.16462,1.16398,1.16414,4440
EUR_USD,H1,2026-01-09T13:00:00.000000000Z,1.16415,1.16608,1.16256,1.16452,16711
EUR_USD,H1,2026-01-09T14:00:00.000000000Z,1.1645,1.16526,1.163,1.16366,14921
EUR_USD,H1,2026-01-09T15:00:00.000000000Z,1.16364,1.1641,1.16182,1.16405,13107
EUR_USD,H1,2026-01-09T16:00:00.000000000Z,1.16406,1.16434,1.16282,1.16332,6785
EUR_USD,H1,2026-01-09T17:00:00.000000000Z,1.16332,1.16346,1.16276,1.16316,4984
EUR_USD,H1,2026-01-09T18:00:00.000000000Z,1.16318,1.164,1.1631,1.1634,3278
EUR_USD,H1,2026-01-09T19:00:00.000000000Z,1.16341,1.16389,1.16332,1.16348,3038
EUR_USD,H1,2026-01-09T20:00:00.000000000Z,1.16348,1.16379,1.16341,1.16347,1927
EUR_USD,H1,2026-01-09T21:00:00.000000000Z,1.16348,1.16368,1.16296,1.16364,1610
EUR_USD,H1,2026-01-11T22:00:00.000000000Z,1.1633,1.1635,1.16316,1.16332,540
EUR_USD,H1,2026-01-11T23:00:00.000000000Z,1.16336,1.16354,1.16231,1.16238,1050
EUR_USD,H1,2026-01-12T00:00:00.000000000Z,1.16237,1.16651,1.16217,1.16649,7873
EUR_USD,H1,2026-01-12T01:00:00.000000000Z,1.16649,1.16714,1.16556,1.16562,6631
EUR_USD,H1,2026-01-12T02:00:00.000000000Z,1.16562,1.16644,1.16538,1.16548,3666
EUR_USD,H1,2026-01-12T03:00:00.000000000Z,1.16547,1.16593,1.16547,1.16552,2391
EUR_USD,H1,2026-01-12T04:00:00.000000000Z,1.16553,1.16584,1.1653,1.16557,1954
EUR_USD,H1,2026-01-12T05:00:00.000000000Z,1.16559,1.16712,1.16558,1.16692,2939
EUR_USD,H1,2026-01-12T06:00:00.000000000Z,1.16691,1.16731,1.16643,1.16698,3545
EUR_USD,H1,2026-01-12T07:00:00.000000000Z,1.16698,1.16878,1.16686,1.1685,6848
EUR_USD,H1,2026-01-12T08:00:00.000000000Z,1.16848,1.16918,1.16759,1.16881,7107
EUR_USD,H1,2026-01-12T09:00:00.000000000Z,1.1688,1.16959,1.16812,1.16818,5276
EUR_USD,H1,2026-01-12T10:00:00.000000000Z,1.1682,1.16856,1.1676,1.16854,4467
EUR_USD,H1,2026-01-12T11:00:00.000000000Z,1.16855,1.16895,1.16756,1.16786,4353
EUR_USD,H1,2026-01-12T11:00:00.000000000Z,1.16855,1.16895,1.16756,1.16786,4353
EUR_USD,H1,2026-01-12T12:00:00.000000000Z,1.16786,1.16876,1.16772,1.16813,4872
EUR_USD,H1,2026-01-12T13:00:00.000000000Z,1.16814,1.16985,1.16779,1.16929,7508
EUR_USD,H1,2026-01-12T14:00:00.000000000Z,1.16928,1.1693,1.1674,1.16768,8823
EUR_USD,H1,2026-01-12T15:00:00.000000000Z,1.16768,1.1686,1.16729,1.16812,6665
EUR_USD,H1,2026-01-12T16:00:00.000000000Z,1.16812,1.16822,1.16713,1.16718,5640
EUR_USD,H1,2026-01-12T17:00:00.000000000Z,1.16718,1.1676,1.16661,1.16686,5020
EUR_USD,H1,2026-01-12T18:00:00.000000000Z,1.16686,1.16716,1.16653,1.1669,2985
EUR_USD,H1,2026-01-12T19:00:00.000000000Z,1.16688,1.1674,1.1668,1.16721,2403
EUR_USD,H1,2026-01-12T20:00:00.000000000Z,1.16722,1.16734,1.16631,1.16652,2629
EUR_USD,H1,2026-01-12T21:00:00.000000000Z,1.16651,1.16691,1.16644,1.16668,1289
EUR_USD,H1,2026-01-12T22:00:00.000000000Z,1.167,1.16704,1.16674,1.16688,1337
EUR_USD,H1,2026-01-12T23:00:00.000000000Z,1.16688,1.16709,1.16656,1.16676,1694
EUR_USD,H1,2026-01-13T00:00:00.000000000Z,1.16674,1.16676,1.16608,1.16636,2750
EUR_USD,H1,2026-01-13T01:00:00.000000000Z,1.16637,1.16646,1.16562,1.16586,3426
EUR_USD,H1,2026-01-13T02:00:00.000000000Z,1.16586,1.16614,1.16568,1.16591,2676
EUR_USD,H1,2026-01-13T03:00:00.000000000Z,1.1659,1.16637,1.16565,1.16588,2045
EUR_USD,H1,2026-01-13T04:00:00.000000000Z,1.16586,1.1666,1.16585,1.16654,2607
EUR_USD,H1,2026-01-13T05:00:00.000000000Z,1.16656,1.16676,1.16618,1.16628,2340
EUR_USD,H1,2026-01-13T06:00:00.000000000Z,1.16629,1.1663,1.16538,1.16588,3713
EUR_USD,H1,2026-01-13T07:00:00.000000000Z,1.16587,1.1665,1.1656,1.16642,4791
EUR_USD,H1,2026-01-13T08:00:00.000000000Z,1.1664,1.16694,1.16587,1.16693,5441
EUR_USD,H1,2026-01-13T09:00:00.000000000Z,1.16692,1.16726,1.16636,1.1672,4250
EUR_USD,H1,2026-01-13T10:00:00.000000000Z,1.16719,1.16746,1.16652,1.16664,4038
EUR_USD,H1,2026-01-13T11:00:00.000000000Z,1.16664,1.16704,1.16646,1.16686,2606
EUR_USD,H1,2026-01-13T12:00:00.000000000Z,1.16684,1.16691,1.16531,1.16552,4246
EUR_USD,H1,2026-01-13T13:00:00.000000000Z,1.16552,1.1678,1.16502,1.16684,14372
EUR_USD,H1,2026-01-13T14:00:00.000000000Z,1.16684,1.16734,1.16574,1.16638,11190
EUR_USD,H1,2026-01-13T15:00:00.000000000Z,1.16638,1.1665,1.16442,1.1652,8663
EUR_USD,H1,2026-01-13T16:00:00.000000000Z,1.16521,1.16546,1.16342,1.16457,6730
EUR_USD,H1,2026-01-13T17:00:00.000000000Z,1.16458,1.16488,1.16412,1.16462,4860
EUR_USD,H1,2026-01-13T18:00:00.000000000Z,1.16462,1.16546,1.16416,1.16533,3598
EUR_USD,H1,2026-01-13T19:00:00.000000000Z,1.16534,1.16534,1.16462,1.16492,4026
EUR_USD,H1,2026-01-13T20:00:00.000000000Z,1.16492,1.16499,1.16451,1.16456,3107
EUR_USD,H1,2026-01-13T21:00:00.000000000Z,1.16454,1.16466,1.16426,1.16428,1400
EUR_USD,H1,2026-01-13T22:00:00.000000000Z,1.16436,1.16454,1.16423,1.16447,797
EUR_USD,H1,2026-01-13T23:00:00.000000000Z,1.16446,1.16456,1.1642,1.1642,931
EUR_USD,H1,2026-01-14T00:00:00.000000000Z,1.1642,1.16437,1.1638,1.16429,2588
EUR_USD,H1,2026-01-14T01:00:00.000000000Z,1.1643,1.16434,1.16368,1.16382,2601
EUR_USD,H1,2026-01-14T02:00:00.000000000Z,1.16382,1.16444,1.16362,1.16436,2223
EUR_USD,H1,2026-01-14T03:00:00.000000000Z,1.16438,1.1649,1.16436,1.1647,2035
EUR_USD,H1,2026-01-14T04:00:00.000000000Z,1.1647,1.16482,1.16436,1.16441,1357
EUR_USD,H1,2026-01-14T05:00:00.000000000Z,1.1644,1.16452,1.16417,1.1642,1841
EUR_USD,H1,2026-01-14T06:00:00.000000000Z,1.1642,1.16502,1.16415,1.16492,2560
EUR_USD,H1,2026-01-14T07:00:00.000000000Z,1.16491,1.1652,1.16446,1.16462,3487
EUR_USD,H1,2026-01-14T08:00:00.000000000Z,1.16462,1.16504,1.1641,1.16476,6607
EUR_USD,H1,2026-01-14T09:00:00.000000000Z,1.16475,1.16538,1.1646,1.16518,4395
EUR_USD,H1,2026-01-14T10:00:00.000000000Z,1.16518,1.16579,1.16468,1.16551,4937
EUR_USD,H1,2026-01-14T11:00:00.000000000Z,1.1655,1.1655,1.16438,1.1647,4457
EUR_USD,H1,2026-01-14T12:00:00.000000000Z,1.16471,1.166,1.1645,1.16598,5738
EUR_USD,H1,2026-01-14T13:00:00.000000000Z,1.16598,1.16598,1.16449,1.165,6488
EUR_USD,H1,2026-01-14T14:00:00.000000000Z,1.16498,1.16598,1.16488,1.16558,9631
EUR_USD,H1,2026-01-14T15:00:00.000000000Z,1.16559,1.16606,1.16494,1.166,10656
EUR_USD,H1,2026-01-14T16:00:00.000000000Z,1.16598,1.16618,1.16526,1.16546,5981
EUR_USD,H1,2026-01-14T17:00:00.000000000Z,1.16546,1.16558,1.16456,1.16468,4978
EUR_USD,H1,2026-01-14T18:00:00.000000000Z,1.16468,1.16479,1.1638,1.1638,4275
EUR_USD,H1,2026-01-14T19:00:00.000000000Z,1.16379,1.16394,1.16353,1.16362,3199
EUR_USD,H1,2026-01-14T20:00:00.000000000Z,1.16363,1.16474,1.16363,1.16433,4510
EUR_USD,H1,2026-01-14T21:00:00.000000000Z,1.1643,1.16465,1.16422,1.16454,1937
EUR_USD,H1,2026-01-14T22:00:00.000000000Z,1.16469,1.1647,1.16444,1.1645,503
EUR_USD,H1,2026-01-14T23:00:00.000000000Z,1.16448,1.16471,1.16445,1.1645,1333
EUR_USD,H1,2026-01-15T00:00:00.000000000Z,1.16451,1.16456,1.16358,1.16378,3034
EUR_USD,H1,2026-01-15T01:00:00.000000000Z,1.16377,1.16419,1.16333,1.16386,5281
EUR_USD,H1,2026-01-15T02:00:00.000000000Z,1.16382,1.16409,1.16362,1.16403,2637
EUR_USD,H1,2026-01-15T03:00:00.000000000Z,1.16402,1.16415,1.16368,1.16389,2190
EUR_USD,H1,2026-01-15T04:00:00.000000000Z,1.1639,1.16394,1.16343,1.16346,1774
EUR_USD,H1,2026-01-15T05:00:00.000000000Z,1.16346,1.1638,1.16336,1.16352,2826
EUR_USD,H1,2026-01-15T06:00:00.000000000Z,1.16352,1.16385,1.163,1.16332,3735
EUR_USD,H1,2026-01-15T07:00:00.000000000Z,1.16333,1.16366,1.1626,1.16289,5320
EUR_USD,H1,2026-01-15T08:00:00.000000000Z,1.16288,1.16354,1.16269,1.16308,5212
EUR_USD,H1,2026-01-15T09:00:00.000000000Z,1.16308,1.164,1.16304,1.16359,5951
EUR_USD,H1,2026-01-15T10:00:00.000000000Z,1.16358,1.16411,1.16329,1.16358,4472
EUR_USD,H1,2026-01-15T11:00:00.000000000Z,1.16356,1.16381,1.16302,1.16308,4021
EUR_USD,H1,2026-01-15T12:00:00.000000000Z,1.16307,1.1635,1.16203,1.16228,4022
EUR_USD,H1,2026-01-15T13:00:00.000000000Z,1.16229,1.16252,1.15988,1.16014,10161
EUR_USD,H1,2026-01-15T14:00:00.000000000Z,1.16013,1.1611,1.15932,1.16012,9914
EUR_USD,H1,2026-01-15T15:00:00.000000000Z,1.16012,1.16096,1.1597,1.16024,8218
EUR_USD,H1,2026-01-15T16:00:00.000000000Z,1.16024,1.16112,1.15984,1.16047,5845
EUR_USD,H1,2026-01-15T17:00:00.000000000Z,1.16046,1.16138,1.16036,1.1609,4405
EUR_USD,H1,2026-01-15T18:00:00.000000000Z,1.1609,1.16153,1.1609,1.16149,3167
EUR_USD,H1,2026-01-15T19:00:00.000000000Z,1.16148,1.16176,1.16114,1.16138,3919
EUR_USD,H1,2026-01-15T20:00:00.000000000Z,1.1614,1.16155,1.16028,1.16043,3473
EUR_USD,H1,2026-01-15T21:00:00.000000000Z,1.16042,1.16112,1.16034,1.16094,1631
EUR_USD,H1,2026-01-15T22:00:00.000000000Z,1.16088,1.16098,1.16079,1.1608,744
EUR_USD,H1,2026-01-15T23:00:00.000000000Z,1.16076,1.16104,1.16076,1.16092,749
EUR_USD,H1,2026-01-16T00:00:00.000000000Z,1.16092,1.16096,1.16028,1.16038,2716
EUR_USD,H1,2026-01-16T01:00:00.000000000Z,1.16036,1.16088,1.16024,1.1607,3172
EUR_USD,H1,2026-01-16T02:00:00.000000000Z,1.1607,1.16142,1.16063,1.16096,3428
EUR_USD,H1,2026-01-16T03:00:00.000000000Z,1.16097,1.16125,1.1607,1.16122,2322
EUR_USD,H1,2026-01-16T04:00:00.000000000Z,1.16122,1.16138,1.16102,1.1611,1458
EUR_USD,H1,2026-01-16T05:00:00.000000000Z,1.1611,1.16112,1.1606,1.16067,2541
EUR_USD,H1,2026-01-16T06:00:00.000000000Z,1.16068,1.16098,1.16044,1.16096,2463
EUR_USD,H1,2026-01-16T07:00:00.000000000Z,1.16094,1.16148,1.1608,1.16122,4941
EUR_USD,H1,2026-01-16T08:00:00.000000000Z,1.16122,1.16148,1.16085,1.16094,5611
EUR_USD,H1,2026-01-16T09:00:00.000000000Z,1.16094,1.16153,1.16081,1.16084,3826
EUR_USD,H1,2026-01-16T10:00:00.000000000Z,1.16084,1.16176,1.16082,1.1613,4034
EUR_USD,H1,2026-01-16T11:00:00.000000000Z,1.16131,1.16236,1.16129,1.16193,4490
EUR_USD,H1,2026-01-16T12:00:00.000000000Z,1.16192,1.16223,1.16136,1.16192,4400
EUR_USD,H1,2026-01-16T13:00:00.000000000Z,1.1619,1.1621,1.16116,1.16186,5315
EUR_USD,H1,2026-01-16T14:00:00.000000000Z,1.16188,1.16208,1.16126,1.16182,6376
EUR_USD,H1,2026-01-16T15:00:00.000000000Z,1.16183,1.16275,1.15845,1.15935,16086
EUR_USD,H1,2026-01-16T16:00:00.000000000Z,1.15936,1.1606,1.15936,1.15983,8929
EUR_USD,H1,2026-01-16T17:00:00.000000000Z,1.15984,1.1603,1.15948,1.15957,5504
EUR_USD,H1,2026-01-16T18:00:00.000000000Z,1.15955,1.15993,1.15894,1.15955,4047
EUR_USD,H1,2026-01-16T19:00:00.000000000Z,1.15956,1.15974,1.15915,1.15964,3700
EUR_USD,H1,2026-01-16T20:00:00.000000000Z,1.15965,1.16023,1.15954,1.15994,2194
EUR_USD,H1,2026-01-16T21:00:00.000000000Z,1.15994,1.16023,1.15976,1.15988,1707
EUR_USD,H1,2026-01-18T22:00:00.000000000Z,1.15802,1.1587,1.15782,1.15844,1591
EUR_USD,H1,2026-01-18T23:00:00.000000000Z,1.15848,1.1627,1.15792,1.16244,7394
EUR_USD,H1,2026-01-19T00:00:00.000000000Z,1.16244,1.16378,1.16046,1.1632,9762
EUR_USD,H1,2026-01-19T01:00:00.000000000Z,1.16321,1.16345,1.16221,1.16226,6204
EUR_USD,H1,2026-01-19T02:00:00.000000000Z,1.16227,1.1624,1.16157,1.16176,4821
EUR_USD,H1,2026-01-19T03:00:00.000000000Z,1.16178,1.16262,1.1616,1.16247,3474
EUR_USD,H1,2026-01-19T04:00:00.000000000Z,1.16246,1.16337,1.16246,1.1633,2973
EUR_USD,H1,2026-01-19T05:00:00.000000000Z,1.16331,1.16376,1.16268,1.16276,3292
EUR_USD,H1,2026-01-19T06:00:00.000000000Z,1.16274,1.16326,1.1625,1.1628,3107
EUR_USD,H1,2026-01-19T07:00:00.000000000Z,1.16282,1.16415,1.1623,1.16261,6565
EUR_USD,H1,2026-01-19T08:00:00.000000000Z,1.16262,1.1628,1.16185,1.16251,5986
EUR_USD,H1,2026-01-19T09:00:00.000000000Z,1.1625,1.16298,1.16112,1.16245,6263
EUR_USD,H1,2026-01-19T10:00:00.000000000Z,1.16244,1.16286,1.16222,1.1624,4612
EUR_USD,H1,2026-01-19T11:00:00.000000000Z,1.16241,1.16291,1.16202,1.1628,3591
EUR_USD,H1,2026-01-19T12:00:00.000000000Z,1.16278,1.16334,1.16252,1.16257,3787
EUR_USD,H1,2026-01-19T13:00:00.000000000Z,1.16258,1.16356,1.16258,1.16318,4586
EUR_USD,H1,2026-01-19T14:00:00.000000000Z,1.16317,1.16426,1.16302,1.16397,4453
EUR_USD,H1,2026-01-19T15:00:00.000000000Z,1.16398,1.16434,1.16318,1.16398,5268
EUR_USD,H1,2026-01-19T16:00:00.000000000Z,1.16398,1.16475,1.16377,1.1642,3103
EUR_USD,H1,2026-01-19T17:00:00.000000000Z,1.1642,1.16466,1.16396,1.16458,1887
EUR_USD,H1,2026-01-19T18:00:00.000000000Z,1.16459,1.16489,1.16432,1.16432,1169
EUR_USD,H1,2026-01-19T19:00:00.000000000Z,1.16431,1.1647,1.16426,1.16433,830
EUR_USD,H1,2026-01-19T20:00:00.000000000Z,1.16432,1.16454,1.16419,1.16454,990
EUR_USD,H1,2026-01-19T21:00:00.000000000Z,1.16454,1.16465,1.1643,1.1646,972
EUR_USD,H1,2026-01-19T22:00:00.000000000Z,1.16427,1.1647,1.16427,1.16458,268
EUR_USD,H1,2026-01-19T23:00:00.000000000Z,1.16457,1.16464,1.16385,1.16394,938
EUR_USD,H1,2026-01-20T00:00:00.000000000Z,1.16394,1.16412,1.16326,1.16404,2688
EUR_USD,H1,2026-01-20T01:00:00.000000000Z,1.16404,1.1644,1.1639,1.16438,4321
EUR_USD,H1,2026-01-20T02:00:00.000000000Z,1.16438,1.16465,1.16406,1.16444,2452
EUR_USD,H1,2026-01-20T03:00:00.000000000Z,1.16444,1.16588,1.16441,1.16566,3301
EUR_USD,H1,2026-01-20T04:00:00.000000000Z,1.16568,1.16666,1.16561,1.16656,2904
EUR_USD,H1,2026-01-20T05:00:00.000000000Z,1.16656,1.16727,1.1663,1.16632,3521
EUR_USD,H1,2026-01-20T06:00:00.000000000Z,1.16633,1.1669,1.16622,1.16686,4696
EUR_USD,H1,2026-01-20T07:00:00.000000000Z,1.16684,1.16938,1.16641,1.16888,8862
EUR_USD,H1,2026-01-20T08:00:00.000000000Z,1.16888,1.17219,1.16872,1.17162,12239
EUR_USD,H1,2026-01-20T09:00:00.000000000Z,1.17163,1.17328,1.17157,1.17262,9634
EUR_USD,H1,2026-01-20T10:00:00.000000000Z,1.17262,1.17322,1.17153,1.1731,8499
EUR_USD,H1,2026-01-20T11:00:00.000000000Z,1.17312,1.1739,1.17224,1.1735,6648
EUR_USD,H1,2026-01-20T12:00:00.000000000Z,1.1735,1.17438,1.17256,1.1726,6918
EUR_USD,H1,2026-01-20T13:00:00.000000000Z,1.17258,1.17693,1.17183,1.17334,18350
EUR_USD,H1,2026-01-20T14:00:00.000000000Z,1.17334,1.1737,1.17152,1.17193,16339
EUR_USD,H1,2026-01-20T15:00:00.000000000Z,1.17194,1.17372,1.17163,1.1727,12461
EUR_USD,H1,2026-01-20T16:00:00.000000000Z,1.17271,1.17394,1.1727,1.17389,8646
EUR_USD,H1,2026-01-20T17:00:00.000000000Z,1.17388,1.17428,1.17297,1.17316,6006
EUR_USD,H1,2026-01-20T18:00:00.000000000Z,1.17315,1.17341,1.17264,1.17266,4558
EUR_USD,H1,2026-01-20T19:00:00.000000000Z,1.17267,1.17279,1.17114,1.17124,6000
EUR_USD,H1,2026-01-20T20:00:00.000000000Z,1.17124,1.17206,1.1711,1.17196,7308
EUR_USD,H1,2026-01-20T21:00:00.000000000Z,1.17196,1.1727,1.17176,1.17268,1579
EUR_USD,H1,2026-01-20T22:00:00.000000000Z,1.17245,1.17262,1.17212,1.17223,879
EUR_USD,H1,2026-01-20T23:00:00.000000000Z,1.1722,1.17289,1.17218,1.17272,1109
EUR_USD,H1,2026-01-21T00:00:00.000000000Z,1.1727,1.1727,1.17166,1.17237,3224
EUR_USD,H1,2026-01-21T01:00:00.000000000Z,1.17238,1.17342,1.17228,1.1729,5146
EUR_USD,H1,2026-01-21T02:00:00.000000000Z,1.1729,1.17318,1.17244,1.17264,3621
EUR_USD,H1,2026-01-21T03:00:00.000000000Z,1.17269,1.17289,1.17106,1.1719,4150
EUR_USD,H1,2026-01-21T04:00:00.000000000Z,1.17189,1.17205,1.17141,1.17182,3115
EUR_USD,H1,2026-01-21T05:00:00.000000000Z,1.17181,1.17217,1.17156,1.17174,2810
EUR_USD,H1,2026-01-21T06:00:00.000000000Z,1.17174,1.17252,1.17155,1.1724,3227
EUR_USD,H1,2026-01-21T07:00:00.000000000Z,1.17238,1.17254,1.17101,1.1717,6805
EUR_USD,H1,2026-01-21T08:00:00.000000000Z,1.1717,1.17187,1.1705,1.17103,6908
EUR_USD,H1,2026-01-21T09:00:00.000000000Z,1.17101,1.17128,1.17013,1.17036,4961
EUR_USD,H1,2026-01-21T10:00:00.000000000Z,1.17034,1.17086,1.17016,1.1707,4836
EUR_USD,H1,2026-01-21T11:00:00.000000000Z,1.17068,1.17203,1.1704,1.17141,5638
EUR_USD,H1,2026-01-21T12:00:00.000000000Z,1.17142,1.17358,1.17122,1.17349,5968
EUR_USD,H1,2026-01-21T13:00:00.000000000Z,1.1735,1.1743,1.17286,1.17397,7495
EUR_USD,H1,2026-01-21T14:00:00.000000000Z,1.17398,1.17408,1.17152,1.17248,19281
EUR_USD,H1,2026-01-21T15:00:00.000000000Z,1.17247,1.17285,1.17006,1.1702,13099
EUR_USD,H1,2026-01-21T16:00:00.000000000Z,1.1702,1.17107,1.16948,1.17033,10460
EUR_USD,H1,2026-01-21T17:00:00.000000000Z,1.17034,1.17116,1.16972,1.1703,7939
EUR_USD,H1,2026-01-21T18:00:00.000000000Z,1.17028,1.17034,1.16937,1.1697,5020
EUR_USD,H1,2026-01-21T19:00:00.000000000Z,1.1697,1.17053,1.16772,1.16914,12335
EUR_USD,H1,2026-01-21T20:00:00.000000000Z,1.16916,1.1692,1.16762,1.16869,6612
EUR_USD,H1,2026-01-21T21:00:00.000000000Z,1.16869,1.16896,1.1684,1.16876,1777
EUR_USD,H1,2026-01-21T22:00:00.000000000Z,1.16854,1.16877,1.16842,1.16852,1017
EUR_USD,H1,2026-01-21T23:00:00.000000000Z,1.16855,1.16856,1.16698,1.1673,1754
EUR_USD,H1,2026-01-22T00:00:00.000000000Z,1.1673,1.16898,1.16729,1.16874,4517
EUR_USD,H1,2026-01-22T01:00:00.000000000Z,1.16872,1.16902,1.16814,1.16888,4378
EUR_USD,H1,2026-01-22T02:00:00.000000000Z,1.16888,1.16936,1.16835,1.16857,3078
EUR_USD,H1,2026-01-22T03:00:00.000000000Z,1.16856,1.16904,1.1685,1.16889,1845
EUR_USD,H1,2026-01-22T04:00:00.000000000Z,1.1689,1.16973,1.16889,1.16916,2217
EUR_USD,H1,2026-01-22T05:00:00.000000000Z,1.16914,1.1692,1.16842,1.16882,2574
EUR_USD,H1,2026-01-22T06:00:00.000000000Z,1.16884,1.16918,1.16842,1.16885,3424
EUR_USD,H1,2026-01-22T07:00:00.000000000Z,1.16884,1.16962,1.16848,1.16904,5351
EUR_USD,H1,2026-01-22T08:00:00.000000000Z,1.16902,1.1695,1.16842,1.1689,6289
EUR_USD,H1,2026-01-22T09:00:00.000000000Z,1.16894,1.16974,1.16878,1.16926,5411
EUR_USD,H1,2026-01-22T10:00:00.000000000Z,1.16927,1.16956,1.16866,1.16953,4055
EUR_USD,H1,2026-01-22T11:00:00.000000000Z,1.16954,1.17041,1.16904,1.17024,6952
EUR_USD,H1,2026-01-22T12:00:00.000000000Z,1.17022,1.17092,1.17001,1.17038,5084
EUR_USD,H1,2026-01-22T13:00:00.000000000Z,1.17038,1.17187,1.1703,1.17139,8329
EUR_USD,H1,2026-01-22T14:00:00.000000000Z,1.17138,1.17256,1.17108,1.17202,8773
EUR_USD,H1,2026-01-22T15:00:00.000000000Z,1.17202,1.17342,1.17185,1.1734,8500
EUR_USD,H1,2026-01-22T16:00:00.000000000Z,1.1734,1.17508,1.17334,1.17388,7700
EUR_USD,H1,2026-01-22T17:00:00.000000000Z,1.17386,1.1748,1.17275,1.17464,6662
EUR_USD,H1,2026-01-22T18:00:00.000000000Z,1.17463,1.17488,1.17432,1.17475,3438
EUR_USD,H1,2026-01-22T19:00:00.000000000Z,1.17474,1.1748,1.17412,1.17441,3139
EUR_USD,H1,2026-01-22T20:00:00.000000000Z,1.17442,1.1753,1.17422,1.1749,2765
EUR_USD,H1,2026-01-22T21:00:00.000000000Z,1.17486,1.17566,1.17473,1.17552,1967
EUR_USD,H1,2026-01-22T22:00:00.000000000Z,1.17528,1.17566,1.17516,1.17562,520
EUR_USD,H1,2026-01-22T23:00:00.000000000Z,1.17561,1.17592,1.17534,1.17538,1212
EUR_USD,H1,2026-01-23T00:00:00.000000000Z,1.17538,1.17538,1.17479,1.17481,2812
EUR_USD,H1,2026-01-23T01:00:00.000000000Z,1.1748,1.17538,1.1747,1.17494,4595
EUR_USD,H1,2026-01-23T02:00:00.000000000Z,1.17493,1.17502,1.1744,1.17454,2966
EUR_USD,H1,2026-01-23T03:00:00.000000000Z,1.17453,1.17488,1.17436,1.17436,3223
EUR_USD,H1,2026-01-23T04:00:00.000000000Z,1.17436,1.1751,1.17432,1.17498,1853
EUR_USD,H1,2026-01-23T05:00:00.000000000Z,1.17499,1.1754,1.17498,1.1751,2450
EUR_USD,H1,2026-01-23T06:00:00.000000000Z,1.1751,1.1753,1.17414,1.17419,4606
EUR_USD,H1,2026-01-23T07:00:00.000000000Z,1.1742,1.17474,1.17349,1.1736,10514
EUR_USD,H1,2026-01-23T08:00:00.000000000Z,1.17358,1.17452,1.17283,1.174,8895
EUR_USD,H1,2026-01-23T09:00:00.000000000Z,1.174,1.17452,1.17351,1.17354,6546
EUR_USD,H1,2026-01-23T10:00:00.000000000Z,1.17354,1.1736,1.173,1.17346,4662
EUR_USD,H1,2026-01-23T11:00:00.000000000Z,1.17347,1.17406,1.17308,1.17374,5012
EUR_USD,H1,2026-01-23T12:00:00.000000000Z,1.17374,1.17444,1.17365,1.17424,4201
EUR_USD,H1,2026-01-23T13:00:00.000000000Z,1.17425,1.17473,1.17328,1.17341,4796
EUR_USD,H1,2026-01-23T14:00:00.000000000Z,1.17342,1.17482,1.17319,1.17463,6322
EUR_USD,H1,2026-01-23T15:00:00.000000000Z,1.17462,1.17616,1.17459,1.17582,7264
EUR_USD,H1,2026-01-23T16:00:00.000000000Z,1.17583,1.17753,1.17464,1.17706,9082
EUR_USD,H1,2026-01-23T17:00:00.000000000Z,1.17706,1.1799,1.1769,1.17944,14048
EUR_USD,H1,2026-01-23T18:00:00.000000000Z,1.17944,1.17957,1.17772,1.17922,9120
EUR_USD,H1,2026-01-23T19:00:00.000000000Z,1.17922,1.1815,1.17916,1.18117,7439
EUR_USD,H1,2026-01-23T20:00:00.000000000Z,1.18118,1.18264,1.18101,1.18214,6307
EUR_USD,H1,2026-01-23T21:00:00.000000000Z,1.18214,1.18339,1.18211,1.18277,4015
EUR_USD,H1,2026-01-25T22:00:00.000000000Z,1.18635,1.18931,1.1851,1.189,3160
EUR_USD,H1,2026-01-25T23:00:00.000000000Z,1.18896,1.18977,1.18544,1.18604,8807
EUR_USD,H1,2026-01-26T00:00:00.000000000Z,1.18603,1.18632,1.18444,1.18612,10743
EUR_USD,H1,2026-01-26T01:00:00.000000000Z,1.18613,1.18692,1.18548,1.18578,11024
EUR_USD,H1,2026-01-26T02:00:00.000000000Z,1.18578,1.18766,1.18558,1.18676,8785
EUR_USD,H1,2026-01-26T03:00:00.000000000Z,1.18677,1.18678,1.18582,1.18624,5764
EUR_USD,H1,2026-01-26T04:00:00.000000000Z,1.18626,1.18694,1.18554,1.18592,5862
EUR_USD,H1,2026-01-26T05:00:00.000000000Z,1.18591,1.187,1.18582,1.1865,4596
EUR_USD,H1,2026-01-26T06:00:00.000000000Z,1.1865,1.18656,1.18505,1.18517,6440
EUR_USD,H1,2026-01-26T07:00:00.000000000Z,1.18517,1.18628,1.18365,1.18388,9527
EUR_USD,H1,2026-01-26T08:00:00.000000000Z,1.18388,1.18598,1.18382,1.18536,11476
EUR_USD,H1,2026-01-26T09:00:00.000000000Z,1.18536,1.18674,1.18418,1.18637,10073
EUR_USD,H1,2026-01-26T10:00:00.000000000Z,1.18638,1.18653,1.18536,1.18608,6483
EUR_USD,H1,2026-01-26T11:00:00.000000000Z,1.18607,1.18607,1.18486,1.18559,6261
EUR_USD,H1,2026-01-26T12:00:00.000000000Z,1.1856,1.18571,1.18401,1.18422,6039
EUR_USD,H1,2026-01-26T13:00:00.000000000Z,1.18422,1.18568,1.1835,1.1856,7823
EUR_USD,H1,2026-01-26T14:00:00.000000000Z,1.1856,1.18796,1.18526,1.1879,10273
EUR_USD,H1,2026-01-26T15:00:00.000000000Z,1.18791,1.1897,1.18706,1.18954,10540
EUR_USD,H1,2026-01-26T16:00:00.000000000Z,1.18954,1.19072,1.188,1.18859,10779
EUR_USD,H1,2026-01-26T17:00:00.000000000Z,1.1886,1.18914,1.18748,1.18788,7470
EUR_USD,H1,2026-01-26T18:00:00.000000000Z,1.18788,1.18904,1.18782,1.18791,7084
EUR_USD,H1,2026-01-26T19:00:00.000000000Z,1.1879,1.18816,1.18706,1.18791,7339
EUR_USD,H1,2026-01-26T20:00:00.000000000Z,1.18792,1.18837,1.18774,1.18826,4875
EUR_USD,H1,2026-01-26T21:00:00.000000000Z,1.18826,1.18864,1.1874,1.188,2392
EUR_USD,H1,2026-01-26T22:00:00.000000000Z,1.18767,1.18788,1.18756,1.18773,1088
EUR_USD,H1,2026-01-26T23:00:00.000000000Z,1.18774,1.18816,1.18716,1.18738,1903
EUR_USD,H1,2026-01-27T00:00:00.000000000Z,1.18736,1.18826,1.18725,1.18772,5203
EUR_USD,H1,2026-01-27T01:00:00.000000000Z,1.18771,1.18815,1.18734,1.18788,5572
EUR_USD,H1,2026-01-27T02:00:00.000000000Z,1.18788,1.18996,1.18762,1.18933,4681
EUR_USD,H1,2026-01-27T03:00:00.000000000Z,1.18933,1.18933,1.18793,1.18796,4077
EUR_USD,H1,2026-01-27T04:00:00.000000000Z,1.18798,1.18825,1.187,1.18734,3112
EUR_USD,H1,2026-01-27T05:00:00.000000000Z,1.18734,1.18786,1.18719,1.18766,3243
EUR_USD,H1,2026-01-27T06:00:00.000000000Z,1.18767,1.18814,1.18708,1.1872,4225
EUR_USD,H1,2026-01-27T07:00:00.000000000Z,1.18719,1.18756,1.1861,1.18638,6549
EUR_USD,H1,2026-01-27T08:00:00.000000000Z,1.18639,1.18672,1.18504,1.18608,7284
EUR_USD,H1,2026-01-27T09:00:00.000000000Z,1.18606,1.18898,1.18589,1.18891,8068
EUR_USD,H1,2026-01-27T10:00:00.000000000Z,1.1889,1.189,1.18742,1.18888,9315
EUR_USD,H1,2026-01-27T11:00:00.000000000Z,1.1889,1.18972,1.18854,1.18954,5680
EUR_USD,H1,2026-01-27T12:00:00.000000000Z,1.18955,1.19344,1.18942,1.19281,13799
EUR_USD,H1,2026-01-27T13:00:00.000000000Z,1.19282,1.19386,1.19142,1.19234,14312
EUR_USD,H1,2026-01-27T14:00:00.000000000Z,1.19234,1.19558,1.19184,1.19439,15502
EUR_USD,H1,2026-01-27T15:00:00.000000000Z,1.19438,1.19726,1.19438,1.19508,16618
EUR_USD,H1,2026-01-27T16:00:00.000000000Z,1.19507,1.19902,1.19497,1.19792,13257
EUR_USD,H1,2026-01-27T17:00:00.000000000Z,1.19792,1.19837,1.19587,1.198,11496
EUR_USD,H1,2026-01-27T18:00:00.000000000Z,1.198,1.19874,1.19717,1.19778,8598
EUR_USD,H1,2026-01-27T19:00:00.000000000Z,1.19776,1.19808,1.19712,1.19772,5896
EUR_USD,H1,2026-01-27T20:00:00.000000000Z,1.19772,1.20831,1.19718,1.20295,25750
EUR_USD,H1,2026-01-27T21:00:00.000000000Z,1.20294,1.205,1.20232,1.20409,15660
EUR_USD,H1,2026-01-27T22:00:00.000000000Z,1.20395,1.20435,1.20372,1.20428,1272
EUR_USD,H1,2026-01-27T23:00:00.000000000Z,1.2043,1.20475,1.20165,1.20231,4409
EUR_USD,H1,2026-01-28T00:00:00.000000000Z,1.20231,1.20236,1.2008,1.20151,8899
EUR_USD,H1,2026-01-28T01:00:00.000000000Z,1.20152,1.2016,1.19928,1.19929,8208
EUR_USD,H1,2026-01-28T02:00:00.000000000Z,1.19928,1.2,1.19872,1.19975,6013
EUR_USD,H1,2026-01-28T03:00:00.000000000Z,1.19977,1.2005,1.19953,1.1997,3912
EUR_USD,H1,2026-01-28T04:00:00.000000000Z,1.19971,1.20018,1.19915,1.20002,3265
EUR_USD,H1,2026-01-28T05:00:00.000000000Z,1.2,1.2001,1.19748,1.1997,8424
EUR_USD,H1,2026-01-28T06:00:00.000000000Z,1.1997,1.20071,1.19904,1.19952,5771
EUR_USD,H1,2026-01-28T07:00:00.000000000Z,1.19952,1.20259,1.19844,1.19914,11014
EUR_USD,H1,2026-01-28T08:00:00.000000000Z,1.19914,1.20049,1.19704,1.19805,12618
EUR_USD,H1,2026-01-28T09:00:00.000000000Z,1.19806,1.19929,1.1975,1.19869,9180
EUR_USD,H1,2026-01-28T10:00:00.000000000Z,1.1987,1.1995,1.19726,1.1989,8285
EUR_USD,H1,2026-01-28T11:00:00.000000000Z,1.19892,1.19896,1.19618,1.19681,7192
EUR_USD,H1,2026-01-28T12:00:00.000000000Z,1.19681,1.19836,1.1966,1.19798,7462
EUR_USD,H1,2026-01-28T13:00:00.000000000Z,1.19798,1.19808,1.1952,1.19576,9826
EUR_USD,H1,2026-01-28T14:00:00.000000000Z,1.19578,1.19776,1.19526,1.19626,10710
EUR_USD,H1,2026-01-28T15:00:00.000000000Z,1.19627,1.19704,1.1923,1.19434,33542
EUR_USD,H1,2026-01-28T16:00:00.000000000Z,1.19436,1.19526,1.19186,1.19406,14375
EUR_USD,H1,2026-01-28T17:00:00.000000000Z,1.19406,1.19433,1.1928,1.1941,6668
EUR_USD,H1,2026-01-28T18:00:00.000000000Z,1.1941,1.19423,1.19145,1.19222,7351
EUR_USD,H1,2026-01-28T19:00:00.000000000Z,1.19222,1.19418,1.18958,1.19405,25762
EUR_USD,H1,2026-01-28T20:00:00.000000000Z,1.19406,1.19502,1.19295,1.19457,10258
EUR_USD,H1,2026-01-28T21:00:00.000000000Z,1.19457,1.19542,1.19417,1.19537,3275
EUR_USD,H1,2026-01-28T22:00:00.000000000Z,1.19556,1.19568,1.19548,1.1956,467
EUR_USD,H1,2026-01-28T23:00:00.000000000Z,1.19561,1.19811,1.19526,1.1981,4315
EUR_USD,H1,2026-01-29T00:00:00.000000000Z,1.19808,1.19852,1.1969,1.19736,6716
EUR_USD,H1,2026-01-29T01:00:00.000000000Z,1.19735,1.19735,1.19568,1.19614,7114
EUR_USD,H1,2026-01-29T02:00:00.000000000Z,1.19614,1.19758,1.19532,1.19732,5611
EUR_USD,H1,2026-01-29T03:00:00.000000000Z,1.1973,1.19868,1.19706,1.19866,4749
EUR_USD,H1,2026-01-29T04:00:00.000000000Z,1.19866,1.19907,1.19752,1.199,5048
EUR_USD,H1,2026-01-29T05:00:00.000000000Z,1.19898,1.19938,1.19806,1.19812,3984
EUR_USD,H1,2026-01-29T06:00:00.000000000Z,1.19812,1.19892,1.19753,1.19846,5335
EUR_USD,H1,2026-01-29T07:00:00.000000000Z,1.19846,1.19966,1.19672,1.1974,8640
EUR_USD,H1,2026-01-29T08:00:00.000000000Z,1.1974,1.19858,1.19615,1.19686,11287
EUR_USD,H1,2026-01-29T09:00:00.000000000Z,1.19684,1.19742,1.19515,1.19558,8387
EUR_USD,H1,2026-01-29T10:00:00.000000000Z,1.1956,1.1958,1.19388,1.19424,8088
EUR_USD,H1,2026-01-29T11:00:00.000000000Z,1.19426,1.1953,1.19382,1.1947,6825
EUR_USD,H1,2026-01-29T12:00:00.000000000Z,1.19471,1.19623,1.1942,1.19613,6484
EUR_USD,H1,2026-01-29T13:00:00.000000000Z,1.19612,1.19708,1.19402,1.19562,13938
EUR_USD,H1,2026-01-29T14:00:00.000000000Z,1.19564,1.19714,1.19521,1.19704,14471
EUR_USD,H1,2026-01-29T15:00:00.000000000Z,1.19704,1.19725,1.19062,1.19295,36820
EUR_USD,H1,2026-01-29T16:00:00.000000000Z,1.19294,1.1953,1.19272,1.19426,18962
EUR_USD,H1,2026-01-29T17:00:00.000000000Z,1.19426,1.19616,1.19426,1.19558,14293
EUR_USD,H1,2026-01-29T18:00:00.000000000Z,1.19556,1.1965,1.19485,1.19579,9783
EUR_USD,H1,2026-01-29T19:00:00.000000000Z,1.19578,1.19606,1.19502,1.19515,6727
EUR_USD,H1,2026-01-29T20:00:00.000000000Z,1.19513,1.19684,1.19458,1.19648,5077
EUR_USD,H1,2026-01-29T21:00:00.000000000Z,1.19649,1.19714,1.1962,1.19707,3094
EUR_USD,H1,2026-01-29T22:00:00.000000000Z,1.19693,1.19705,1.19665,1.19704,691
EUR_USD,H1,2026-01-29T23:00:00.000000000Z,1.19698,1.19748,1.19652,1.19674,2148
EUR_USD,H1,2026-01-30T00:00:00.000000000Z,1.19674,1.19733,1.19301,1.1932,11044
EUR_USD,H1,2026-01-30T01:00:00.000000000Z,1.1932,1.19399,1.19142,1.1917,14827
EUR_USD,H1,2026-01-30T02:00:00.000000000Z,1.19171,1.19266,1.18946,1.19186,19251
EUR_USD,H1,2026-01-30T03:00:00.000000000Z,1.19187,1.19231,1.19132,1.19201,8722
EUR_USD,H1,2026-01-30T04:00:00.000000000Z,1.19198,1.19345,1.1919,1.19244,5483
EUR_USD,H1,2026-01-30T05:00:00.000000000Z,1.19244,1.19351,1.19146,1.19248,6250
EUR_USD,H1,2026-01-30T06:00:00.000000000Z,1.19247,1.19332,1.1914,1.1919,11248
EUR_USD,H1,2026-01-30T07:00:00.000000000Z,1.19189,1.19426,1.19148,1.19377,13025
EUR_USD,H1,2026-01-30T08:00:00.000000000Z,1.1938,1.19434,1.19234,1.19331,12129
EUR_USD,H1,2026-01-30T09:00:00.000000000Z,1.19332,1.19384,1.18982,1.19083,14132
EUR_USD,H1,2026-01-30T10:00:00.000000000Z,1.19078,1.19253,1.19047,1.19213,10277
EUR_USD,H1,2026-01-30T11:00:00.000000000Z,1.19213,1.19504,1.19208,1.19491,9841
EUR_USD,H1,2026-01-30T12:00:00.000000000Z,1.1949,1.19546,1.19152,1.19194,9983
EUR_USD,H1,2026-01-30T13:00:00.000000000Z,1.19194,1.19246,1.19018,1.19128,15870
EUR_USD,H1,2026-01-30T14:00:00.000000000Z,1.19128,1.19213,1.19011,1.19062,15771
EUR_USD,H1,2026-01-30T15:00:00.000000000Z,1.19062,1.19062,1.1883,1.18952,22723
EUR_USD,H1,2026-01-30T16:00:00.000000000Z,1.18952,1.18974,1.18716,1.18862,15545
EUR_USD,H1,2026-01-30T17:00:00.000000000Z,1.1886,1.18876,1.18667,1.18724,12984
EUR_USD,H1,2026-01-30T18:00:00.000000000Z,1.18724,1.18844,1.18545,1.18785,17219
EUR_USD,H1,2026-01-30T19:00:00.000000000Z,1.18784,1.1885,1.18644,1.18693,11673
EUR_USD,H1,2026-01-30T20:00:00.000000000Z,1.1869,1.18691,1.1853,1.1853,7810
EUR_USD,H1,2026-01-30T21:00:00.000000000Z,1.1853,1.18566,1.185,1.18508,4032
EUR_USD,H1,2026-02-01T22:00:00.000000000Z,1.1851,1.18536,1.18464,1.18505,1307
EUR_USD,H1,2026-02-01T23:00:00.000000000Z,1.18506,1.18568,1.18398,1.18463,8213
EUR_USD,H1,2026-02-02T00:00:00.000000000Z,1.18464,1.18748,1.18464,1.18666,12291
EUR_USD,H1,2026-02-02T01:00:00.000000000Z,1.18666,1.18726,1.18528,1.18706,13783
EUR_USD,H1,2026-02-02T02:00:00.000000000Z,1.1871,1.18748,1.18632,1.18632,9571
EUR_USD,H1,2026-02-02T03:00:00.000000000Z,1.18632,1.18719,1.1863,1.18641,6844
EUR_USD,H1,2026-02-02T04:00:00.000000000Z,1.18642,1.18727,1.1858,1.18633,6607
EUR_USD,H1,2026-02-02T05:00:00.000000000Z,1.18632,1.18638,1.1841,1.18508,6290
EUR_USD,H1,2026-02-02T06:00:00.000000000Z,1.18507,1.18546,1.18432,1.18539,11204
EUR_USD,H1,2026-02-02T07:00:00.000000000Z,1.1854,1.18635,1.18516,1.18536,11730
EUR_USD,H1,2026-02-02T08:00:00.000000000Z,1.18538,1.18668,1.18436,1.1851,12388
EUR_USD,H1,2026-02-02T09:00:00.000000000Z,1.18508,1.18652,1.18446,1.18623,10846
EUR_USD,H1,2026-02-02T10:00:00.000000000Z,1.18622,1.18704,1.18588,1.18648,9233
EUR_USD,H1,2026-02-02T11:00:00.000000000Z,1.18647,1.18714,1.18606,1.18647,7272
EUR_USD,H1,2026-02-02T12:00:00.000000000Z,1.18644,1.18701,1.1843,1.18499,8961
EUR_USD,H1,2026-02-02T13:00:00.000000000Z,1.185,1.18506,1.1818,1.1821,12909
EUR_USD,H1,2026-02-02T14:00:00.000000000Z,1.1821,1.183,1.18054,1.1821,14451
EUR_USD,H1,2026-02-02T15:00:00.000000000Z,1.182,1.182,1.17905,1.17923,21151
EUR_USD,H1,2026-02-02T16:00:00.000000000Z,1.17924,1.1808,1.17904,1.18065,12746
EUR_USD,H1,2026-02-02T17:00:00.000000000Z,1.18066,1.18125,1.17949,1.18,10070
EUR_USD,H1,2026-02-02T18:00:00.000000000Z,1.18002,1.18013,1.17777,1.17796,9007
EUR_USD,H1,2026-02-02T19:00:00.000000000Z,1.17798,1.17915,1.1776,1.17888,6959
EUR_USD,H1,2026-02-02T20:00:00.000000000Z,1.17888,1.17922,1.17804,1.17914,5515
EUR_USD,H1,2026-02-02T21:00:00.000000000Z,1.17915,1.17946,1.17887,1.17904,2286
EUR_USD,H1,2026-02-02T22:00:00.000000000Z,1.1788,1.17932,1.1788,1.17902,3030
EUR_USD,H1,2026-02-02T23:00:00.000000000Z,1.179,1.1799,1.17874,1.1799,2141
EUR_USD,H1,2026-02-03T00:00:00.000000000Z,1.1799,1.18071,1.17982,1.18064,4311
EUR_USD,H1,2026-02-03T01:00:00.000000000Z,1.18066,1.18149,1.18016,1.1814,5508
EUR_USD,H1,2026-02-03T02:00:00.000000000Z,1.18139,1.18144,1.18008,1.18016,3895
EUR_USD,H1,2026-02-03T03:00:00.000000000Z,1.18016,1.18128,1.1801,1.18095,5351
EUR_USD,H1,2026-02-03T04:00:00.000000000Z,1.18094,1.18168,1.18088,1.18094,3499
EUR_USD,H1,2026-02-03T05:00:00.000000000Z,1.18093,1.18132,1.18049,1.18088,3433
EUR_USD,H1,2026-02-03T06:00:00.000000000Z,1.1809,1.18164,1.18078,1.18138,4056
EUR_USD,H1,2026-02-03T07:00:00.000000000Z,1.18137,1.18244,1.181,1.18152,7854
EUR_USD,H1,2026-02-03T08:00:00.000000000Z,1.18152,1.18196,1.18038,1.18129,8523
EUR_USD,H1,2026-02-03T09:00:00.000000000Z,1.1813,1.18162,1.17921,1.17922,9046
EUR_USD,H1,2026-02-03T10:00:00.000000000Z,1.17922,1.18,1.17868,1.17871,5917
EUR_USD,H1,2026-02-03T11:00:00.000000000Z,1.17872,1.1795,1.17826,1.17872,6318
EUR_USD,H1,2026-02-03T12:00:00.000000000Z,1.17872,1.18002,1.17868,1.17966,6387
EUR_USD,H1,2026-02-03T13:00:00.000000000Z,1.17966,1.18068,1.17926,1.17961,8804
EUR_USD,H1,2026-02-03T14:00:00.000000000Z,1.17961,1.18014,1.178,1.17911,11286
EUR_USD,H1,2026-02-03T15:00:00.000000000Z,1.1791,1.18137,1.17862,1.1813,12778
EUR_USD,H1,2026-02-03T16:00:00.000000000Z,1.18131,1.18214,1.18104,1.18178,9360
EUR_USD,H1,2026-02-03T17:00:00.000000000Z,1.18178,1.18292,1.18138,1.18162,9354
EUR_USD,H1,2026-02-03T18:00:00.000000000Z,1.18162,1.18224,1.1809,1.1809,7660
EUR_USD,H1,2026-02-03T19:00:00.000000000Z,1.1809,1.18172,1.18058,1.18135,6480
EUR_USD,H1,2026-02-03T20:00:00.000000000Z,1.18136,1.1822,1.18095,1.18212,4559
EUR_USD,H1,2026-02-03T21:00:00.000000000Z,1.1821,1.18254,1.1818,1.1818,2201
EUR_USD,H1,2026-02-03T22:00:00.000000000Z,1.18182,1.18208,1.18158,1.18182,2487
EUR_USD,H1,2026-02-03T23:00:00.000000000Z,1.18181,1.18206,1.18122,1.18157,1392
EUR_USD,H1,2026-02-04T00:00:00.000000000Z,1.18154,1.18174,1.18088,1.18144,4069
EUR_USD,H1,2026-02-04T01:00:00.000000000Z,1.18144,1.1832,1.18124,1.1826,7043
EUR_USD,H1,2026-02-04T02:00:00.000000000Z,1.18261,1.18318,1.1819,1.18222,4414
EUR_USD,H1,2026-02-04T03:00:00.000000000Z,1.18223,1.18281,1.18208,1.18272,3276
EUR_USD,H1,2026-02-04T04:00:00.000000000Z,1.1827,1.1836,1.18254,1.18355,2654
EUR_USD,H1,2026-02-04T05:00:00.000000000Z,1.18356,1.18362,1.18308,1.1833,2729
EUR_USD,H1,2026-02-04T06:00:00.000000000Z,1.18332,1.18362,1.18288,1.18298,4186
EUR_USD,H1,2026-02-04T07:00:00.000000000Z,1.183,1.1834,1.1824,1.18321,6144
EUR_USD,H1,2026-02-04T08:00:00.000000000Z,1.1832,1.1838,1.18238,1.18288,7930
EUR_USD,H1,2026-02-04T09:00:00.000000000Z,1.18288,1.18326,1.18112,1.18136,6723
EUR_USD,H1,2026-02-04T10:00:00.000000000Z,1.18136,1.18179,1.18048,1.18134,5758
EUR_USD,H1,2026-02-04T11:00:00.000000000Z,1.18135,1.18155,1.18058,1.18103,5854
EUR_USD,H1,2026-02-04T12:00:00.000000000Z,1.18102,1.1825,1.18097,1.18216,5203
EUR_USD,H1,2026-02-04T13:00:00.000000000Z,1.18217,1.18273,1.18113,1.18226,10134
EUR_USD,H1,2026-02-04T14:00:00.000000000Z,1.18226,1.18258,1.18026,1.1815,13065
EUR_USD,H1,2026-02-04T15:00:00.000000000Z,1.18148,1.18222,1.17934,1.17963,14564
EUR_USD,H1,2026-02-04T16:00:00.000000000Z,1.17964,1.18058,1.17906,1.18026,11435
EUR_USD,H1,2026-02-04T17:00:00.000000000Z,1.18027,1.1815,1.17941,1.17978,11445
EUR_USD,H1,2026-02-04T18:00:00.000000000Z,1.17976,1.18017,1.17948,1.18009,7411
EUR_USD,H1,2026-02-04T19:00:00.000000000Z,1.1801,1.18096,1.17947,1.18092,8075
EUR_USD,H1,2026-02-04T20:00:00.000000000Z,1.18091,1.18098,1.18016,1.18037,3568
EUR_USD,H1,2026-02-04T21:00:00.000000000Z,1.18038,1.1808,1.18024,1.18055,2412
EUR_USD,H1,2026-02-04T22:00:00.000000000Z,1.18058,1.18077,1.18047,1.18066,683
EUR_USD,H1,2026-02-04T23:00:00.000000000Z,1.18067,1.1808,1.18002,1.18016,1553
EUR_USD,H1,2026-02-05T00:00:00.000000000Z,1.18016,1.18047,1.17995,1.18044,2999
EUR_USD,H1,2026-02-05T01:00:00.000000000Z,1.18045,1.18084,1.1802,1.18038,4609
EUR_USD,H1,2026-02-05T02:00:00.000000000Z,1.18039,1.18054,1.17847,1.17856,7627
EUR_USD,H1,2026-02-05T03:00:00.000000000Z,1.17857,1.17911,1.17828,1.17894,5915
EUR_USD,H1,2026-02-05T04:00:00.000000000Z,1.17894,1.17911,1.17866,1.17876,3212
EUR_USD,H1,2026-02-05T05:00:00.000000000Z,1.17877,1.17904,1.17844,1.17901,3051
EUR_USD,H1,2026-02-05T06:00:00.000000000Z,1.17902,1.17918,1.17847,1.17906,4860
EUR_USD,H1,2026-02-05T07:00:00.000000000Z,1.17906,1.18036,1.17905,1.1799,6894
EUR_USD,H1,2026-02-05T08:00:00.000000000Z,1.17988,1.18088,1.17954,1.1803,8547
EUR_USD,H1,2026-02-05T09:00:00.000000000Z,1.1803,1.1803,1.17804,1.17808,7724
EUR_USD,H1,2026-02-05T10:00:00.000000000Z,1.17808,1.17919,1.17804,1.17878,4801
EUR_USD,H1,2026-02-05T11:00:00.000000000Z,1.17878,1.17954,1.17862,1.17938,4506
EUR_USD,H1,2026-02-05T12:00:00.000000000Z,1.17939,1.18036,1.17854,1.17996,14339
EUR_USD,H1,2026-02-05T13:00:00.000000000Z,1.17996,1.18155,1.17912,1.18118,16656
EUR_USD,H1,2026-02-05T14:00:00.000000000Z,1.18117,1.18218,1.17956,1.1798,18664
EUR_USD,H1,2026-02-05T15:00:00.000000000Z,1.17981,1.18118,1.1782,1.17913,19480
EUR_USD,H1,2026-02-05T16:00:00.000000000Z,1.17916,1.18036,1.17852,1.18014,11178
EUR_USD,H1,2026-02-05T17:00:00.000000000Z,1.18013,1.18043,1.1796,1.18009,7407
EUR_USD,H1,2026-02-05T18:00:00.000000000Z,1.18011,1.18029,1.1792,1.17935,4807
EUR_USD,H1,2026-02-05T19:00:00.000000000Z,1.17934,1.17974,1.17926,1.17942,3948
EUR_USD,H1,2026-02-05T20:00:00.000000000Z,1.17942,1.17948,1.17798,1.17809,4568
EUR_USD,H1,2026-02-05T21:00:00.000000000Z,1.17807,1.17843,1.1775,1.17792,3223
EUR_USD,H1,2026-02-05T22:00:00.000000000Z,1.17776,1.17826,1.17776,1.17812,1158
EUR_USD,H1,2026-02-05T23:00:00.000000000Z,1.17818,1.17818,1.17751,1.17765,2316
EUR_USD,H1,2026-02-06T00:00:00.000000000Z,1.17766,1.17834,1.17656,1.1783,6154
EUR_USD,H1,2026-02-06T01:00:00.000000000Z,1.1783,1.17884,1.17787,1.17854,6694
EUR_USD,H1,2026-02-06T02:00:00.000000000Z,1.17853,1.17918,1.17846,1.17876,4194
EUR_USD,H1,2026-02-06T03:00:00.000000000Z,1.17877,1.17906,1.17858,1.17876,2747
EUR_USD,H1,2026-02-06T04:00:00.000000000Z,1.17878,1.17964,1.17873,1.17954,2241
EUR_USD,H1,2026-02-06T05:00:00.000000000Z,1.17954,1.18014,1.17948,1.17984,3087
EUR_USD,H1,2026-02-06T06:00:00.000000000Z,1.17983,1.1802,1.17944,1.17972,4612
EUR_USD,H1,2026-02-06T07:00:00.000000000Z,1.17972,1.17978,1.17887,1.17914,5213
EUR_USD,H1,2026-02-06T08:00:00.000000000Z,1.17914,1.17958,1.17858,1.17924,7177
EUR_USD,H1,2026-02-06T09:00:00.000000000Z,1.17922,1.17983,1.17901,1.1792,6118
EUR_USD,H1,2026-02-06T10:00:00.000000000Z,1.1792,1.17998,1.17899,1.17922,4417
EUR_USD,H1,2026-02-06T11:00:00.000000000Z,1.1792,1.17934,1.17857,1.17902,4880
EUR_USD,H1,2026-02-06T12:00:00.000000000Z,1.17902,1.17932,1.17884,1.17928,4240
EUR_USD,H1,2026-02-06T13:00:00.000000000Z,1.17927,1.18112,1.17924,1.18104,6420
EUR_USD,H1,2026-02-06T14:00:00.000000000Z,1.18104,1.18262,1.181,1.18211,8993
EUR_USD,H1,2026-02-06T15:00:00.000000000Z,1.18209,1.1824,1.18052,1.18193,10310
EUR_USD,H1,2026-02-06T16:00:00.000000000Z,1.18192,1.18218,1.18101,1.18122,7459
EUR_USD,H1,2026-02-06T17:00:00.000000000Z,1.18121,1.18208,1.18104,1.1818,4677
EUR_USD,H1,2026-02-06T18:00:00.000000000Z,1.1818,1.18228,1.18174,1.18191,3306
EUR_USD,H1,2026-02-06T19:00:00.000000000Z,1.1819,1.18214,1.18146,1.18194,2964
EUR_USD,H1,2026-02-06T20:00:00.000000000Z,1.18195,1.18229,1.18184,1.18222,2336
EUR_USD,H1,2026-02-06T21:00:00.000000000Z,1.18222,1.18241,1.18134,1.18168,1859
EUR_USD,H1,2026-02-08T22:00:00.000000000Z,1.18126,1.18167,1.18126,1.18164,778
EUR_USD,H1,2026-02-08T23:00:00.000000000Z,1.18162,1.18278,1.18097,1.18268,4764
EUR_USD,H1,2026-02-09T00:00:00.000000000Z,1.18268,1.18337,1.1824,1.18308,6712
EUR_USD,H1,2026-02-09T01:00:00.000000000Z,1.18308,1.18336,1.18248,1.18256,6129
EUR_USD,H1,2026-02-09T02:00:00.000000000Z,1.18254,1.18258,1.18161,1.18198,4090
EUR_USD,H1,2026-02-09T03:00:00.000000000Z,1.18196,1.18251,1.18186,1.1819,2696
EUR_USD,H1,2026-02-09T04:00:00.000000000Z,1.18191,1.18269,1.1819,1.18266,2031
EUR_USD,H1,2026-02-09T05:00:00.000000000Z,1.18266,1.18363,1.18258,1.18334,2221
EUR_USD,H1,2026-02-09T06:00:00.000000000Z,1.18334,1.18578,1.18332,1.1852,8984
EUR_USD,H1,2026-02-09T07:00:00.000000000Z,1.18518,1.186,1.1847,1.18559,7804
EUR_USD,H1,2026-02-09T08:00:00.000000000Z,1.18558,1.18649,1.18516,1.18644,8170
EUR_USD,H1,2026-02-09T09:00:00.000000000Z,1.18644,1.18698,1.18602,1.18622,5975
EUR_USD,H1,2026-02-09T10:00:00.000000000Z,1.18622,1.18698,1.18552,1.186,7369
EUR_USD,H1,2026-02-09T11:00:00.000000000Z,1.18599,1.18721,1.18558,1.18693,7413
EUR_USD,H1,2026-02-09T12:00:00.000000000Z,1.18692,1.1883,1.18692,1.18814,6846
EUR_USD,H1,2026-02-09T13:00:00.000000000Z,1.18815,1.19058,1.18815,1.19037,11803
EUR_USD,H1,2026-02-09T14:00:00.000000000Z,1.19038,1.19185,1.19028,1.19184,13497
EUR_USD,H1,2026-02-09T15:00:00.000000000Z,1.19186,1.19268,1.19034,1.19121,11523
EUR_USD,H1,2026-02-09T16:00:00.000000000Z,1.19122,1.19176,1.1893,1.18974,7793
EUR_USD,H1,2026-02-09T17:00:00.000000000Z,1.18974,1.19109,1.18973,1.19086,4773
EUR_USD,H1,2026-02-09T18:00:00.000000000Z,1.19086,1.19174,1.19037,1.19159,5447
EUR_USD,H1,2026-02-09T19:00:00.000000000Z,1.1916,1.19224,1.19124,1.19204,4862
EUR_USD,H1,2026-02-09T20:00:00.000000000Z,1.19202,1.19212,1.19141,1.19147,3796
EUR_USD,H1,2026-02-09T21:00:00.000000000Z,1.19146,1.1916,1.19104,1.19151,2056
EUR_USD,H1,2026-02-09T22:00:00.000000000Z,1.19118,1.19156,1.19117,1.19128,790
EUR_USD,H1,2026-02-09T23:00:00.000000000Z,1.19135,1.19146,1.19016,1.19038,1606
EUR_USD,H1,2026-02-10T00:00:00.000000000Z,1.19038,1.19057,1.18985,1.19018,3164
EUR_USD,H1,2026-02-10T01:00:00.000000000Z,1.19018,1.19105,1.18967,1.19058,4166
EUR_USD,H1,2026-02-10T02:00:00.000000000Z,1.19057,1.19144,1.19057,1.19137,3613
EUR_USD,H1,2026-02-10T03:00:00.000000000Z,1.19138,1.19171,1.191,1.19116,3650
EUR_USD,H1,2026-02-10T04:00:00.000000000Z,1.19116,1.19129,1.1906,1.1907,2187
EUR_USD,H1,2026-02-10T05:00:00.000000000Z,1.1907,1.19106,1.19038,1.19073,2666
EUR_USD,H1,2026-02-10T06:00:00.000000000Z,1.19072,1.19132,1.19012,1.19031,4023
EUR_USD,H1,2026-02-10T07:00:00.000000000Z,1.19032,1.19105,1.18994,1.19088,5765
EUR_USD,H1,2026-02-10T08:00:00.000000000Z,1.19087,1.19152,1.18998,1.19092,7080
EUR_USD,H1,2026-02-10T09:00:00.000000000Z,1.1909,1.192,1.19082,1.19145,5634
EUR_USD,H1,2026-02-10T10:00:00.000000000Z,1.19146,1.19176,1.19092,1.191,4617
EUR_USD,H1,2026-02-10T11:00:00.000000000Z,1.191,1.19106,1.19008,1.19039,3861
EUR_USD,H1,2026-02-10T12:00:00.000000000Z,1.1904,1.19086,1.18911,1.1893,7153
EUR_USD,H1,2026-02-10T13:00:00.000000000Z,1.18928,1.19136,1.18884,1.19055,10963
EUR_USD,H1,2026-02-10T14:00:00.000000000Z,1.19056,1.19288,1.19029,1.19148,12112
EUR_USD,H1,2026-02-10T15:00:00.000000000Z,1.19145,1.19192,1.18965,1.19139,13697
EUR_USD,H1,2026-02-10T16:00:00.000000000Z,1.1914,1.1915,1.18966,1.18978,9182
EUR_USD,H1,2026-02-10T17:00:00.000000000Z,1.18978,1.19054,1.18933,1.18958,5713
EUR_USD,H1,2026-02-10T18:00:00.000000000Z,1.18958,1.18982,1.18904,1.18924,4554
EUR_USD,H1,2026-02-10T19:00:00.000000000Z,1.18922,1.19024,1.18868,1.19024,3906
EUR_USD,H1,2026-02-10T20:00:00.000000000Z,1.19023,1.19035,1.18946,1.18951,3132
EUR_USD,H1,2026-02-10T21:00:00.000000000Z,1.18952,1.18967,1.18926,1.18949,1712
EUR_USD,H1,2026-02-10T22:00:00.000000000Z,1.18951,1.18977,1.1891,1.18912,2112
EUR_USD,H1,2026-02-10T23:00:00.000000000Z,1.18914,1.18923,1.18868,1.18878,1215
EUR_USD,H1,2026-02-11T00:00:00.000000000Z,1.18878,1.19004,1.18864,1.1897,3987
EUR_USD,H1,2026-02-11T01:00:00.000000000Z,1.18968,1.19021,1.18939,1.18978,4172
EUR_USD,H1,2026-02-11T02:00:00.000000000Z,1.1898,1.19129,1.18978,1.19084,4420
EUR_USD,H1,2026-02-11T03:00:00.000000000Z,1.19085,1.19138,1.19036,1.19116,2974
EUR_USD,H1,2026-02-11T04:00:00.000000000Z,1.19114,1.19152,1.19076,1.19082,2541
EUR_USD,H1,2026-02-11T05:00:00.000000000Z,1.1908,1.19193,1.19069,1.19185,3343
EUR_USD,H1,2026-02-11T06:00:00.000000000Z,1.19184,1.19258,1.19126,1.19152,4414
EUR_USD,H1,2026-02-11T07:00:00.000000000Z,1.1915,1.19183,1.19104,1.1918,5853
EUR_USD,H1,2026-02-11T08:00:00.000000000Z,1.19178,1.192,1.19132,1.19184,5924
EUR_USD,H1,2026-02-11T09:00:00.000000000Z,1.19186,1.19198,1.19101,1.19181,5512
EUR_USD,H1,2026-02-11T10:00:00.000000000Z,1.1918,1.19274,1.19162,1.19219,4711
EUR_USD,H1,2026-02-11T11:00:00.000000000Z,1.19218,1.19218,1.1905,1.19082,4734
EUR_USD,H1,2026-02-11T12:00:00.000000000Z,1.19083,1.19093,1.18985,1.19004,6047
EUR_USD,H1,2026-02-11T13:00:00.000000000Z,1.19004,1.19044,1.18332,1.1862,30751
EUR_USD,H1,2026-02-11T14:00:00.000000000Z,1.18621,1.18826,1.18526,1.18604,21856
EUR_USD,H1,2026-02-11T15:00:00.000000000Z,1.18604,1.18718,1.18511,1.18593,17356
EUR_USD,H1,2026-02-11T16:00:00.000000000Z,1.18592,1.18834,1.18531,1.1883,10534
EUR_USD,H1,2026-02-11T17:00:00.000000000Z,1.18828,1.18937,1.18774,1.18858,7794
EUR_USD,H1,2026-02-11T18:00:00.000000000Z,1.18858,1.18908,1.18788,1.18822,5583
EUR_USD,H1,2026-02-11T19:00:00.000000000Z,1.18822,1.18846,1.18778,1.18798,4868
EUR_USD,H1,2026-02-11T20:00:00.000000000Z,1.18798,1.18811,1.187,1.18708,3130
EUR_USD,H1,2026-02-11T21:00:00.000000000Z,1.18708,1.18746,1.18687,1.18714,1904
EUR_USD,H1,2026-02-11T22:00:00.000000000Z,1.18724,1.18759,1.18712,1.18746,759
EUR_USD,H1,2026-02-11T23:00:00.000000000Z,1.18742,1.18762,1.187,1.18748,1532
EUR_USD,H1,2026-02-12T00:00:00.000000000Z,1.18748,1.18783,1.18669,1.18768,4041
EUR_USD,H1,2026-02-12T01:00:00.000000000Z,1.18766,1.18826,1.18736,1.18809,5466
EUR_USD,H1,2026-02-12T02:00:00.000000000Z,1.18808,1.18848,1.18751,1.1879,3997
EUR_USD,H1,2026-02-12T03:00:00.000000000Z,1.18789,1.18812,1.18655,1.18697,3721
EUR_USD,H1,2026-02-12T04:00:00.000000000Z,1.18696,1.18728,1.18603,1.1862,2691
EUR_USD,H1,2026-02-12T05:00:00.000000000Z,1.18623,1.18658,1.18584,1.18648,3585
EUR_USD,H1,2026-02-12T06:00:00.000000000Z,1.18647,1.18678,1.18524,1.18606,7245
EUR_USD,H1,2026-02-12T07:00:00.000000000Z,1.18606,1.18753,1.18594,1.1873,5826
EUR_USD,H1,2026-02-12T08:00:00.000000000Z,1.18732,1.1881,1.18714,1.188,6766
EUR_USD,H1,2026-02-12T09:00:00.000000000Z,1.18801,1.1888,1.18796,1.18872,5899
EUR_USD,H1,2026-02-12T10:00:00.000000000Z,1.18873,1.18875,1.18748,1.18772,4798
EUR_USD,H1,2026-02-12T11:00:00.000000000Z,1.18774,1.18847,1.18752,1.18846,4001
EUR_USD,H1,2026-02-12T12:00:00.000000000Z,1.18846,1.18862,1.1867,1.18732,6358
EUR_USD,H1,2026-02-12T13:00:00.000000000Z,1.18732,1.18853,1.18714,1.1885,8061
EUR_USD,H1,2026-02-12T14:00:00.000000000Z,1.1885,1.18878,1.18746,1.18834,11001
EUR_USD,H1,2026-02-12T15:00:00.000000000Z,1.18833,1.18886,1.18783,1.18858,10083
EUR_USD,H1,2026-02-12T16:00:00.000000000Z,1.1886,1.189,1.1862,1.18705,19583
EUR_USD,H1,2026-02-12T17:00:00.000000000Z,1.18706,1.18771,1.186,1.18654,11374
EUR_USD,H1,2026-02-12T18:00:00.000000000Z,1.18654,1.18696,1.18562,1.18635,8533
EUR_USD,H1,2026-02-12T19:00:00.000000000Z,1.18636,1.18718,1.18608,1.187,5927
EUR_USD,H1,2026-02-12T20:00:00.000000000Z,1.18698,1.18706,1.18637,1.18698,3761
EUR_USD,H1,2026-02-12T21:00:00.000000000Z,1.18699,1.18728,1.18686,1.18712,1890
EUR_USD,H1,2026-02-12T22:00:00.000000000Z,1.18681,1.18726,1.18678,1.18722,372
EUR_USD,H1,2026-02-12T23:00:00.000000000Z,1.18732,1.18732,1.1867,1.18692,1386
EUR_USD,H1,2026-02-13T00:00:00.000000000Z,1.1869,1.18726,1.18666,1.18724,3808
EUR_USD,H1,2026-02-13T01:00:00.000000000Z,1.18722,1.18736,1.18632,1.18672,4495
EUR_USD,H1,2026-02-13T02:00:00.000000000Z,1.18673,1.18712,1.18628,1.18692,2841
EUR_USD,H1,2026-02-13T03:00:00.000000000Z,1.18694,1.18702,1.18657,1.1867,2159
EUR_USD,H1,2026-02-13T04:00:00.000000000Z,1.1867,1.18678,1.18601,1.18632,2249
EUR_USD,H1,2026-02-13T05:00:00.000000000Z,1.18633,1.18648,1.18579,1.18594,3469
EUR_USD,H1,2026-02-13T06:00:00.000000000Z,1.18593,1.18617,1.18534,1.18561,4597
EUR_USD,H1,2026-02-13T07:00:00.000000000Z,1.1856,1.186,1.18471,1.18587,6151
EUR_USD,H1,2026-02-13T08:00:00.000000000Z,1.18584,1.1863,1.18561,1.18626,5816
EUR_USD,H1,2026-02-13T09:00:00.000000000Z,1.18626,1.18666,1.18604,1.18606,4532
EUR_USD,H1,2026-02-13T10:00:00.000000000Z,1.18606,1.1861,1.18529,1.18574,4570
EUR_USD,H1,2026-02-13T11:00:00.000000000Z,1.18574,1.18614,1.1855,1.18587,5157
EUR_USD,H1,2026-02-13T12:00:00.000000000Z,1.18588,1.18638,1.18554,1.18618,5158
EUR_USD,H1,2026-02-13T13:00:00.000000000Z,1.18619,1.18846,1.18568,1.18743,16825
EUR_USD,H1,2026-02-13T14:00:00.000000000Z,1.18742,1.18748,1.18571,1.18592,14356
EUR_USD,H1,2026-02-13T15:00:00.000000000Z,1.18594,1.1871,1.18476,1.18483,11581
EUR_USD,H1,2026-02-13T16:00:00.000000000Z,1.18486,1.18746,1.18485,1.18688,8659
EUR_USD,H1,2026-02-13T17:00:00.000000000Z,1.1869,1.18828,1.18684,1.18749,5846
EUR_USD,H1,2026-02-13T18:00:00.000000000Z,1.1875,1.18806,1.18724,1.18737,4394
EUR_USD,H1,2026-02-13T19:00:00.000000000Z,1.18736,1.18751,1.18662,1.18666,3711
EUR_USD,H1,2026-02-13T20:00:00.000000000Z,1.18666,1.18748,1.18645,1.18745,3718
EUR_USD,H1,2026-02-13T21:00:00.000000000Z,1.18744,1.18767,1.18672,1.18678,2531
EUR_USD,H1,2026-02-15T22:00:00.000000000Z,1.18709,1.18728,1.18698,1.18708,393
EUR_USD,H1,2026-02-15T23:00:00.000000000Z,1.18702,1.18712,1.18632,1.1867,2183
EUR_USD,H1,2026-02-16T00:00:00.000000000Z,1.1867,1.18672,1.18608,1.18614,3354
EUR_USD,H1,2026-02-16T01:00:00.000000000Z,1.18612,1.18664,1.1859,1.18654,3738
EUR_USD,H1,2026-02-16T02:00:00.000000000Z,1.18654,1.18672,1.18618,1.18654,3250
EUR_USD,H1,2026-02-16T03:00:00.000000000Z,1.18656,1.1869,1.18638,1.18673,2010
EUR_USD,H1,2026-02-16T04:00:00.000000000Z,1.18674,1.18681,1.18612,1.18624,1958
EUR_USD,H1,2026-02-16T05:00:00.000000000Z,1.18624,1.18665,1.1861,1.1865,1757
EUR_USD,H1,2026-02-16T06:00:00.000000000Z,1.18648,1.18703,1.18639,1.18664,2039
EUR_USD,H1,2026-02-16T07:00:00.000000000Z,1.18662,1.18665,1.18604,1.18627,3274
EUR_USD,H1,2026-02-16T08:00:00.000000000Z,1.18629,1.18706,1.18566,1.18652,6529
EUR_USD,H1,2026-02-16T09:00:00.000000000Z,1.18652,1.18694,1.18622,1.18645,4739
EUR_USD,H1,2026-02-16T10:00:00.000000000Z,1.18643,1.18678,1.1862,1.18671,3606
EUR_USD,H1,2026-02-16T11:00:00.000000000Z,1.1867,1.18673,1.186,1.18614,3117
EUR_USD,H1,2026-02-16T12:00:00.000000000Z,1.18614,1.18631,1.18501,1.18532,3342
EUR_USD,H1,2026-02-16T13:00:00.000000000Z,1.18532,1.18577,1.18492,1.18548,3780
EUR_USD,H1,2026-02-16T14:00:00.000000000Z,1.18547,1.18636,1.18532,1.18563,4139
EUR_USD,H1,2026-02-16T15:00:00.000000000Z,1.18564,1.1857,1.18505,1.18539,3774
EUR_USD,H1,2026-02-16T16:00:00.000000000Z,1.1854,1.18568,1.18464,1.18519,3489
EUR_USD,H1,2026-02-16T17:00:00.000000000Z,1.1852,1.18536,1.18464,1.18482,1619
EUR_USD,H1,2026-02-16T18:00:00.000000000Z,1.18484,1.18512,1.18483,1.18496,829
EUR_USD,H1,2026-02-16T19:00:00.000000000Z,1.18497,1.18542,1.18491,1.18542,709
EUR_USD,H1,2026-02-16T20:00:00.000000000Z,1.1854,1.18552,1.18526,1.18536,557
EUR_USD,H1,2026-02-16T21:00:00.000000000Z,1.18537,1.18543,1.18504,1.18511,658
EUR_USD,H1,2026-02-16T22:00:00.000000000Z,1.18507,1.18522,1.18506,1.18506,312
EUR_USD,H1,2026-02-16T23:00:00.000000000Z,1.18509,1.1852,1.18467,1.18506,1166
EUR_USD,H1,2026-02-17T00:00:00.000000000Z,1.18507,1.1852,1.18422,1.18438,3900
EUR_USD,H1,2026-02-17T01:00:00.000000000Z,1.18438,1.18448,1.18408,1.18444,4046
EUR_USD,H1,2026-02-17T02:00:00.000000000Z,1.18443,1.18474,1.18405,1.18422,3148
EUR_USD,H1,2026-02-17T03:00:00.000000000Z,1.18422,1.18424,1.18382,1.18417,2533
EUR_USD,H1,2026-02-17T04:00:00.000000000Z,1.18416,1.18424,1.18394,1.1841,2232
EUR_USD,H1,2026-02-17T05:00:00.000000000Z,1.1841,1.1842,1.18357,1.18416,3351
EUR_USD,H1,2026-02-17T06:00:00.000000000Z,1.18416,1.18458,1.18416,1.18442,3210
EUR_USD,H1,2026-02-17T07:00:00.000000000Z,1.18442,1.18448,1.18286,1.18328,5909
EUR_USD,H1,2026-02-17T08:00:00.000000000Z,1.18328,1.1844,1.183,1.1841,6413
EUR_USD,H1,2026-02-17T09:00:00.000000000Z,1.1841,1.18499,1.18398,1.18466,4475
EUR_USD,H1,2026-02-17T10:00:00.000000000Z,1.18462,1.18472,1.18413,1.18428,4665
EUR_USD,H1,2026-02-17T11:00:00.000000000Z,1.18428,1.18444,1.18242,1.1831,4367
EUR_USD,H1,2026-02-17T12:00:00.000000000Z,1.18309,1.18358,1.1827,1.18278,5849
EUR_USD,H1,2026-02-17T13:00:00.000000000Z,1.18277,1.18304,1.18158,1.18222,9505
EUR_USD,H1,2026-02-17T14:00:00.000000000Z,1.18223,1.18282,1.18164,1.18239,11219
EUR_USD,H1,2026-02-17T15:00:00.000000000Z,1.1824,1.18241,1.1805,1.18108,10708
EUR_USD,H1,2026-02-17T16:00:00.000000000Z,1.18108,1.18354,1.18108,1.18308,9664
EUR_USD,H1,2026-02-17T17:00:00.000000000Z,1.18307,1.18424,1.18294,1.18394,8124
EUR_USD,H1,2026-02-17T18:00:00.000000000Z,1.18398,1.18532,1.18388,1.18482,5620
EUR_USD,H1,2026-02-17T19:00:00.000000000Z,1.18483,1.18506,1.18433,1.18481,3535
EUR_USD,H1,2026-02-17T20:00:00.000000000Z,1.1848,1.18528,1.1847,1.1851,2933
EUR_USD,H1,2026-02-17T21:00:00.000000000Z,1.18512,1.18547,1.18499,1.18536,1333
EUR_USD,H1,2026-02-17T22:00:00.000000000Z,1.18529,1.18536,1.18516,1.18524,787
EUR_USD,H1,2026-02-17T23:00:00.000000000Z,1.18525,1.18578,1.18506,1.18508,1456
EUR_USD,H1,2026-02-18T00:00:00.000000000Z,1.1851,1.18538,1.1847,1.18474,3542
EUR_USD,H1,2026-02-18T01:00:00.000000000Z,1.18473,1.18478,1.18426,1.18463,2820
EUR_USD,H1,2026-02-18T02:00:00.000000000Z,1.18464,1.18474,1.18416,1.18447,2719
EUR_USD,H1,2026-02-18T03:00:00.000000000Z,1.18447,1.18468,1.18411,1.18414,2005
EUR_USD,H1,2026-02-18T04:00:00.000000000Z,1.18413,1.18438,1.18394,1.18418,1753
EUR_USD,H1,2026-02-18T05:00:00.000000000Z,1.18419,1.1846,1.18418,1.18458,1508
EUR_USD,H1,2026-02-18T06:00:00.000000000Z,1.18458,1.18464,1.18404,1.18448,2472
EUR_USD,H1,2026-02-18T07:00:00.000000000Z,1.18446,1.18464,1.1833,1.18348,4659
EUR_USD,H1,2026-02-18T08:00:00.000000000Z,1.18348,1.18381,1.18286,1.18312,5854
EUR_USD,H1,2026-02-18T09:00:00.000000000Z,1.1831,1.18386,1.18285,1.18361,4709
EUR_USD,H1,2026-02-18T10:00:00.000000000Z,1.18362,1.18408,1.18309,1.18322,3850
EUR_USD,H1,2026-02-18T11:00:00.000000000Z,1.18322,1.1838,1.18306,1.18347,3020
EUR_USD,H1,2026-02-18T12:00:00.000000000Z,1.18348,1.18472,1.18335,1.18398,4776
EUR_USD,H1,2026-02-18T13:00:00.000000000Z,1.184,1.18486,1.18236,1.18238,6319
EUR_USD,H1,2026-02-18T14:00:00.000000000Z,1.18238,1.18278,1.18122,1.18154,9651
EUR_USD,H1,2026-02-18T15:00:00.000000000Z,1.18155,1.18268,1.18136,1.18227,8276
EUR_USD,H1,2026-02-18T16:00:00.000000000Z,1.18226,1.18262,1.18094,1.18096,6141
EUR_USD,H1,2026-02-18T17:00:00.000000000Z,1.18097,1.18142,1.18022,1.1806,4871
EUR_USD,H1,2026-02-18T18:00:00.000000000Z,1.18061,1.18074,1.17875,1.17906,5635
EUR_USD,H1,2026-02-18T19:00:00.000000000Z,1.17906,1.17954,1.17837,1.17874,7727
EUR_USD,H1,2026-02-18T20:00:00.000000000Z,1.17874,1.17904,1.1782,1.17836,3438
EUR_USD,H1,2026-02-18T21:00:00.000000000Z,1.17836,1.17874,1.17825,1.17838,1784
EUR_USD,H1,2026-02-18T22:00:00.000000000Z,1.17845,1.17878,1.17842,1.17864,300
EUR_USD,H1,2026-02-18T23:00:00.000000000Z,1.17864,1.17898,1.17858,1.17886,1192
EUR_USD,H1,2026-02-19T00:00:00.000000000Z,1.17888,1.17918,1.17855,1.17903,2847
EUR_USD,H1,2026-02-19T01:00:00.000000000Z,1.17902,1.17952,1.17898,1.17946,3307
EUR_USD,H1,2026-02-19T02:00:00.000000000Z,1.17946,1.17957,1.17906,1.1791,2862
EUR_USD,H1,2026-02-19T03:00:00.000000000Z,1.17911,1.1793,1.17878,1.17908,2517
EUR_USD,H1,2026-02-19T04:00:00.000000000Z,1.17908,1.17918,1.17848,1.17894,2682
EUR_USD,H1,2026-02-19T05:00:00.000000000Z,1.17894,1.17928,1.17866,1.17916,2714
EUR_USD,H1,2026-02-19T06:00:00.000000000Z,1.17916,1.1801,1.179,1.17983,3231
EUR_USD,H1,2026-02-19T07:00:00.000000000Z,1.17982,1.18036,1.17928,1.18006,4057
EUR_USD,H1,2026-02-19T08:00:00.000000000Z,1.18008,1.18052,1.17974,1.18014,5352
EUR_USD,H1,2026-02-19T09:00:00.000000000Z,1.18014,1.18077,1.17986,1.18,4835
EUR_USD,H1,2026-02-19T10:00:00.000000000Z,1.18,1.18032,1.17873,1.17892,5509
EUR_USD,H1,2026-02-19T11:00:00.000000000Z,1.17892,1.17904,1.17766,1.17807,4724
EUR_USD,H1,2026-02-19T12:00:00.000000000Z,1.17806,1.17808,1.1767,1.17694,5748
EUR_USD,H1,2026-02-19T13:00:00.000000000Z,1.17695,1.177,1.17514,1.17656,9410
EUR_USD,H1,2026-02-19T14:00:00.000000000Z,1.17655,1.17663,1.1742,1.17519,11901
EUR_USD,H1,2026-02-19T15:00:00.000000000Z,1.17517,1.17756,1.17483,1.17632,15492
EUR_USD,H1,2026-02-19T16:00:00.000000000Z,1.17632,1.17706,1.17582,1.17614,8559
EUR_USD,H1,2026-02-19T17:00:00.000000000Z,1.17614,1.1768,1.17562,1.1766,6972
EUR_USD,H1,2026-02-19T18:00:00.000000000Z,1.1766,1.17743,1.17648,1.17685,4403
EUR_USD,H1,2026-02-19T19:00:00.000000000Z,1.17686,1.1772,1.17591,1.17638,5162
EUR_USD,H1,2026-02-19T20:00:00.000000000Z,1.17639,1.17688,1.17633,1.17687,3504
EUR_USD,H1,2026-02-19T21:00:00.000000000Z,1.17688,1.17782,1.17682,1.17716,2566
EUR_USD,H1,2026-02-19T22:00:00.000000000Z,1.17715,1.17746,1.17714,1.17722,406
EUR_USD,H1,2026-02-19T23:00:00.000000000Z,1.1772,1.1776,1.17682,1.17684,1426
EUR_USD,H1,2026-02-20T00:00:00.000000000Z,1.17684,1.17721,1.17668,1.17706,3155
EUR_USD,H1,2026-02-20T01:00:00.000000000Z,1.17704,1.17718,1.17551,1.1759,5650
EUR_USD,H1,2026-02-20T02:00:00.000000000Z,1.1759,1.176,1.17532,1.17546,3958
EUR_USD,H1,2026-02-20T03:00:00.000000000Z,1.17546,1.1759,1.17545,1.17568,1924
EUR_USD,H1,2026-02-20T04:00:00.000000000Z,1.1757,1.17598,1.17524,1.17532,1843
EUR_USD,H1,2026-02-20T05:00:00.000000000Z,1.17532,1.1757,1.17502,1.17554,2485
EUR_USD,H1,2026-02-20T06:00:00.000000000Z,1.17555,1.17568,1.17514,1.17552,3211
EUR_USD,H1,2026-02-20T07:00:00.000000000Z,1.17551,1.17628,1.17496,1.17514,5747
EUR_USD,H1,2026-02-20T08:00:00.000000000Z,1.17512,1.17638,1.17434,1.17608,7568
EUR_USD,H1,2026-02-20T09:00:00.000000000Z,1.17609,1.17682,1.17584,1.17668,5468
EUR_USD,H1,2026-02-20T10:00:00.000000000Z,1.17668,1.17688,1.17572,1.17638,4943
EUR_USD,H1,2026-02-20T11:00:00.000000000Z,1.17637,1.17691,1.176,1.17674,4126
EUR_USD,H1,2026-02-20T12:00:00.000000000Z,1.17674,1.17711,1.17634,1.17657,5025
EUR_USD,H1,2026-02-20T13:00:00.000000000Z,1.17656,1.1783,1.17572,1.17694,11229
EUR_USD,H1,2026-02-20T14:00:00.000000000Z,1.17692,1.17705,1.1756,1.17682,9383
EUR_USD,H1,2026-02-20T15:00:00.000000000Z,1.1768,1.18076,1.17554,1.17882,39715
EUR_USD,H1,2026-02-20T16:00:00.000000000Z,1.17882,1.17983,1.17738,1.178,13063
EUR_USD,H1,2026-02-20T17:00:00.000000000Z,1.178,1.17851,1.17655,1.17802,11265
EUR_USD,H1,2026-02-20T18:00:00.000000000Z,1.17802,1.1799,1.17768,1.17859,15369
EUR_USD,H1,2026-02-20T19:00:00.000000000Z,1.17862,1.17898,1.17786,1.17808,6382
EUR_USD,H1,2026-02-20T20:00:00.000000000Z,1.17808,1.17875,1.17775,1.17862,3865
EUR_USD,H1,2026-02-20T21:00:00.000000000Z,1.17863,1.17916,1.17801,1.17816,2915
EUR_USD,H1,2026-02-22T22:00:00.000000000Z,1.17963,1.17988,1.17931,1.17946,678
EUR_USD,H1,2026-02-22T23:00:00.000000000Z,1.17944,1.18348,1.17938,1.18334,5817
EUR_USD,H1,2026-02-23T00:00:00.000000000Z,1.18334,1.18346,1.18228,1.1831,7778
EUR_USD,H1,2026-02-23T01:00:00.000000000Z,1.1831,1.18336,1.18207,1.18262,8069
EUR_USD,H1,2026-02-23T02:00:00.000000000Z,1.18263,1.18312,1.18234,1.18276,5236
EUR_USD,H1,2026-02-23T03:00:00.000000000Z,1.18277,1.1828,1.18167,1.18235,3180
EUR_USD,H1,2026-02-23T04:00:00.000000000Z,1.18236,1.18242,1.1818,1.18209,2375
EUR_USD,H1,2026-02-23T05:00:00.000000000Z,1.18208,1.18216,1.18151,1.18198,2193
EUR_USD,H1,2026-02-23T06:00:00.000000000Z,1.18196,1.1834,1.18167,1.18244,3836
EUR_USD,H1,2026-02-23T07:00:00.000000000Z,1.18243,1.18278,1.18187,1.18234,5679
EUR_USD,H1,2026-02-23T08:00:00.000000000Z,1.18235,1.18249,1.18072,1.18104,6924
EUR_USD,H1,2026-02-23T09:00:00.000000000Z,1.18104,1.18126,1.18002,1.18008,5049
EUR_USD,H1,2026-02-23T10:00:00.000000000Z,1.18009,1.18014,1.17951,1.17988,4511
EUR_USD,H1,2026-02-23T11:00:00.000000000Z,1.17987,1.1799,1.1781,1.1786,5593
EUR_USD,H1,2026-02-23T12:00:00.000000000Z,1.17857,1.17866,1.17744,1.17819,6056
EUR_USD,H1,2026-02-23T13:00:00.000000000Z,1.17817,1.17978,1.17782,1.17958,7322
EUR_USD,H1,2026-02-23T14:00:00.000000000Z,1.17958,1.18091,1.1794,1.18056,10145
EUR_USD,H1,2026-02-23T15:00:00.000000000Z,1.18056,1.181,1.17922,1.17948,10523
EUR_USD,H1,2026-02-23T16:00:00.000000000Z,1.17946,1.18064,1.17882,1.1804,9466
EUR_USD,H1,2026-02-23T17:00:00.000000000Z,1.1804,1.18089,1.17907,1.17988,5889
EUR_USD,H1,2026-02-23T18:00:00.000000000Z,1.17987,1.1801,1.17948,1.17983,3848
EUR_USD,H1,2026-02-23T19:00:00.000000000Z,1.17982,1.18008,1.17882,1.17916,3730
EUR_USD,H1,2026-02-23T20:00:00.000000000Z,1.17916,1.1794,1.17876,1.1789,3067
EUR_USD,H1,2026-02-23T21:00:00.000000000Z,1.17892,1.17926,1.17843,1.17854,2371
EUR_USD,H1,2026-02-23T22:00:00.000000000Z,1.1789,1.17892,1.17861,1.17874,1180
EUR_USD,H1,2026-02-23T23:00:00.000000000Z,1.17874,1.17953,1.17863,1.1793,1622
EUR_USD,H1,2026-02-24T00:00:00.000000000Z,1.1793,1.17964,1.17875,1.1788,3292
EUR_USD,H1,2026-02-24T01:00:00.000000000Z,1.1788,1.1788,1.17716,1.1782,6635
EUR_USD,H1,2026-02-24T02:00:00.000000000Z,1.17818,1.17846,1.17784,1.17838,3671
EUR_USD,H1,2026-02-24T03:00:00.000000000Z,1.17838,1.17855,1.1775,1.17752,2559
EUR_USD,H1,2026-02-24T04:00:00.000000000Z,1.17752,1.17768,1.1768,1.17697,2376
EUR_USD,H1,2026-02-24T05:00:00.000000000Z,1.17698,1.17807,1.17686,1.178,2126
EUR_USD,H1,2026-02-24T06:00:00.000000000Z,1.17801,1.17824,1.17772,1.17804,3129
EUR_USD,H1,2026-02-24T07:00:00.000000000Z,1.17804,1.17824,1.17716,1.17792,8534
EUR_USD,H1,2026-02-24T08:00:00.000000000Z,1.17792,1.179,1.17734,1.17838,7229
EUR_USD,H1,2026-02-24T09:00:00.000000000Z,1.17838,1.17932,1.17831,1.17877,5146
EUR_USD,H1,2026-02-24T10:00:00.000000000Z,1.17878,1.17912,1.17824,1.17856,4251
EUR_USD,H1,2026-02-24T11:00:00.000000000Z,1.17856,1.17861,1.17792,1.17806,4080
EUR_USD,H1,2026-02-24T12:00:00.000000000Z,1.17804,1.17836,1.17728,1.17814,5288
EUR_USD,H1,2026-02-24T13:00:00.000000000Z,1.17813,1.17814,1.1768,1.17722,6662
EUR_USD,H1,2026-02-24T14:00:00.000000000Z,1.17723,1.17786,1.17674,1.17736,8480
EUR_USD,H1,2026-02-24T15:00:00.000000000Z,1.17736,1.17811,1.17662,1.17728,10006
EUR_USD,H1,2026-02-24T16:00:00.000000000Z,1.17728,1.17902,1.17722,1.17881,6226
EUR_USD,H1,2026-02-24T17:00:00.000000000Z,1.1788,1.17888,1.17818,1.17856,3872
EUR_USD,H1,2026-02-24T18:00:00.000000000Z,1.17856,1.17867,1.17772,1.17786,3467
EUR_USD,H1,2026-02-24T19:00:00.000000000Z,1.17784,1.17841,1.17765,1.17788,2417
EUR_USD,H1,2026-02-24T20:00:00.000000000Z,1.17788,1.17836,1.17751,1.17752,2692
EUR_USD,H1,2026-02-24T21:00:00.000000000Z,1.17753,1.1777,1.17734,1.17738,1559
EUR_USD,H1,2026-02-24T22:00:00.000000000Z,1.17734,1.17778,1.17726,1.17746,648
EUR_USD,H1,2026-02-24T23:00:00.000000000Z,1.17744,1.17761,1.17726,1.1774,895
EUR_USD,H1,2026-02-25T00:00:00.000000000Z,1.17741,1.178,1.17734,1.17779,3858
EUR_USD,H1,2026-02-25T01:00:00.000000000Z,1.1778,1.17822,1.1776,1.17786,3672
EUR_USD,H1,2026-02-25T02:00:00.000000000Z,1.17785,1.17936,1.17782,1.17924,4976
EUR_USD,H1,2026-02-25T03:00:00.000000000Z,1.17924,1.17944,1.17858,1.17895,5599
EUR_USD,H1,2026-02-25T04:00:00.000000000Z,1.17895,1.17962,1.17877,1.17949,3048
EUR_USD,H1,2026-02-25T05:00:00.000000000Z,1.17948,1.18055,1.17941,1.1801,3241
EUR_USD,H1,2026-02-25T06:00:00.000000000Z,1.1801,1.18064,1.1797,1.18053,4123
EUR_USD,H1,2026-02-25T07:00:00.000000000Z,1.18052,1.1808,1.17971,1.17972,4919
EUR_USD,H1,2026-02-25T08:00:00.000000000Z,1.17971,1.18001,1.17895,1.179,6290
EUR_USD,H1,2026-02-25T09:00:00.000000000Z,1.17901,1.17931,1.17856,1.1788,6137
EUR_USD,H1,2026-02-25T10:00:00.000000000Z,1.1788,1.17885,1.17793,1.17798,4591
EUR_USD,H1,2026-02-25T11:00:00.000000000Z,1.17798,1.17812,1.1771,1.17749,3848
EUR_USD,H1,2026-02-25T12:00:00.000000000Z,1.1775,1.17869,1.17741,1.17859,4585
EUR_USD,H1,2026-02-25T13:00:00.000000000Z,1.1786,1.17902,1.1773,1.17737,6398
EUR_USD,H1,2026-02-25T14:00:00.000000000Z,1.17737,1.17892,1.17731,1.17863,7472
EUR_USD,H1,2026-02-25T15:00:00.000000000Z,1.17864,1.18026,1.17848,1.18012,10602
EUR_USD,H1,2026-02-25T16:00:00.000000000Z,1.18011,1.18073,1.17988,1.1804,6304
EUR_USD,H1,2026-02-25T17:00:00.000000000Z,1.1804,1.18144,1.18026,1.18074,5080
EUR_USD,H1,2026-02-25T18:00:00.000000000Z,1.18075,1.1811,1.18044,1.18048,3470
EUR_USD,H1,2026-02-25T19:00:00.000000000Z,1.18048,1.18094,1.18028,1.18055,2422
EUR_USD,H1,2026-02-25T20:00:00.000000000Z,1.18055,1.18088,1.18048,1.18061,2986
EUR_USD,H1,2026-02-25T21:00:00.000000000Z,1.1806,1.1813,1.18034,1.18101,1879
EUR_USD,H1,2026-02-25T22:00:00.000000000Z,1.18089,1.18136,1.18073,1.18114,557
EUR_USD,H1,2026-02-25T23:00:00.000000000Z,1.18116,1.18164,1.18108,1.18152,1668
EUR_USD,H1,2026-02-26T00:00:00.000000000Z,1.18152,1.18194,1.18117,1.1819,3231
EUR_USD,H1,2026-02-26T01:00:00.000000000Z,1.18188,1.1829,1.18179,1.18274,4925
EUR_USD,H1,2026-02-26T02:00:00.000000000Z,1.18274,1.1829,1.18133,1.18175,3292
EUR_USD,H1,2026-02-26T03:00:00.000000000Z,1.18174,1.18222,1.1816,1.1817,2776
EUR_USD,H1,2026-02-26T04:00:00.000000000Z,1.1817,1.1819,1.18126,1.18184,2207
EUR_USD,H1,2026-02-26T05:00:00.000000000Z,1.18184,1.18228,1.1816,1.18198,3384
EUR_USD,H1,2026-02-26T06:00:00.000000000Z,1.18197,1.18223,1.18148,1.18189,3629
EUR_USD,H1,2026-02-26T07:00:00.000000000Z,1.18188,1.18188,1.18088,1.18156,4634
EUR_USD,H1,2026-02-26T08:00:00.000000000Z,1.18158,1.18159,1.18023,1.18026,6094
EUR_USD,H1,2026-02-26T09:00:00.000000000Z,1.18024,1.1806,1.17968,1.17973,5001
EUR_USD,H1,2026-02-26T10:00:00.000000000Z,1.17971,1.17998,1.17934,1.17984,3579
EUR_USD,H1,2026-02-26T11:00:00.000000000Z,1.17984,1.18048,1.1798,1.18005,4064
EUR_USD,H1,2026-02-26T12:00:00.000000000Z,1.18006,1.18098,1.17998,1.1809,3827
EUR_USD,H1,2026-02-26T13:00:00.000000000Z,1.1809,1.18168,1.18028,1.18068,6914
EUR_USD,H1,2026-02-26T14:00:00.000000000Z,1.1807,1.18158,1.1802,1.1813,9106
EUR_USD,H1,2026-02-26T15:00:00.000000000Z,1.18126,1.18144,1.1781,1.17991,13800
EUR_USD,H1,2026-02-26T16:00:00.000000000Z,1.1799,1.17994,1.1786,1.17919,7263
EUR_USD,H1,2026-02-26T17:00:00.000000000Z,1.1792,1.17934,1.1774,1.17762,5993
EUR_USD,H1,2026-02-26T18:00:00.000000000Z,1.17762,1.17874,1.17741,1.17846,6503
EUR_USD,H1,2026-02-26T19:00:00.000000000Z,1.17846,1.17979,1.17824,1.17968,3674
EUR_USD,H1,2026-02-26T20:00:00.000000000Z,1.17968,1.18033,1.17958,1.18014,2946
EUR_USD,H1,2026-02-26T21:00:00.000000000Z,1.18015,1.18039,1.17972,1.17976,1872
EUR_USD,H1,2026-02-26T22:00:00.000000000Z,1.17972,1.18006,1.1797,1.1798,720
EUR_USD,H1,2026-02-26T23:00:00.000000000Z,1.17984,1.18032,1.17964,1.18032,1151
EUR_USD,H1,2026-02-27T00:00:00.000000000Z,1.18032,1.18057,1.17961,1.17962,4320
EUR_USD,H1,2026-02-27T01:00:00.000000000Z,1.17964,1.18024,1.1789,1.17901,5626
EUR_USD,H1,2026-02-27T02:00:00.000000000Z,1.17903,1.18015,1.17903,1.18007,3304
EUR_USD,H1,2026-02-27T03:00:00.000000000Z,1.18006,1.1806,1.18002,1.18036,2313
EUR_USD,H1,2026-02-27T04:00:00.000000000Z,1.18036,1.18132,1.18022,1.1811,2197
EUR_USD,H1,2026-02-27T05:00:00.000000000Z,1.18111,1.1812,1.18063,1.18086,3020
EUR_USD,H1,2026-02-27T06:00:00.000000000Z,1.18084,1.1811,1.18022,1.18043,4367
EUR_USD,H1,2026-02-27T07:00:00.000000000Z,1.18041,1.18195,1.17971,1.18152,5345
EUR_USD,H1,2026-02-27T08:00:00.000000000Z,1.18152,1.18218,1.18082,1.18096,5682
EUR_USD,H1,2026-02-27T09:00:00.000000000Z,1.18097,1.18116,1.17928,1.17952,5326
EUR_USD,H1,2026-02-27T10:00:00.000000000Z,1.17954,1.18037,1.17947,1.17988,3845
EUR_USD,H1,2026-02-27T11:00:00.000000000Z,1.17989,1.1804,1.17962,1.18002,3422
EUR_USD,H1,2026-02-27T12:00:00.000000000Z,1.18003,1.18083,1.17987,1.18024,4213
EUR_USD,H1,2026-02-27T13:00:00.000000000Z,1.18024,1.18065,1.17904,1.17926,10630
EUR_USD,H1,2026-02-27T14:00:00.000000000Z,1.17926,1.18154,1.17908,1.1797,9700
EUR_USD,H1,2026-02-27T15:00:00.000000000Z,1.1797,1.18172,1.17963,1.18072,11635
EUR_USD,H1,2026-02-27T16:00:00.000000000Z,1.18072,1.18252,1.18058,1.1822,8432
EUR_USD,H1,2026-02-27T17:00:00.000000000Z,1.18221,1.1827,1.18156,1.18166,5486
EUR_USD,H1,2026-02-27T18:00:00.000000000Z,1.18168,1.18192,1.18111,1.18179,4115
EUR_USD,H1,2026-02-27T19:00:00.000000000Z,1.18178,1.18228,1.18167,1.18194,3137
EUR_USD,H1,2026-02-27T20:00:00.000000000Z,1.18194,1.1826,1.18151,1.18162,3314
EUR_USD,H1,2026-02-27T21:00:00.000000000Z,1.1816,1.18185,1.18112,1.18172,3166
EUR_USD,H1,2026-03-01T22:00:00.000000000Z,1.17685,1.17796,1.17584,1.17773,1828
EUR_USD,H1,2026-03-01T23:00:00.000000000Z,1.1777,1.17878,1.17568,1.17592,9591
EUR_USD,H1,2026-03-02T00:00:00.000000000Z,1.17589,1.17782,1.1756,1.17775,8382
EUR_USD,H1,2026-03-02T01:00:00.000000000Z,1.17773,1.17944,1.17754,1.1792,9301
EUR_USD,H1,2026-03-02T02:00:00.000000000Z,1.1792,1.17934,1.1781,1.17886,5293
EUR_USD,H1,2026-03-02T03:00:00.000000000Z,1.17887,1.17958,1.17882,1.17887,3526
EUR_USD,H1,2026-03-02T04:00:00.000000000Z,1.17887,1.17904,1.17818,1.17864,2881
EUR_USD,H1,2026-03-02T05:00:00.000000000Z,1.17862,1.17862,1.17662,1.17664,4104
EUR_USD,H1,2026-03-02T06:00:00.000000000Z,1.17664,1.17667,1.17303,1.17324,11000
EUR_USD,H1,2026-03-02T07:00:00.000000000Z,1.17322,1.17344,1.17036,1.17164,12945
EUR_USD,H1,2026-03-02T08:00:00.000000000Z,1.17164,1.17239,1.16981,1.17227,12305
EUR_USD,H1,2026-03-02T09:00:00.000000000Z,1.17226,1.17437,1.1721,1.17332,9041
EUR_USD,H1,2026-03-02T10:00:00.000000000Z,1.17331,1.17473,1.17328,1.17386,7205
EUR_USD,H1,2026-03-02T11:00:00.000000000Z,1.17386,1.17413,1.17263,1.17333,5915
EUR_USD,H1,2026-03-02T12:00:00.000000000Z,1.1733,1.1734,1.17022,1.17038,9116
EUR_USD,H1,2026-03-02T13:00:00.000000000Z,1.17037,1.17184,1.16952,1.16986,12318
EUR_USD,H1,2026-03-02T14:00:00.000000000Z,1.16986,1.1724,1.16951,1.17174,14471
EUR_USD,H1,2026-03-02T15:00:00.000000000Z,1.17165,1.17165,1.16799,1.168,15672
EUR_USD,H1,2026-03-02T16:00:00.000000000Z,1.168,1.16944,1.16719,1.16896,11605
EUR_USD,H1,2026-03-02T17:00:00.000000000Z,1.16897,1.17078,1.16868,1.17072,7533
EUR_USD,H1,2026-03-02T18:00:00.000000000Z,1.17072,1.17074,1.16869,1.16946,5838
EUR_USD,H1,2026-03-02T19:00:00.000000000Z,1.16944,1.17134,1.1694,1.17112,5317
EUR_USD,H1,2026-03-02T20:00:00.000000000Z,1.17113,1.17132,1.16786,1.16903,12668
EUR_USD,H1,2026-03-02T21:00:00.000000000Z,1.16902,1.16954,1.1689,1.169,2304
EUR_USD,H1,2026-03-02T22:00:00.000000000Z,1.16868,1.16928,1.16854,1.16878,794
EUR_USD,H1,2026-03-02T23:00:00.000000000Z,1.16876,1.16984,1.16876,1.16948,2032
EUR_USD,H1,2026-03-03T00:00:00.000000000Z,1.16949,1.16958,1.16864,1.16953,4152
EUR_USD,H1,2026-03-03T01:00:00.000000000Z,1.16954,1.1707,1.16924,1.16969,7270
EUR_USD,H1,2026-03-03T02:00:00.000000000Z,1.16968,1.1699,1.1686,1.16944,6890
EUR_USD,H1,2026-03-03T03:00:00.000000000Z,1.16945,1.16978,1.16864,1.16904,4739
EUR_USD,H1,2026-03-03T04:00:00.000000000Z,1.16906,1.16936,1.16793,1.16811,4164
EUR_USD,H1,2026-03-03T05:00:00.000000000Z,1.16811,1.1685,1.16652,1.16667,7082
EUR_USD,H1,2026-03-03T06:00:00.000000000Z,1.1667,1.16716,1.1662,1.16692,7224
EUR_USD,H1,2026-03-03T07:00:00.000000000Z,1.16692,1.16692,1.16426,1.16437,9686
EUR_USD,H1,2026-03-03T08:00:00.000000000Z,1.16439,1.16462,1.16179,1.1623,14992
EUR_USD,H1,2026-03-03T09:00:00.000000000Z,1.1623,1.16292,1.15986,1.16055,14472
EUR_USD,H1,2026-03-03T10:00:00.000000000Z,1.16054,1.16129,1.15892,1.1592,12758
EUR_USD,H1,2026-03-03T11:00:00.000000000Z,1.15919,1.16034,1.1582,1.15972,13719
EUR_USD,H1,2026-03-03T12:00:00.000000000Z,1.15972,1.16154,1.15902,1.1613,12931
EUR_USD,H1,2026-03-03T13:00:00.000000000Z,1.16128,1.16152,1.159,1.15906,12251
EUR_USD,H1,2026-03-03T14:00:00.000000000Z,1.15905,1.15996,1.1565,1.15675,18009
EUR_USD,H1,2026-03-03T15:00:00.000000000Z,1.15674,1.15852,1.15303,1.15728,29017
EUR_USD,H1,2026-03-03T16:00:00.000000000Z,1.15729,1.16062,1.15693,1.16031,23340
EUR_USD,H1,2026-03-03T17:00:00.000000000Z,1.1603,1.16034,1.15868,1.15905,15571
EUR_USD,H1,2026-03-03T18:00:00.000000000Z,1.15904,1.16222,1.15899,1.16157,11393
EUR_USD,H1,2026-03-03T19:00:00.000000000Z,1.16156,1.16259,1.16,1.16126,14403
EUR_USD,H1,2026-03-03T20:00:00.000000000Z,1.16126,1.16246,1.16113,1.16177,8803
EUR_USD,H1,2026-03-03T21:00:00.000000000Z,1.16176,1.16182,1.16099,1.16124,3257
EUR_USD,H1,2026-03-03T22:00:00.000000000Z,1.1613,1.16168,1.16112,1.16128,2366
EUR_USD,H1,2026-03-03T23:00:00.000000000Z,1.16128,1.16205,1.16089,1.16108,3033
EUR_USD,H1,2026-03-04T00:00:00.000000000Z,1.16109,1.16112,1.15923,1.15929,8396
EUR_USD,H1,2026-03-04T01:00:00.000000000Z,1.1593,1.15978,1.15748,1.15938,10252
EUR_USD,H1,2026-03-04T02:00:00.000000000Z,1.15939,1.16044,1.15914,1.1598,8709
EUR_USD,H1,2026-03-04T03:00:00.000000000Z,1.15982,1.16094,1.15953,1.16086,5542
EUR_USD,H1,2026-03-04T04:00:00.000000000Z,1.16087,1.16104,1.15902,1.1593,5531
EUR_USD,H1,2026-03-04T05:00:00.000000000Z,1.15932,1.1599,1.1587,1.15952,6511
EUR_USD,H1,2026-03-04T06:00:00.000000000Z,1.15952,1.16178,1.15898,1.16108,7595
EUR_USD,H1,2026-03-04T07:00:00.000000000Z,1.16108,1.16282,1.16108,1.1616,9353
EUR_USD,H1,2026-03-04T08:00:00.000000000Z,1.16159,1.1617,1.15951,1.15996,11423
EUR_USD,H1,2026-03-04T09:00:00.000000000Z,1.15996,1.16201,1.1592,1.16086,10329
EUR_USD,H1,2026-03-04T10:00:00.000000000Z,1.16086,1.16473,1.16086,1.16344,18531
EUR_USD,H1,2026-03-04T11:00:00.000000000Z,1.16343,1.16549,1.16309,1.16352,8854
EUR_USD,H1,2026-03-04T12:00:00.000000000Z,1.16352,1.16487,1.1626,1.16304,8787
EUR_USD,H1,2026-03-04T13:00:00.000000000Z,1.16304,1.16522,1.16304,1.16311,12359
EUR_USD,H1,2026-03-04T14:00:00.000000000Z,1.1631,1.16413,1.16206,1.16256,16356
EUR_USD,H1,2026-03-04T15:00:00.000000000Z,1.16251,1.16404,1.16165,1.16403,14999
EUR_USD,H1,2026-03-04T16:00:00.000000000Z,1.16402,1.16462,1.16284,1.16372,9197
EUR_USD,H1,2026-03-04T17:00:00.000000000Z,1.16372,1.16436,1.16264,1.16331,6898
EUR_USD,H1,2026-03-04T18:00:00.000000000Z,1.16332,1.16335,1.16234,1.16245,5042
EUR_USD,H1,2026-03-04T19:00:00.000000000Z,1.16246,1.16412,1.16246,1.16398,4493
EUR_USD,H1,2026-03-04T20:00:00.000000000Z,1.16398,1.16438,1.16384,1.16404,3691
EUR_USD,H1,2026-03-04T21:00:00.000000000Z,1.16403,1.16418,1.16342,1.16354,2194
EUR_USD,H1,2026-03-04T22:00:00.000000000Z,1.16304,1.16348,1.16287,1.16347,728
EUR_USD,H1,2026-03-04T23:00:00.000000000Z,1.16346,1.16395,1.16338,1.16348,1222
EUR_USD,H1,2026-03-05T00:00:00.000000000Z,1.16348,1.16454,1.1632,1.1645,4007
EUR_USD,H1,2026-03-05T01:00:00.000000000Z,1.16452,1.16474,1.16271,1.16282,8707
EUR_USD,H1,2026-03-05T02:00:00.000000000Z,1.16282,1.16318,1.16224,1.16258,5945
EUR_USD,H1,2026-03-05T03:00:00.000000000Z,1.16257,1.16276,1.161,1.16134,5289
EUR_USD,H1,2026-03-05T04:00:00.000000000Z,1.16132,1.16148,1.16055,1.16085,3942
EUR_USD,H1,2026-03-05T05:00:00.000000000Z,1.16084,1.16139,1.1594,1.15945,5309
EUR_USD,H1,2026-03-05T06:00:00.000000000Z,1.15944,1.16164,1.15876,1.1607,9758
EUR_USD,H1,2026-03-05T07:00:00.000000000Z,1.1607,1.16162,1.15992,1.16048,9048
EUR_USD,H1,2026-03-05T08:00:00.000000000Z,1.16048,1.16049,1.15816,1.15988,12375
EUR_USD,H1,2026-03-05T09:00:00.000000000Z,1.15986,1.16447,1.15966,1.16226,25050
EUR_USD,H1,2026-03-05T10:00:00.000000000Z,1.16226,1.16317,1.16062,1.1611,8555
EUR_USD,H1,2026-03-05T11:00:00.000000000Z,1.16111,1.16172,1.16038,1.16115,7039
EUR_USD,H1,2026-03-05T12:00:00.000000000Z,1.16115,1.1625,1.16074,1.16206,7979
EUR_USD,H1,2026-03-05T13:00:00.000000000Z,1.16204,1.16244,1.15896,1.15974,11506
EUR_USD,H1,2026-03-05T14:00:00.000000000Z,1.15973,1.1609,1.15924,1.16028,14996
EUR_USD,H1,2026-03-05T15:00:00.000000000Z,1.16028,1.16092,1.15692,1.15832,17084
EUR_USD,H1,2026-03-05T16:00:00.000000000Z,1.1583,1.15868,1.1559,1.15838,15146
EUR_USD,H1,2026-03-05T17:00:00.000000000Z,1.15838,1.1592,1.15726,1.1588,16710
EUR_USD,H1,2026-03-05T18:00:00.000000000Z,1.1588,1.15916,1.15712,1.15859,13041
EUR_USD,H1,2026-03-05T19:00:00.000000000Z,1.15858,1.1588,1.15701,1.1573,9756
EUR_USD,H1,2026-03-05T20:00:00.000000000Z,1.1573,1.16103,1.15704,1.16046,16693
EUR_USD,H1,2026-03-05T21:00:00.000000000Z,1.16046,1.16104,1.16018,1.16086,3480
EUR_USD,H1,2026-03-05T22:00:00.000000000Z,1.16088,1.16102,1.16079,1.16085,552
EUR_USD,H1,2026-03-05T23:00:00.000000000Z,1.16082,1.16104,1.16034,1.16066,2026
EUR_USD,H1,2026-03-06T00:00:00.000000000Z,1.16066,1.16144,1.16054,1.1611,4322
EUR_USD,H1,2026-03-06T01:00:00.000000000Z,1.16108,1.16202,1.1607,1.16151,6962
EUR_USD,H1,2026-03-06T02:00:00.000000000Z,1.1615,1.16206,1.16142,1.16165,4177
EUR_USD,H1,2026-03-06T03:00:00.000000000Z,1.16162,1.16208,1.16162,1.16202,2935
EUR_USD,H1,2026-03-06T04:00:00.000000000Z,1.16202,1.16212,1.16132,1.16138,2887
EUR_USD,H1,2026-03-06T05:00:00.000000000Z,1.16137,1.16168,1.16057,1.16064,4390
EUR_USD,H1,2026-03-06T06:00:00.000000000Z,1.16064,1.16121,1.16019,1.16118,4482
EUR_USD,H1,2026-03-06T07:00:00.000000000Z,1.16117,1.16183,1.16064,1.16147,6025
EUR_USD,H1,2026-03-06T08:00:00.000000000Z,1.16146,1.16147,1.16016,1.1603,8122
EUR_USD,H1,2026-03-06T09:00:00.000000000Z,1.1603,1.1603,1.15718,1.15744,10470
EUR_USD,H1,2026-03-06T10:00:00.000000000Z,1.15743,1.15852,1.15728,1.15785,8009
EUR_USD,H1,2026-03-06T11:00:00.000000000Z,1.15784,1.15814,1.1561,1.15624,10082
EUR_USD,H1,2026-03-06T12:00:00.000000000Z,1.15626,1.15688,1.15522,1.1555,10654
EUR_USD,H1,2026-03-06T13:00:00.000000000Z,1.15548,1.15964,1.15502,1.1555,27221
EUR_USD,H1,2026-03-06T14:00:00.000000000Z,1.1555,1.15747,1.15461,1.1572,24142
EUR_USD,H1,2026-03-06T15:00:00.000000000Z,1.15721,1.1593,1.15704,1.15796,23345
EUR_USD,H1,2026-03-06T16:00:00.000000000Z,1.15796,1.16131,1.1579,1.16056,16774
EUR_USD,H1,2026-03-06T17:00:00.000000000Z,1.16056,1.16096,1.15946,1.15956,14758
EUR_USD,H1,2026-03-06T18:00:00.000000000Z,1.15958,1.16214,1.1593,1.15986,13521
EUR_USD,H1,2026-03-06T19:00:00.000000000Z,1.15988,1.16096,1.15968,1.16014,8405
EUR_USD,H1,2026-03-06T20:00:00.000000000Z,1.16014,1.16099,1.15956,1.1606,7208
EUR_USD,H1,2026-03-06T21:00:00.000000000Z,1.1606,1.16187,1.16052,1.16168,5665
EUR_USD,H1,2026-03-08T21:00:00.000000000Z,1.1549,1.15574,1.15458,1.15475,1405
EUR_USD,H1,2026-03-08T22:00:00.000000000Z,1.15475,1.15528,1.15258,1.1536,11086
EUR_USD,H1,2026-03-08T23:00:00.000000000Z,1.15359,1.15402,1.15213,1.15244,9192
EUR_USD,H1,2026-03-09T00:00:00.000000000Z,1.15245,1.15316,1.15162,1.15172,10534
EUR_USD,H1,2026-03-09T01:00:00.000000000Z,1.15172,1.15239,1.15072,1.15092,11509
EUR_USD,H1,2026-03-09T02:00:00.000000000Z,1.15092,1.15282,1.15084,1.15248,11566
EUR_USD,H1,2026-03-09T03:00:00.000000000Z,1.15249,1.15289,1.15127,1.15168,7124
EUR_USD,H1,2026-03-09T04:00:00.000000000Z,1.15168,1.15296,1.15161,1.1526,5772
EUR_USD,H1,2026-03-09T05:00:00.000000000Z,1.15259,1.15716,1.1524,1.15676,16249
EUR_USD,H1,2026-03-09T06:00:00.000000000Z,1.15676,1.15692,1.15446,1.15447,13780
EUR_USD,H1,2026-03-09T07:00:00.000000000Z,1.15448,1.15652,1.15354,1.15636,17408
EUR_USD,H1,2026-03-09T08:00:00.000000000Z,1.15638,1.15652,1.15154,1.15348,19752
EUR_USD,H1,2026-03-09T09:00:00.000000000Z,1.15348,1.15732,1.1531,1.15541,21008
EUR_USD,H1,2026-03-09T10:00:00.000000000Z,1.15542,1.1565,1.15469,1.15605,16725
EUR_USD,H1,2026-03-09T11:00:00.000000000Z,1.15607,1.1568,1.15552,1.15615,12984
EUR_USD,H1,2026-03-09T12:00:00.000000000Z,1.15616,1.15685,1.15502,1.15534,13157
EUR_USD,H1,2026-03-09T13:00:00.000000000Z,1.15536,1.15878,1.15525,1.15759,19933
EUR_USD,H1,2026-03-09T14:00:00.000000000Z,1.15758,1.15782,1.15474,1.1573,28928
EUR_USD,H1,2026-03-09T15:00:00.000000000Z,1.15732,1.15938,1.15722,1.15916,16878
EUR_USD,H1,2026-03-09T16:00:00.000000000Z,1.15916,1.15994,1.15852,1.15876,11635
EUR_USD,H1,2026-03-09T17:00:00.000000000Z,1.15876,1.15895,1.15785,1.15788,8775
EUR_USD,H1,2026-03-09T18:00:00.000000000Z,1.15789,1.15844,1.1576,1.15765,6777
EUR_USD,H1,2026-03-09T19:00:00.000000000Z,1.15766,1.16339,1.15753,1.16091,27880
EUR_USD,H1,2026-03-09T20:00:00.000000000Z,1.1609,1.16378,1.16088,1.16372,6608
EUR_USD,H1,2026-03-09T21:00:00.000000000Z,1.16365,1.16375,1.16334,1.16372,815
EUR_USD,H1,2026-03-09T22:00:00.000000000Z,1.16376,1.16458,1.16227,1.16294,5511
EUR_USD,H1,2026-03-09T23:00:00.000000000Z,1.16296,1.16316,1.1615,1.16166,4746
EUR_USD,H1,2026-03-10T00:00:00.000000000Z,1.16166,1.16356,1.16116,1.16264,9923
EUR_USD,H1,2026-03-10T01:00:00.000000000Z,1.16262,1.163,1.16118,1.162,11009
EUR_USD,H1,2026-03-10T02:00:00.000000000Z,1.162,1.1627,1.16118,1.16132,6667
EUR_USD,H1,2026-03-10T03:00:00.000000000Z,1.16132,1.16156,1.16079,1.16096,5310
EUR_USD,H1,2026-03-10T04:00:00.000000000Z,1.16097,1.16144,1.1607,1.16118,3820
EUR_USD,H1,2026-03-10T05:00:00.000000000Z,1.16118,1.16204,1.16117,1.16204,4504
EUR_USD,H1,2026-03-10T06:00:00.000000000Z,1.16204,1.16376,1.16204,1.16325,6062
EUR_USD,H1,2026-03-10T07:00:00.000000000Z,1.16325,1.16636,1.16278,1.16605,11086
EUR_USD,H1,2026-03-10T08:00:00.000000000Z,1.16602,1.16619,1.16432,1.16458,11680
EUR_USD,H1,2026-03-10T09:00:00.000000000Z,1.16456,1.1659,1.16439,1.16515,8741
EUR_USD,H1,2026-03-10T10:00:00.000000000Z,1.16516,1.16517,1.16203,1.16395,10422
EUR_USD,H1,2026-03-10T11:00:00.000000000Z,1.16396,1.16532,1.16362,1.16384,12668
EUR_USD,H1,2026-03-10T12:00:00.000000000Z,1.16386,1.1641,1.16214,1.16345,13287
EUR_USD,H1,2026-03-10T13:00:00.000000000Z,1.16346,1.16488,1.16291,1.16324,15338
EUR_USD,H1,2026-03-10T14:00:00.000000000Z,1.16324,1.16504,1.1627,1.16484,12701
EUR_USD,H1,2026-03-10T15:00:00.000000000Z,1.16482,1.16552,1.16398,1.16476,10097
EUR_USD,H1,2026-03-10T16:00:00.000000000Z,1.16476,1.16546,1.16392,1.1652,7915
EUR_USD,H1,2026-03-10T17:00:00.000000000Z,1.16518,1.16672,1.16414,1.16452,12838
EUR_USD,H1,2026-03-10T18:00:00.000000000Z,1.16453,1.1646,1.16139,1.16246,24256
EUR_USD,H1,2026-03-10T19:00:00.000000000Z,1.16246,1.16287,1.16058,1.16142,13908
EUR_USD,H1,2026-03-10T20:00:00.000000000Z,1.16142,1.16154,1.16078,1.16084,3726
EUR_USD,H1,2026-03-10T21:00:00.000000000Z,1.16091,1.16119,1.16075,1.16104,1179
EUR_USD,H1,2026-03-10T22:00:00.000000000Z,1.16107,1.16133,1.16029,1.1605,1508
EUR_USD,H1,2026-03-10T23:00:00.000000000Z,1.1605,1.1612,1.16048,1.16116,2154
EUR_USD,H1,2026-03-11T00:00:00.000000000Z,1.16115,1.16248,1.16057,1.1618,7236
EUR_USD,H1,2026-03-11T01:00:00.000000000Z,1.1618,1.16281,1.16125,1.16269,6703
EUR_USD,H1,2026-03-11T02:00:00.000000000Z,1.1627,1.16294,1.16188,1.1626,5798
EUR_USD,H1,2026-03-11T03:00:00.000000000Z,1.16259,1.16318,1.16252,1.16304,3323
EUR_USD,H1,2026-03-11T04:00:00.000000000Z,1.16304,1.16352,1.16279,1.16338,3317
EUR_USD,H1,2026-03-11T05:00:00.000000000Z,1.16338,1.16362,1.16302,1.1633,4157
EUR_USD,H1,2026-03-11T06:00:00.000000000Z,1.16332,1.16409,1.16299,1.16334,5819
EUR_USD,H1,2026-03-11T07:00:00.000000000Z,1.16333,1.16456,1.16135,1.1617,13113
EUR_USD,H1,2026-03-11T08:00:00.000000000Z,1.1617,1.16214,1.16036,1.16126,11359
EUR_USD,H1,2026-03-11T09:00:00.000000000Z,1.16127,1.1614,1.15904,1.15922,14849
EUR_USD,H1,2026-03-11T10:00:00.000000000Z,1.15922,1.16118,1.15911,1.16071,8836
EUR_USD,H1,2026-03-11T11:00:00.000000000Z,1.16071,1.16108,1.15946,1.15946,9581
EUR_USD,H1,2026-03-11T12:00:00.000000000Z,1.15946,1.16056,1.15774,1.15824,14820
EUR_USD,H1,2026-03-11T13:00:00.000000000Z,1.15825,1.15934,1.15778,1.15917,13502
EUR_USD,H1,2026-03-11T14:00:00.000000000Z,1.15917,1.16128,1.15812,1.1582,26820
EUR_USD,H1,2026-03-11T15:00:00.000000000Z,1.15819,1.15842,1.15656,1.15662,11562
EUR_USD,H1,2026-03-11T16:00:00.000000000Z,1.15662,1.15767,1.15632,1.1571,9823
EUR_USD,H1,2026-03-11T17:00:00.000000000Z,1.1571,1.15764,1.15608,1.15712,10147
EUR_USD,H1,2026-03-11T18:00:00.000000000Z,1.15712,1.15744,1.15642,1.15716,7011
EUR_USD,H1,2026-03-11T19:00:00.000000000Z,1.15718,1.15764,1.15681,1.15732,4409
EUR_USD,H1,2026-03-11T20:00:00.000000000Z,1.15735,1.15738,1.1565,1.1567,1992
EUR_USD,H1,2026-03-11T21:00:00.000000000Z,1.15668,1.15745,1.15658,1.15739,910
EUR_USD,H1,2026-03-11T22:00:00.000000000Z,1.15744,1.15745,1.15496,1.15502,3291
EUR_USD,H1,2026-03-11T23:00:00.000000000Z,1.15501,1.15539,1.15398,1.15428,3579
EUR_USD,H1,2026-03-12T00:00:00.000000000Z,1.15428,1.155,1.15342,1.15458,6193
EUR_USD,H1,2026-03-12T01:00:00.000000000Z,1.1546,1.15556,1.15454,1.15508,6006
EUR_USD,H1,2026-03-12T02:00:00.000000000Z,1.15508,1.15544,1.15322,1.1539,5119
EUR_USD,H1,2026-03-12T03:00:00.000000000Z,1.15389,1.15404,1.15332,1.15384,4334
EUR_USD,H1,2026-03-12T04:00:00.000000000Z,1.15383,1.154,1.15321,1.15332,2603
EUR_USD,H1,2026-03-12T05:00:00.000000000Z,1.1533,1.15452,1.15327,1.15395,5180
EUR_USD,H1,2026-03-12T06:00:00.000000000Z,1.15394,1.15515,1.15392,1.15479,5252
EUR_USD,H1,2026-03-12T07:00:00.000000000Z,1.15478,1.15528,1.15416,1.15512,6620
EUR_USD,H1,2026-03-12T08:00:00.000000000Z,1.15512,1.15561,1.15433,1.15474,7069
EUR_USD,H1,2026-03-12T09:00:00.000000000Z,1.15473,1.15613,1.15446,1.15596,5422
EUR_USD,H1,2026-03-12T10:00:00.000000000Z,1.15596,1.15629,1.15494,1.15578,5373
EUR_USD,H1,2026-03-12T11:00:00.000000000Z,1.15578,1.15663,1.15525,1.15564,6116
EUR_USD,H1,2026-03-12T12:00:00.000000000Z,1.15565,1.15574,1.15326,1.15393,8524
EUR_USD,H1,2026-03-12T13:00:00.000000000Z,1.15394,1.15504,1.15202,1.15262,16105
EUR_USD,H1,2026-03-12T14:00:00.000000000Z,1.15262,1.15332,1.15158,1.15206,14741
EUR_USD,H1,2026-03-12T15:00:00.000000000Z,1.15205,1.15288,1.1511,1.1522,18227
EUR_USD,H1,2026-03-12T16:00:00.000000000Z,1.15218,1.15327,1.15137,1.1522,13297
EUR_USD,H1,2026-03-12T17:00:00.000000000Z,1.1522,1.15319,1.15193,1.1522,9140
EUR_USD,H1,2026-03-12T18:00:00.000000000Z,1.15219,1.15244,1.15114,1.15122,5924
EUR_USD,H1,2026-03-12T19:00:00.000000000Z,1.15122,1.15185,1.15107,1.15152,5145
EUR_USD,H1,2026-03-12T20:00:00.000000000Z,1.15151,1.15164,1.15102,1.15109,2314
EUR_USD,H1,2026-03-12T21:00:00.000000000Z,1.1513,1.15138,1.15113,1.15126,641
EUR_USD,H1,2026-03-12T22:00:00.000000000Z,1.15126,1.15214,1.1511,1.1519,2140
EUR_USD,H1,2026-03-12T23:00:00.000000000Z,1.1519,1.15231,1.1515,1.1521,2284
EUR_USD,H1,2026-03-13T00:00:00.000000000Z,1.15212,1.15284,1.15205,1.15235,4839
EUR_USD,H1,2026-03-13T01:00:00.000000000Z,1.15235,1.15298,1.15146,1.15166,4752
EUR_USD,H1,2026-03-13T02:00:00.000000000Z,1.15165,1.15222,1.15112,1.15138,4428
EUR_USD,H1,2026-03-13T03:00:00.000000000Z,1.15135,1.15158,1.15048,1.15092,3984
EUR_USD,H1,2026-03-13T04:00:00.000000000Z,1.1509,1.15092,1.15,1.15033,3211
EUR_USD,H1,2026-03-13T05:00:00.000000000Z,1.15034,1.15066,1.14999,1.15009,3127
EUR_USD,H1,2026-03-13T06:00:00.000000000Z,1.1501,1.15034,1.14824,1.14828,5725
EUR_USD,H1,2026-03-13T07:00:00.000000000Z,1.14829,1.14838,1.14542,1.1458,9209
EUR_USD,H1,2026-03-13T08:00:00.000000000Z,1.14579,1.14592,1.1433,1.14452,12136
EUR_USD,H1,2026-03-13T09:00:00.000000000Z,1.14452,1.14616,1.14452,1.14532,9420
EUR_USD,H1,2026-03-13T10:00:00.000000000Z,1.14532,1.14722,1.1452,1.14584,7710
EUR_USD,H1,2026-03-13T11:00:00.000000000Z,1.14582,1.14708,1.14554,1.14686,10426
EUR_USD,H1,2026-03-13T12:00:00.000000000Z,1.14684,1.14886,1.14611,1.14779,14805
EUR_USD,H1,2026-03-13T13:00:00.000000000Z,1.1478,1.14902,1.14738,1.14788,13708
EUR_USD,H1,2026-03-13T14:00:00.000000000Z,1.1479,1.14848,1.14556,1.14572,13991
EUR_USD,H1,2026-03-13T15:00:00.000000000Z,1.14572,1.14612,1.14345,1.14431,14400
EUR_USD,H1,2026-03-13T16:00:00.000000000Z,1.14432,1.14505,1.14362,1.14422,11867
EUR_USD,H1,2026-03-13T17:00:00.000000000Z,1.1442,1.14462,1.14337,1.14424,8227
EUR_USD,H1,2026-03-13T18:00:00.000000000Z,1.14424,1.14429,1.14318,1.1436,5956
EUR_USD,H1,2026-03-13T19:00:00.000000000Z,1.1436,1.14369,1.142,1.14224,5166
EUR_USD,H1,2026-03-13T20:00:00.000000000Z,1.14223,1.14228,1.1411,1.14166,3724
EUR_USD,H1,2026-03-15T21:00:00.000000000Z,1.1424,1.14308,1.14232,1.14305,1080
EUR_USD,H1,2026-03-15T22:00:00.000000000Z,1.14284,1.14337,1.1419,1.14298,4983
EUR_USD,H1,2026-03-15T23:00:00.000000000Z,1.14298,1.14358,1.14261,1.14355,4569
EUR_USD,H1,2026-03-16T00:00:00.000000000Z,1.14356,1.14556,1.1435,1.14549,6331
EUR_USD,H1,2026-03-16T01:00:00.000000000Z,1.1455,1.14566,1.14397,1.14494,6838
EUR_USD,H1,2026-03-16T02:00:00.000000000Z,1.14494,1.14516,1.1445,1.14481,4475
EUR_USD,H1,2026-03-16T03:00:00.000000000Z,1.14482,1.1454,1.14458,1.14506,3079
EUR_USD,H1,2026-03-16T04:00:00.000000000Z,1.14505,1.14516,1.14416,1.14416,2336
EUR_USD,H1,2026-03-16T05:00:00.000000000Z,1.14416,1.14434,1.14332,1.14346,3188
EUR_USD,H1,2026-03-16T06:00:00.000000000Z,1.14344,1.14365,1.14242,1.14316,4604
EUR_USD,H1,2026-03-16T07:00:00.000000000Z,1.14316,1.14348,1.14143,1.1426,6761
EUR_USD,H1,2026-03-16T08:00:00.000000000Z,1.14259,1.14454,1.14259,1.14448,9650
EUR_USD,H1,2026-03-16T09:00:00.000000000Z,1.1445,1.14527,1.1441,1.14501,7736
EUR_USD,H1,2026-03-16T10:00:00.000000000Z,1.145,1.14779,1.14478,1.14753,8674
EUR_USD,H1,2026-03-16T11:00:00.000000000Z,1.14754,1.14872,1.14709,1.14794,7198
EUR_USD,H1,2026-03-16T12:00:00.000000000Z,1.14794,1.1488,1.14722,1.14739,8675
EUR_USD,H1,2026-03-16T13:00:00.000000000Z,1.1474,1.15009,1.1474,1.15003,9446
EUR_USD,H1,2026-03-16T14:00:00.000000000Z,1.15002,1.15022,1.14804,1.14888,11979
EUR_USD,H1,2026-03-16T15:00:00.000000000Z,1.14888,1.15004,1.14804,1.1487,7844
EUR_USD,H1,2026-03-16T16:00:00.000000000Z,1.14869,1.14993,1.14776,1.14935,8910
EUR_USD,H1,2026-03-16T17:00:00.000000000Z,1.14936,1.15042,1.14906,1.14922,9023
EUR_USD,H1,2026-03-16T18:00:00.000000000Z,1.14922,1.15238,1.14922,1.15186,6975
EUR_USD,H1,2026-03-16T19:00:00.000000000Z,1.15188,1.1525,1.1506,1.1508,7225
EUR_USD,H1,2026-03-16T20:00:00.000000000Z,1.15077,1.15105,1.15032,1.15058,2552
EUR_USD,H1,2026-03-16T21:00:00.000000000Z,1.1506,1.15129,1.15056,1.15078,1035
EUR_USD,H1,2026-03-16T22:00:00.000000000Z,1.1508,1.1508,1.1498,1.1499,1809
EUR_USD,H1,2026-03-16T23:00:00.000000000Z,1.1499,1.15,1.14948,1.14984,2032
EUR_USD,H1,2026-03-17T00:00:00.000000000Z,1.14985,1.14986,1.14892,1.14926,3920
EUR_USD,H1,2026-03-17T01:00:00.000000000Z,1.14924,1.14957,1.14865,1.1493,4776
EUR_USD,H1,2026-03-17T02:00:00.000000000Z,1.14931,1.14987,1.14912,1.14952,2136
EUR_USD,H1,2026-03-17T03:00:00.000000000Z,1.14949,1.1503,1.14918,1.14919,3310
EUR_USD,H1,2026-03-17T04:00:00.000000000Z,1.14918,1.15,1.14894,1.14972,1655
EUR_USD,H1,2026-03-17T05:00:00.000000000Z,1.14972,1.14993,1.14782,1.14793,3461
EUR_USD,H1,2026-03-17T06:00:00.000000000Z,1.14795,1.1482,1.1466,1.1482,5795
EUR_USD,H1,2026-03-17T07:00:00.000000000Z,1.14818,1.15003,1.14798,1.1495,5410
EUR_USD,H1,2026-03-17T08:00:00.000000000Z,1.14949,1.15182,1.14877,1.15105,8437
EUR_USD,H1,2026-03-17T09:00:00.000000000Z,1.15107,1.15248,1.1508,1.15165,7260
EUR_USD,H1,2026-03-17T10:00:00.000000000Z,1.15164,1.15164,1.1504,1.15062,6436
EUR_USD,H1,2026-03-17T11:00:00.000000000Z,1.15063,1.15188,1.15046,1.15074,5861
EUR_USD,H1,2026-03-17T12:00:00.000000000Z,1.15075,1.15246,1.15043,1.15242,7766
EUR_USD,H1,2026-03-17T13:00:00.000000000Z,1.15244,1.15438,1.15244,1.15305,12272
EUR_USD,H1,2026-03-17T14:00:00.000000000Z,1.15306,1.15386,1.15207,1.15333,9152
EUR_USD,H1,2026-03-17T15:00:00.000000000Z,1.1533,1.1539,1.15206,1.1525,10986
EUR_USD,H1,2026-03-17T16:00:00.000000000Z,1.1525,1.1533,1.15182,1.15281,8354
EUR_USD,H1,2026-03-17T17:00:00.000000000Z,1.1528,1.15402,1.15265,1.15398,5400
EUR_USD,H1,2026-03-17T18:00:00.000000000Z,1.15398,1.15472,1.15386,1.1539,4600
EUR_USD,H1,2026-03-17T19:00:00.000000000Z,1.15392,1.15412,1.15339,1.15358,2614
EUR_USD,H1,2026-03-17T20:00:00.000000000Z,1.15359,1.15424,1.15351,1.15401,1415
EUR_USD,H1,2026-03-17T21:00:00.000000000Z,1.1538,1.15387,1.15359,1.1537,1273
EUR_USD,H1,2026-03-17T22:00:00.000000000Z,1.15368,1.15446,1.15368,1.15398,2396
EUR_USD,H1,2026-03-17T23:00:00.000000000Z,1.15399,1.15412,1.15374,1.15392,5865
EUR_USD,H1,2026-03-18T00:00:00.000000000Z,1.15393,1.15441,1.1532,1.15326,6316
EUR_USD,H1,2026-03-18T01:00:00.000000000Z,1.15327,1.15403,1.15322,1.1534,3672
EUR_USD,H1,2026-03-18T02:00:00.000000000Z,1.15341,1.15382,1.15322,1.15326,2431
EUR_USD,H1,2026-03-18T03:00:00.000000000Z,1.15326,1.15368,1.15322,1.15362,1531
EUR_USD,H1,2026-03-18T04:00:00.000000000Z,1.15362,1.15426,1.15362,1.15417,1823
EUR_USD,H1,2026-03-18T05:00:00.000000000Z,1.15417,1.1547,1.15402,1.15456,2286
EUR_USD,H1,2026-03-18T06:00:00.000000000Z,1.15456,1.15494,1.15396,1.15423,3377
EUR_USD,H1,2026-03-18T07:00:00.000000000Z,1.15424,1.15458,1.15234,1.15264,4453
EUR_USD,H1,2026-03-18T08:00:00.000000000Z,1.15264,1.15343,1.15178,1.15325,5755
EUR_USD,H1,2026-03-18T09:00:00.000000000Z,1.15324,1.15396,1.15252,1.15388,4343
EUR_USD,H1,2026-03-18T10:00:00.000000000Z,1.15388,1.1544,1.15338,1.15399,3485
EUR_USD,H1,2026-03-18T11:00:00.000000000Z,1.15398,1.15554,1.153,1.15467,8460
EUR_USD,H1,2026-03-18T12:00:00.000000000Z,1.15468,1.15481,1.15056,1.15075,16331
EUR_USD,H1,2026-03-18T13:00:00.000000000Z,1.15074,1.15156,1.14906,1.1515,15303
EUR_USD,H1,2026-03-18T14:00:00.000000000Z,1.15149,1.15276,1.15042,1.15166,13868
EUR_USD,H1,2026-03-18T15:00:00.000000000Z,1.15162,1.15296,1.15116,1.1513,11148
EUR_USD,H1,2026-03-18T16:00:00.000000000Z,1.15129,1.15222,1.15069,1.15108,7647
EUR_USD,H1,2026-03-18T17:00:00.000000000Z,1.15108,1.15175,1.15026,1.1517,6856
EUR_USD,H1,2026-03-18T18:00:00.000000000Z,1.15172,1.15252,1.1477,1.14772,19029
EUR_USD,H1,2026-03-18T19:00:00.000000000Z,1.14772,1.14827,1.14685,1.14695,10024
EUR_USD,H1,2026-03-18T20:00:00.000000000Z,1.14692,1.14706,1.14499,1.14516,4434
EUR_USD,H1,2026-03-18T21:00:00.000000000Z,1.14516,1.14728,1.14516,1.14679,1197
EUR_USD,H1,2026-03-18T22:00:00.000000000Z,1.14674,1.14676,1.14512,1.14568,3296
EUR_USD,H1,2026-03-18T23:00:00.000000000Z,1.14564,1.14659,1.14554,1.14634,4219
EUR_USD,H1,2026-03-19T00:00:00.000000000Z,1.14632,1.14744,1.14622,1.14741,5500
EUR_USD,H1,2026-03-19T01:00:00.000000000Z,1.14742,1.14837,1.14734,1.14762,5489
EUR_USD,H1,2026-03-19T02:00:00.000000000Z,1.14763,1.14914,1.14718,1.1482,6393
EUR_USD,H1,2026-03-19T03:00:00.000000000Z,1.14822,1.14834,1.14746,1.14746,2851
EUR_USD,H1,2026-03-19T04:00:00.000000000Z,1.14744,1.1475,1.1467,1.1469,2705
EUR_USD,H1,2026-03-19T05:00:00.000000000Z,1.14688,1.14712,1.14634,1.14662,3329
EUR_USD,H1,2026-03-19T06:00:00.000000000Z,1.14661,1.14768,1.1461,1.14653,6021
EUR_USD,H1,2026-03-19T07:00:00.000000000Z,1.14654,1.14753,1.14508,1.14526,12114
EUR_USD,H1,2026-03-19T08:00:00.000000000Z,1.14526,1.14594,1.1443,1.1451,13872
EUR_USD,H1,2026-03-19T09:00:00.000000000Z,1.14512,1.14882,1.1451,1.14804,18980
EUR_USD,H1,2026-03-19T10:00:00.000000000Z,1.14804,1.14804,1.14666,1.1474,9364
EUR_USD,H1,2026-03-19T11:00:00.000000000Z,1.14738,1.14814,1.14657,1.14797,7610
EUR_USD,H1,2026-03-19T12:00:00.000000000Z,1.14796,1.14899,1.14628,1.14873,18514
EUR_USD,H1,2026-03-19T13:00:00.000000000Z,1.14871,1.15274,1.14692,1.1518,33307
EUR_USD,H1,2026-03-19T14:00:00.000000000Z,1.15181,1.15284,1.15005,1.15164,27232
EUR_USD,H1,2026-03-19T15:00:00.000000000Z,1.15163,1.1539,1.14986,1.15142,18612
EUR_USD,H1,2026-03-19T16:00:00.000000000Z,1.1514,1.1538,1.15119,1.15358,19426
EUR_USD,H1,2026-03-19T17:00:00.000000000Z,1.15359,1.15676,1.15358,1.15602,10761
EUR_USD,H1,2026-03-19T18:00:00.000000000Z,1.15602,1.15843,1.15509,1.15838,9872
EUR_USD,H1,2026-03-19T19:00:00.000000000Z,1.15838,1.16164,1.15772,1.15848,26248
EUR_USD,H1,2026-03-19T20:00:00.000000000Z,1.15848,1.15903,1.15806,1.15891,3503
EUR_USD,H1,2026-03-19T21:00:00.000000000Z,1.15886,1.1589,1.15828,1.15834,627
EUR_USD,H1,2026-03-19T22:00:00.000000000Z,1.15832,1.15952,1.15778,1.15785,2983
EUR_USD,H1,2026-03-19T23:00:00.000000000Z,1.15786,1.15818,1.15746,1.15766,2951
EUR_USD,H1,2026-03-20T00:00:00.000000000Z,1.15766,1.15801,1.1571,1.15739,3987
EUR_USD,H1,2026-03-20T01:00:00.000000000Z,1.15738,1.15771,1.15636,1.15651,5589
EUR_USD,H1,2026-03-20T02:00:00.000000000Z,1.15653,1.1568,1.15618,1.15637,3092
EUR_USD,H1,2026-03-20T03:00:00.000000000Z,1.15638,1.15638,1.15563,1.15568,2466
EUR_USD,H1,2026-03-20T04:00:00.000000000Z,1.15568,1.15598,1.1555,1.15556,1887
EUR_USD,H1,2026-03-20T05:00:00.000000000Z,1.15556,1.15612,1.15524,1.15526,2635
EUR_USD,H1,2026-03-20T06:00:00.000000000Z,1.15526,1.15663,1.15526,1.15592,3536
EUR_USD,H1,2026-03-20T07:00:00.000000000Z,1.15591,1.15754,1.15558,1.15733,8217
EUR_USD,H1,2026-03-20T08:00:00.000000000Z,1.15734,1.15808,1.15676,1.15678,8309
EUR_USD,H1,2026-03-20T09:00:00.000000000Z,1.15678,1.1573,1.15478,1.15488,9298
EUR_USD,H1,2026-03-20T10:00:00.000000000Z,1.15486,1.15626,1.15351,1.156,9237
EUR_USD,H1,2026-03-20T11:00:00.000000000Z,1.156,1.158,1.15574,1.15716,8006
EUR_USD,H1,2026-03-20T12:00:00.000000000Z,1.15716,1.15798,1.15622,1.15644,13452
EUR_USD,H1,2026-03-20T13:00:00.000000000Z,1.15646,1.1566,1.154,1.15412,14591
EUR_USD,H1,2026-03-20T14:00:00.000000000Z,1.15412,1.1544,1.15246,1.15349,17775
EUR_USD,H1,2026-03-20T15:00:00.000000000Z,1.1535,1.15578,1.15349,1.15421,18739
EUR_USD,H1,2026-03-20T16:00:00.000000000Z,1.15422,1.15666,1.15414,1.15592,11141
EUR_USD,H1,2026-03-20T17:00:00.000000000Z,1.15594,1.15706,1.15498,1.15579,12751
EUR_USD,H1,2026-03-20T18:00:00.000000000Z,1.15582,1.15716,1.15476,1.15506,12997
EUR_USD,H1,2026-03-20T19:00:00.000000000Z,1.15506,1.1562,1.1547,1.15584,8698
EUR_USD,H1,2026-03-20T20:00:00.000000000Z,1.15582,1.15722,1.15574,1.15711,3975
EUR_USD,H1,2026-03-22T21:00:00.000000000Z,1.15378,1.1547,1.15372,1.1542,337
EUR_USD,H1,2026-03-22T22:00:00.000000000Z,1.15422,1.15628,1.15412,1.15583,3803
EUR_USD,H1,2026-03-22T23:00:00.000000000Z,1.15584,1.15648,1.15574,1.15621,4523
EUR_USD,H1,2026-03-23T00:00:00.000000000Z,1.15622,1.15644,1.15386,1.15444,9917
EUR_USD,H1,2026-03-23T01:00:00.000000000Z,1.15443,1.15617,1.15443,1.15544,10497
EUR_USD,H1,2026-03-23T02:00:00.000000000Z,1.15546,1.15574,1.1543,1.15467,6551
EUR_USD,H1,2026-03-23T03:00:00.000000000Z,1.15468,1.15504,1.15426,1.15472,4334
EUR_USD,H1,2026-03-23T04:00:00.000000000Z,1.15474,1.15516,1.15458,1.15506,3235
EUR_USD,H1,2026-03-23T05:00:00.000000000Z,1.15504,1.15525,1.15342,1.15342,5185
EUR_USD,H1,2026-03-23T06:00:00.000000000Z,1.15342,1.15344,1.15205,1.15306,8474
EUR_USD,H1,2026-03-23T07:00:00.000000000Z,1.15306,1.15404,1.15237,1.15272,10856
EUR_USD,H1,2026-03-23T08:00:00.000000000Z,1.15274,1.15462,1.1526,1.15297,13965
EUR_USD,H1,2026-03-23T09:00:00.000000000Z,1.15301,1.15344,1.14911,1.1495,11355
EUR_USD,H1,2026-03-23T10:00:00.000000000Z,1.14948,1.15014,1.14846,1.14858,10959
EUR_USD,H1,2026-03-23T11:00:00.000000000Z,1.14862,1.162,1.1486,1.15566,70503
EUR_USD,H1,2026-03-23T12:00:00.000000000Z,1.15564,1.16144,1.15464,1.16127,41000
EUR_USD,H1,2026-03-23T13:00:00.000000000Z,1.1613,1.16156,1.158,1.15997,39535
EUR_USD,H1,2026-03-23T14:00:00.000000000Z,1.15998,1.16399,1.1593,1.16153,35722
EUR_USD,H1,2026-03-23T15:00:00.000000000Z,1.16152,1.16312,1.1582,1.15862,29214
EUR_USD,H1,2026-03-23T16:00:00.000000000Z,1.15859,1.16008,1.15764,1.15911,24029
EUR_USD,H1,2026-03-23T17:00:00.000000000Z,1.15912,1.16098,1.15867,1.16018,16241
EUR_USD,H1,2026-03-23T18:00:00.000000000Z,1.16018,1.16374,1.15918,1.1635,15544
EUR_USD,H1,2026-03-23T19:00:00.000000000Z,1.16348,1.16354,1.16128,1.16133,8092
EUR_USD,H1,2026-03-23T20:00:00.000000000Z,1.16132,1.16153,1.16096,1.16112,2506
EUR_USD,H1,2026-03-23T21:00:00.000000000Z,1.16138,1.16154,1.16124,1.16148,554
EUR_USD,H1,2026-03-23T22:00:00.000000000Z,1.16148,1.16178,1.16082,1.16148,2663
EUR_USD,H1,2026-03-23T23:00:00.000000000Z,1.16148,1.16159,1.1606,1.1608,3595
EUR_USD,H1,2026-03-24T00:00:00.000000000Z,1.1608,1.16088,1.15812,1.15884,11762
EUR_USD,H1,2026-03-24T01:00:00.000000000Z,1.15886,1.1596,1.15786,1.15846,10719
EUR_USD,H1,2026-03-24T02:00:00.000000000Z,1.15845,1.15924,1.15828,1.15859,7963
EUR_USD,H1,2026-03-24T03:00:00.000000000Z,1.1586,1.15894,1.15814,1.1583,5029
EUR_USD,H1,2026-03-24T04:00:00.000000000Z,1.15832,1.15836,1.15758,1.15802,3997
EUR_USD,H1,2026-03-24T05:00:00.000000000Z,1.15803,1.15893,1.15758,1.15838,7163
EUR_USD,H1,2026-03-24T06:00:00.000000000Z,1.15837,1.15925,1.15792,1.15919,9355
EUR_USD,H1,2026-03-24T07:00:00.000000000Z,1.15918,1.1618,1.15892,1.16086,14017
EUR_USD,H1,2026-03-24T08:00:00.000000000Z,1.16086,1.16094,1.15816,1.15884,14969
EUR_USD,H1,2026-03-24T09:00:00.000000000Z,1.15886,1.1597,1.15788,1.15948,10355
EUR_USD,H1,2026-03-24T10:00:00.000000000Z,1.15948,1.15964,1.15833,1.15922,8046
EUR_USD,H1,2026-03-24T11:00:00.000000000Z,1.1592,1.16008,1.15789,1.15893,9953
EUR_USD,H1,2026-03-24T12:00:00.000000000Z,1.15894,1.15994,1.1581,1.15846,12017
EUR_USD,H1,2026-03-24T13:00:00.000000000Z,1.15848,1.15907,1.15672,1.15776,21533
EUR_USD,H1,2026-03-24T14:00:00.000000000Z,1.15775,1.1607,1.15773,1.15896,22985
EUR_USD,H1,2026-03-24T15:00:00.000000000Z,1.15894,1.15974,1.15759,1.15778,19178
EUR_USD,H1,2026-03-24T16:00:00.000000000Z,1.15778,1.15924,1.15741,1.15827,10218
EUR_USD,H1,2026-03-24T17:00:00.000000000Z,1.15826,1.15843,1.1557,1.15762,19843
EUR_USD,H1,2026-03-24T18:00:00.000000000Z,1.15762,1.15925,1.15678,1.15822,13455
EUR_USD,H1,2026-03-24T19:00:00.000000000Z,1.15822,1.15928,1.15822,1.15856,6983
EUR_USD,H1,2026-03-24T20:00:00.000000000Z,1.15854,1.16284,1.15829,1.16076,16612
EUR_USD,H1,2026-03-24T21:00:00.000000000Z,1.16064,1.16134,1.16018,1.1612,1782
EUR_USD,H1,2026-03-24T22:00:00.000000000Z,1.1611,1.16192,1.16045,1.16142,3913
EUR_USD,H1,2026-03-24T23:00:00.000000000Z,1.16142,1.16182,1.16084,1.16138,4053
EUR_USD,H1,2026-03-25T00:00:00.000000000Z,1.16138,1.16307,1.16126,1.16234,9562
EUR_USD,H1,2026-03-25T01:00:00.000000000Z,1.16232,1.16245,1.16118,1.16121,8568
EUR_USD,H1,2026-03-25T02:00:00.000000000Z,1.16122,1.16131,1.16012,1.16042,5090
EUR_USD,H1,2026-03-25T03:00:00.000000000Z,1.16042,1.16058,1.16008,1.16039,3387
EUR_USD,H1,2026-03-25T04:00:00.000000000Z,1.16038,1.16042,1.15975,1.15979,3058
EUR_USD,H1,2026-03-25T05:00:00.000000000Z,1.15978,1.15982,1.1589,1.15922,4191
EUR_USD,H1,2026-03-25T06:00:00.000000000Z,1.15922,1.15998,1.1587,1.15964,4964
EUR_USD,H1,2026-03-25T07:00:00.000000000Z,1.15961,1.16053,1.15884,1.15976,8344
EUR_USD,H1,2026-03-25T08:00:00.000000000Z,1.15977,1.16166,1.15906,1.16027,12623
EUR_USD,H1,2026-03-25T09:00:00.000000000Z,1.16028,1.16093,1.15914,1.15992,8442
EUR_USD,H1,2026-03-25T10:00:00.000000000Z,1.15993,1.16057,1.15958,1.16044,7022
EUR_USD,H1,2026-03-25T11:00:00.000000000Z,1.16044,1.16114,1.15942,1.16055,7927
EUR_USD,H1,2026-03-25T12:00:00.000000000Z,1.16056,1.16138,1.15864,1.15914,14997
EUR_USD,H1,2026-03-25T13:00:00.000000000Z,1.15915,1.1599,1.15716,1.15729,14033
EUR_USD,H1,2026-03-25T14:00:00.000000000Z,1.1573,1.15878,1.15664,1.15861,14462
EUR_USD,H1,2026-03-25T15:00:00.000000000Z,1.1586,1.15894,1.1563,1.157,14553
EUR_USD,H1,2026-03-25T16:00:00.000000000Z,1.15698,1.15766,1.15554,1.15676,12471
EUR_USD,H1,2026-03-25T17:00:00.000000000Z,1.15674,1.15838,1.15648,1.15784,8849
EUR_USD,H1,2026-03-25T18:00:00.000000000Z,1.15783,1.15812,1.1561,1.15666,7208
EUR_USD,H1,2026-03-25T19:00:00.000000000Z,1.15665,1.15666,1.15592,1.15633,6139
EUR_USD,H1,2026-03-25T20:00:00.000000000Z,1.15632,1.15636,1.1556,1.15593,2086
EUR_USD,H1,2026-03-25T21:00:00.000000000Z,1.1559,1.15622,1.1559,1.15608,527
EUR_USD,H1,2026-03-25T22:00:00.000000000Z,1.1561,1.15626,1.1556,1.15604,1202
EUR_USD,H1,2026-03-25T23:00:00.000000000Z,1.15605,1.15621,1.15589,1.15614,1813
EUR_USD,H1,2026-03-26T00:00:00.000000000Z,1.15614,1.15648,1.1554,1.15583,4106
EUR_USD,H1,2026-03-26T01:00:00.000000000Z,1.15581,1.1567,1.15581,1.15644,4158
EUR_USD,H1,2026-03-26T02:00:00.000000000Z,1.15643,1.15658,1.15548,1.15589,3424
EUR_USD,H1,2026-03-26T03:00:00.000000000Z,1.15586,1.15698,1.15579,1.15688,2921
EUR_USD,H1,2026-03-26T04:00:00.000000000Z,1.15688,1.15724,1.15674,1.15694,2488
EUR_USD,H1,2026-03-26T05:00:00.000000000Z,1.15696,1.15699,1.15578,1.15579,3717
EUR_USD,H1,2026-03-26T06:00:00.000000000Z,1.15578,1.15671,1.15519,1.15666,5408
EUR_USD,H1,2026-03-26T07:00:00.000000000Z,1.15668,1.15668,1.15506,1.15539,6239
EUR_USD,H1,2026-03-26T08:00:00.000000000Z,1.15538,1.15611,1.15476,1.15598,7891
EUR_USD,H1,2026-03-26T09:00:00.000000000Z,1.15597,1.1565,1.15526,1.15596,7163
EUR_USD,H1,2026-03-26T10:00:00.000000000Z,1.15596,1.15652,1.15546,1.15573,6464
EUR_USD,H1,2026-03-26T11:00:00.000000000Z,1.15572,1.15588,1.15234,1.15243,6215
EUR_USD,H1,2026-03-26T12:00:00.000000000Z,1.15244,1.15355,1.15226,1.15351,8967
EUR_USD,H1,2026-03-26T13:00:00.000000000Z,1.15352,1.15526,1.15351,1.15424,12071
EUR_USD,H1,2026-03-26T14:00:00.000000000Z,1.15423,1.1555,1.15369,1.15476,16739
EUR_USD,H1,2026-03-26T15:00:00.000000000Z,1.15476,1.15512,1.15314,1.15414,14300
EUR_USD,H1,2026-03-26T16:00:00.000000000Z,1.15415,1.15432,1.15309,1.15357,8377
EUR_USD,H1,2026-03-26T17:00:00.000000000Z,1.15356,1.15378,1.15255,1.15258,7018
EUR_USD,H1,2026-03-26T18:00:00.000000000Z,1.15256,1.1534,1.15252,1.1534,4484
EUR_USD,H1,2026-03-26T19:00:00.000000000Z,1.15342,1.15346,1.15216,1.15219,4510
EUR_USD,H1,2026-03-26T20:00:00.000000000Z,1.1522,1.15591,1.15196,1.15294,14329
EUR_USD,H1,2026-03-26T21:00:00.000000000Z,1.15322,1.1538,1.153,1.15342,1730
EUR_USD,H1,2026-03-26T22:00:00.000000000Z,1.15342,1.15406,1.15329,1.15386,1821
EUR_USD,H1,2026-03-26T23:00:00.000000000Z,1.15386,1.15399,1.1534,1.15344,1718
EUR_USD,H1,2026-03-27T00:00:00.000000000Z,1.15343,1.15381,1.15244,1.15305,6451
EUR_USD,H1,2026-03-27T01:00:00.000000000Z,1.15304,1.15409,1.15297,1.15402,5517
EUR_USD,H1,2026-03-27T02:00:00.000000000Z,1.15404,1.15427,1.15362,1.15384,3536
EUR_USD,H1,2026-03-27T03:00:00.000000000Z,1.15385,1.15403,1.15338,1.15392,2974
EUR_USD,H1,2026-03-27T04:00:00.000000000Z,1.15392,1.15438,1.15371,1.15428,2502
EUR_USD,H1,2026-03-27T05:00:00.000000000Z,1.15429,1.15463,1.15372,1.15412,4394
EUR_USD,H1,2026-03-27T06:00:00.000000000Z,1.1541,1.15439,1.1534,1.15345,3681
EUR_USD,H1,2026-03-27T07:00:00.000000000Z,1.15344,1.1535,1.15168,1.1519,5973
EUR_USD,H1,2026-03-27T08:00:00.000000000Z,1.15187,1.15254,1.15158,1.15207,7726
EUR_USD,H1,2026-03-27T09:00:00.000000000Z,1.15202,1.15262,1.15145,1.15193,6254
EUR_USD,H1,2026-03-27T10:00:00.000000000Z,1.15192,1.1526,1.15102,1.15109,5894
EUR_USD,H1,2026-03-27T11:00:00.000000000Z,1.1511,1.15141,1.15048,1.15077,5696
EUR_USD,H1,2026-03-27T12:00:00.000000000Z,1.15076,1.15181,1.15018,1.15151,7829
EUR_USD,H1,2026-03-27T13:00:00.000000000Z,1.15152,1.1533,1.15141,1.15242,11567
EUR_USD,H1,2026-03-27T14:00:00.000000000Z,1.1524,1.15358,1.15232,1.15288,12165
EUR_USD,H1,2026-03-27T15:00:00.000000000Z,1.15288,1.1548,1.1518,1.15194,14946
EUR_USD,H1,2026-03-27T16:00:00.000000000Z,1.15194,1.15274,1.15148,1.15192,9215
EUR_USD,H1,2026-03-27T17:00:00.000000000Z,1.1519,1.15292,1.15063,1.15126,7405
EUR_USD,H1,2026-03-27T18:00:00.000000000Z,1.15124,1.152,1.1507,1.15136,5963
EUR_USD,H1,2026-03-27T19:00:00.000000000Z,1.15135,1.1518,1.15099,1.15172,4524
EUR_USD,H1,2026-03-27T20:00:00.000000000Z,1.15172,1.15208,1.15094,1.15114,5165
EUR_USD,H1,2026-03-29T21:00:00.000000000Z,1.15029,1.15032,1.14996,1.15,382
EUR_USD,H1,2026-03-29T22:00:00.000000000Z,1.15004,1.15026,1.14881,1.14886,4649
EUR_USD,H1,2026-03-29T23:00:00.000000000Z,1.14886,1.14947,1.14876,1.14918,4884
EUR_USD,H1,2026-03-30T00:00:00.000000000Z,1.1492,1.15128,1.14896,1.15068,10666
EUR_USD,H1,2026-03-30T01:00:00.000000000Z,1.15068,1.1511,1.15029,1.15051,5827
EUR_USD,H1,2026-03-30T02:00:00.000000000Z,1.1505,1.15153,1.15014,1.15114,4778
EUR_USD,H1,2026-03-30T03:00:00.000000000Z,1.15114,1.15188,1.15103,1.15158,3432
EUR_USD,H1,2026-03-30T04:00:00.000000000Z,1.15158,1.15213,1.15136,1.15136,2368
EUR_USD,H1,2026-03-30T05:00:00.000000000Z,1.15136,1.15182,1.15097,1.15158,3596
EUR_USD,H1,2026-03-30T06:00:00.000000000Z,1.15157,1.15202,1.15116,1.15128,5515
EUR_USD,H1,2026-03-30T07:00:00.000000000Z,1.15126,1.15128,1.1494,1.14979,6669
EUR_USD,H1,2026-03-30T08:00:00.000000000Z,1.14978,1.14988,1.14907,1.14962,6463
EUR_USD,H1,2026-03-30T09:00:00.000000000Z,1.14963,1.14984,1.1484,1.14945,6301
EUR_USD,H1,2026-03-30T10:00:00.000000000Z,1.14946,1.14974,1.1488,1.14892,5156
EUR_USD,H1,2026-03-30T11:00:00.000000000Z,1.14893,1.15004,1.1484,1.14849,10313
EUR_USD,H1,2026-03-30T12:00:00.000000000Z,1.1485,1.1489,1.1473,1.14828,9832
EUR_USD,H1,2026-03-30T13:00:00.000000000Z,1.14827,1.1488,1.14622,1.14642,11726
EUR_USD,H1,2026-03-30T14:00:00.000000000Z,1.14644,1.14706,1.14548,1.1465,13922
EUR_USD,H1,2026-03-30T15:00:00.000000000Z,1.14651,1.14659,1.14432,1.14538,10340
EUR_USD,H1,2026-03-30T16:00:00.000000000Z,1.14536,1.14613,1.14475,1.14602,6451
EUR_USD,H1,2026-03-30T17:00:00.000000000Z,1.14602,1.14654,1.14557,1.14577,6158
EUR_USD,H1,2026-03-30T18:00:00.000000000Z,1.14578,1.14662,1.1457,1.14609,4662
EUR_USD,H1,2026-03-30T19:00:00.000000000Z,1.1461,1.14624,1.14538,1.14598,4334
EUR_USD,H1,2026-03-30T20:00:00.000000000Z,1.14597,1.1463,1.14572,1.14618,2342
EUR_USD,H1,2026-03-30T21:00:00.000000000Z,1.14588,1.14678,1.14586,1.14634,1289
EUR_USD,H1,2026-03-30T22:00:00.000000000Z,1.14634,1.14657,1.14594,1.14596,1255
EUR_USD,H1,2026-03-30T23:00:00.000000000Z,1.14594,1.14594,1.14524,1.14566,2178
EUR_USD,H1,2026-03-31T00:00:00.000000000Z,1.14567,1.14763,1.14471,1.14748,10704
EUR_USD,H1,2026-03-31T01:00:00.000000000Z,1.14747,1.14908,1.14734,1.1476,9768
EUR_USD,H1,2026-03-31T02:00:00.000000000Z,1.14762,1.14796,1.14732,1.14758,4939
EUR_USD,H1,2026-03-31T03:00:00.000000000Z,1.14759,1.14763,1.14664,1.14698,3455
EUR_USD,H1,2026-03-31T04:00:00.000000000Z,1.14697,1.14728,1.1469,1.14692,2307
EUR_USD,H1,2026-03-31T05:00:00.000000000Z,1.14692,1.14714,1.14624,1.14646,4353
EUR_USD,H1,2026-03-31T06:00:00.000000000Z,1.14646,1.14744,1.14608,1.1472,6280
EUR_USD,H1,2026-03-31T07:00:00.000000000Z,1.14718,1.14743,1.1463,1.14724,7691
EUR_USD,H1,2026-03-31T08:00:00.000000000Z,1.14724,1.14758,1.14641,1.14672,7391
EUR_USD,H1,2026-03-31T09:00:00.000000000Z,1.14672,1.14736,1.14621,1.14681,6583
EUR_USD,H1,2026-03-31T10:00:00.000000000Z,1.14682,1.147,1.14582,1.1459,4450
EUR_USD,H1,2026-03-31T11:00:00.000000000Z,1.1459,1.14912,1.14576,1.14911,13002
EUR_USD,H1,2026-03-31T12:00:00.000000000Z,1.14912,1.15099,1.1487,1.1503,15077
EUR_USD,H1,2026-03-31T13:00:00.000000000Z,1.15031,1.15326,1.15006,1.15323,13016
EUR_USD,H1,2026-03-31T14:00:00.000000000Z,1.15324,1.15407,1.15111,1.15202,23751
EUR_USD,H1,2026-03-31T15:00:00.000000000Z,1.15202,1.15331,1.15118,1.15173,20320
EUR_USD,H1,2026-03-31T16:00:00.000000000Z,1.15174,1.15598,1.1514,1.15404,24147
EUR_USD,H1,2026-03-31T17:00:00.000000000Z,1.15404,1.15566,1.15389,1.154,21999
EUR_USD,H1,2026-03-31T18:00:00.000000000Z,1.15401,1.1551,1.15384,1.15447,10243
EUR_USD,H1,2026-03-31T19:00:00.000000000Z,1.15446,1.15599,1.15388,1.15592,7258
EUR_USD,H1,2026-03-31T20:00:00.000000000Z,1.15591,1.15634,1.15524,1.15532,4314
EUR_USD,H1,2026-03-31T21:00:00.000000000Z,1.1554,1.15572,1.15535,1.15566,1140
EUR_USD,H1,2026-03-31T22:00:00.000000000Z,1.15564,1.15602,1.15528,1.15588,1795
EUR_USD,H1,2026-03-31T23:00:00.000000000Z,1.15587,1.15746,1.15571,1.1574,2762
EUR_USD,H1,2026-04-01T00:00:00.000000000Z,1.1574,1.1579,1.15696,1.15745,5954
EUR_USD,H1,2026-04-01T01:00:00.000000000Z,1.15744,1.15756,1.15549,1.15618,8092
EUR_USD,H1,2026-04-01T02:00:00.000000000Z,1.15618,1.15711,1.15608,1.15688,3499
EUR_USD,H1,2026-04-01T03:00:00.000000000Z,1.15688,1.15688,1.1559,1.15608,3144
EUR_USD,H1,2026-04-01T04:00:00.000000000Z,1.15606,1.15666,1.15596,1.15654,2343
EUR_USD,H1,2026-04-01T05:00:00.000000000Z,1.15654,1.15764,1.15648,1.15678,4327
EUR_USD,H1,2026-04-01T06:00:00.000000000Z,1.15678,1.15928,1.1562,1.15913,13902
EUR_USD,H1,2026-04-01T07:00:00.000000000Z,1.15914,1.15988,1.15772,1.15821,15346
EUR_USD,H1,2026-04-01T08:00:00.000000000Z,1.1582,1.16108,1.15774,1.15964,13121
EUR_USD,H1,2026-04-01T09:00:00.000000000Z,1.15966,1.16028,1.15809,1.15952,11283
EUR_USD,H1,2026-04-01T10:00:00.000000000Z,1.15955,1.16038,1.15933,1.15997,8194
EUR_USD,H1,2026-04-01T11:00:00.000000000Z,1.15998,1.16101,1.1598,1.16074,6592
EUR_USD,H1,2026-04-01T12:00:00.000000000Z,1.16075,1.16238,1.15938,1.16047,17342
EUR_USD,H1,2026-04-01T13:00:00.000000000Z,1.16048,1.16238,1.15986,1.16119,19461
EUR_USD,H1,2026-04-01T14:00:00.000000000Z,1.16107,1.1627,1.16047,1.16226,18598
EUR_USD,H1,2026-04-01T15:00:00.000000000Z,1.16228,1.16272,1.16053,1.16138,9988
EUR_USD,H1,2026-04-01T16:00:00.000000000Z,1.16136,1.16192,1.16048,1.1619,7218
EUR_USD,H1,2026-04-01T17:00:00.000000000Z,1.16192,1.16234,1.15938,1.1594,6939
EUR_USD,H1,2026-04-01T18:00:00.000000000Z,1.15939,1.15944,1.15769,1.1579,8233
EUR_USD,H1,2026-04-01T19:00:00.000000000Z,1.15791,1.15872,1.15763,1.15838,5475
EUR_USD,H1,2026-04-01T20:00:00.000000000Z,1.15838,1.1592,1.15837,1.15908,2447
EUR_USD,H1,2026-04-01T21:00:00.000000000Z,1.15888,1.15918,1.15852,1.15906,2772
EUR_USD,H1,2026-04-01T22:00:00.000000000Z,1.15905,1.15945,1.15898,1.15912,1513
EUR_USD,H1,2026-04-01T23:00:00.000000000Z,1.15913,1.15946,1.15891,1.15898,1850
EUR_USD,H1,2026-04-02T00:00:00.000000000Z,1.15896,1.1598,1.1587,1.15957,5985
EUR_USD,H1,2026-04-02T01:00:00.000000000Z,1.15954,1.16058,1.15457,1.15526,35355
EUR_USD,H1,2026-04-02T02:00:00.000000000Z,1.15526,1.15604,1.15442,1.15468,10419
EUR_USD,H1,2026-04-02T03:00:00.000000000Z,1.1547,1.1549,1.15378,1.15399,5526
EUR_USD,H1,2026-04-02T04:00:00.000000000Z,1.15401,1.15421,1.15322,1.1537,4947
EUR_USD,H1,2026-04-02T05:00:00.000000000Z,1.15372,1.1539,1.1525,1.15254,5705
EUR_USD,H1,2026-04-02T06:00:00.000000000Z,1.15256,1.15356,1.15152,1.15345,8687
EUR_USD,H1,2026-04-02T07:00:00.000000000Z,1.15346,1.1538,1.15188,1.15324,9427
EUR_USD,H1,2026-04-02T08:00:00.000000000Z,1.15325,1.15358,1.15244,1.15254,6992
EUR_USD,H1,2026-04-02T09:00:00.000000000Z,1.15254,1.1532,1.15217,1.15264,5408
EUR_USD,H1,2026-04-02T10:00:00.000000000Z,1.15264,1.15269,1.15112,1.15123,6186
EUR_USD,H1,2026-04-02T11:00:00.000000000Z,1.15124,1.15195,1.15092,1.15176,6487
EUR_USD,H1,2026-04-02T12:00:00.000000000Z,1.15176,1.15312,1.15171,1.15248,9586
EUR_USD,H1,2026-04-02T13:00:00.000000000Z,1.15248,1.15326,1.15204,1.15313,13543
EUR_USD,H1,2026-04-02T14:00:00.000000000Z,1.15314,1.15639,1.15266,1.15512,27116
EUR_USD,H1,2026-04-02T15:00:00.000000000Z,1.15513,1.15587,1.15416,1.15451,16661
EUR_USD,H1,2026-04-02T16:00:00.000000000Z,1.1545,1.15482,1.15392,1.15394,9675
EUR_USD,H1,2026-04-02T17:00:00.000000000Z,1.15393,1.15492,1.15364,1.15378,5815
EUR_USD,H1,2026-04-02T18:00:00.000000000Z,1.15378,1.154,1.15331,1.15362,4891
EUR_USD,H1,2026-04-02T19:00:00.000000000Z,1.15362,1.15438,1.15334,1.15346,4737
EUR_USD,H1,2026-04-02T20:00:00.000000000Z,1.15348,1.154,1.15322,1.154,1918
EUR_USD,H1,2026-04-02T21:00:00.000000000Z,1.15385,1.1543,1.15385,1.1542,767
EUR_USD,H1,2026-04-02T22:00:00.000000000Z,1.1542,1.1544,1.15381,1.154,1038
EUR_USD,H1,2026-04-02T23:00:00.000000000Z,1.15401,1.1543,1.15396,1.15416,1002
EUR_USD,H1,2026-04-03T00:00:00.000000000Z,1.15416,1.15452,1.15382,1.15382,2276
EUR_USD,H1,2026-04-03T01:00:00.000000000Z,1.15382,1.154,1.15338,1.1535,2380
EUR_USD,H1,2026-04-03T02:00:00.000000000Z,1.15351,1.15384,1.15322,1.15362,2045
EUR_USD,H1,2026-04-03T03:00:00.000000000Z,1.15362,1.15374,1.15342,1.15364,840
EUR_USD,H1,2026-04-03T04:00:00.000000000Z,1.15364,1.15364,1.15338,1.15338,1639
EUR_USD,H1,2026-04-03T05:00:00.000000000Z,1.15338,1.15383,1.15294,1.1538,1214
EUR_USD,H1,2026-04-03T06:00:00.000000000Z,1.15379,1.15408,1.15352,1.15398,1251
EUR_USD,H1,2026-04-03T07:00:00.000000000Z,1.15397,1.15464,1.15395,1.15429,1665
EUR_USD,H1,2026-04-03T08:00:00.000000000Z,1.15428,1.15454,1.15403,1.1543,1490
EUR_USD,H1,2026-04-03T09:00:00.000000000Z,1.1543,1.15458,1.15408,1.15432,1491
EUR_USD,H1,2026-04-03T10:00:00.000000000Z,1.15432,1.15492,1.1542,1.15449,1368
EUR_USD,H1,2026-04-03T11:00:00.000000000Z,1.1545,1.15468,1.15409,1.15443,1659
EUR_USD,H1,2026-04-03T12:00:00.000000000Z,1.15444,1.1546,1.15177,1.1531,7854
EUR_USD,H1,2026-04-03T13:00:00.000000000Z,1.15308,1.15386,1.1528,1.1535,3116
EUR_USD,H1,2026-04-03T14:00:00.000000000Z,1.15352,1.15366,1.15209,1.15212,2652
EUR_USD,H1,2026-04-03T15:00:00.000000000Z,1.15213,1.15279,1.15201,1.15222,4695
EUR_USD,H1,2026-04-03T16:00:00.000000000Z,1.15222,1.15225,1.1519,1.1519,4067
EUR_USD,H1,2026-04-03T17:00:00.000000000Z,1.1519,1.15219,1.15186,1.15202,3826
EUR_USD,H1,2026-04-03T18:00:00.000000000Z,1.15202,1.15213,1.15142,1.15146,2548
EUR_USD,H1,2026-04-03T19:00:00.000000000Z,1.15145,1.15161,1.15142,1.15146,352
EUR_USD,H1,2026-04-03T20:00:00.000000000Z,1.15147,1.15348,1.15134,1.15222,1463
EUR_USD,H1,2026-04-05T21:00:00.000000000Z,1.15238,1.1524,1.15202,1.15213,413
EUR_USD,H1,2026-04-05T22:00:00.000000000Z,1.15212,1.15218,1.15053,1.1515,7293
EUR_USD,H1,2026-04-05T23:00:00.000000000Z,1.15149,1.15168,1.15086,1.15098,3550
EUR_USD,H1,2026-04-06T00:00:00.000000000Z,1.15098,1.15184,1.15094,1.15118,5272
EUR_USD,H1,2026-04-06T01:00:00.000000000Z,1.15118,1.15144,1.15064,1.1507,4029
EUR_USD,H1,2026-04-06T02:00:00.000000000Z,1.15071,1.15288,1.1507,1.15206,7402
EUR_USD,H1,2026-04-06T03:00:00.000000000Z,1.15207,1.15232,1.15173,1.1519,3842
EUR_USD,H1,2026-04-06T04:00:00.000000000Z,1.15192,1.15251,1.15186,1.15244,2305
EUR_USD,H1,2026-04-06T05:00:00.000000000Z,1.15244,1.15297,1.1523,1.15255,3289
EUR_USD,H1,2026-04-06T06:00:00.000000000Z,1.15254,1.15378,1.1522,1.15333,6457
EUR_USD,H1,2026-04-06T07:00:00.000000000Z,1.15332,1.15688,1.15253,1.15645,9547
EUR_USD,H1,2026-04-06T08:00:00.000000000Z,1.15646,1.15688,1.15538,1.15553,7341
EUR_USD,H1,2026-04-06T09:00:00.000000000Z,1.15554,1.15606,1.15475,1.15506,5849
EUR_USD,H1,2026-04-06T10:00:00.000000000Z,1.15506,1.15544,1.15377,1.15481,7333
EUR_USD,H1,2026-04-06T11:00:00.000000000Z,1.15482,1.15501,1.15403,1.15458,5093
EUR_USD,H1,2026-04-06T12:00:00.000000000Z,1.15458,1.15546,1.15426,1.15534,5147
EUR_USD,H1,2026-04-06T13:00:00.000000000Z,1.15536,1.15614,1.15494,1.15597,7312
EUR_USD,H1,2026-04-06T14:00:00.000000000Z,1.156,1.15716,1.15426,1.15432,17673
EUR_USD,H1,2026-04-06T15:00:00.000000000Z,1.15432,1.15446,1.15356,1.15444,10081
EUR_USD,H1,2026-04-06T16:00:00.000000000Z,1.15443,1.15482,1.15424,1.1545,5346
EUR_USD,H1,2026-04-06T17:00:00.000000000Z,1.15451,1.15488,1.15342,1.15416,8986
EUR_USD,H1,2026-04-06T18:00:00.000000000Z,1.15416,1.15528,1.15396,1.15457,9504
EUR_USD,H1,2026-04-06T19:00:00.000000000Z,1.15458,1.15469,1.15407,1.15429,3110
EUR_USD,H1,2026-04-06T20:00:00.000000000Z,1.1543,1.15445,1.15408,1.15433,2097
EUR_USD,H1,2026-04-06T21:00:00.000000000Z,1.15414,1.15448,1.15409,1.15432,1321
EUR_USD,H1,2026-04-06T22:00:00.000000000Z,1.15432,1.1548,1.15423,1.15428,3150
EUR_USD,H1,2026-04-06T23:00:00.000000000Z,1.15428,1.15436,1.1539,1.15409,1227
EUR_USD,H1,2026-04-07T00:00:00.000000000Z,1.15408,1.15439,1.15366,1.15376,4795
EUR_USD,H1,2026-04-07T01:00:00.000000000Z,1.15376,1.15403,1.15272,1.15302,5418
EUR_USD,H1,2026-04-07T02:00:00.000000000Z,1.15302,1.1532,1.15242,1.15298,3149
EUR_USD,H1,2026-04-07T03:00:00.000000000Z,1.15298,1.15349,1.15288,1.15346,2347
EUR_USD,H1,2026-04-07T04:00:00.000000000Z,1.15346,1.15389,1.1533,1.15383,2384
EUR_USD,H1,2026-04-07T05:00:00.000000000Z,1.15385,1.15398,1.15302,1.15354,4086
EUR_USD,H1,2026-04-07T06:00:00.000000000Z,1.15355,1.15456,1.15328,1.15447,6283
EUR_USD,H1,2026-04-07T07:00:00.000000000Z,1.15448,1.1546,1.15368,1.15428,5945
EUR_USD,H1,2026-04-07T08:00:00.000000000Z,1.15425,1.15756,1.1542,1.15737,15778
EUR_USD,H1,2026-04-07T09:00:00.000000000Z,1.15735,1.15756,1.15623,1.15629,7898
EUR_USD,H1,2026-04-07T10:00:00.000000000Z,1.15628,1.15638,1.15458,1.15543,14848
EUR_USD,H1,2026-04-07T11:00:00.000000000Z,1.15543,1.15621,1.15482,1.15602,7230
EUR_USD,H1,2026-04-07T12:00:00.000000000Z,1.15602,1.15698,1.1554,1.15606,10994
EUR_USD,H1,2026-04-07T13:00:00.000000000Z,1.15604,1.1565,1.1556,1.15638,11104
EUR_USD,H1,2026-04-07T14:00:00.000000000Z,1.15637,1.15836,1.15584,1.1572,14284
EUR_USD,H1,2026-04-07T15:00:00.000000000Z,1.1572,1.15786,1.1566,1.1571,12019
EUR_USD,H1,2026-04-07T16:00:00.000000000Z,1.15713,1.15797,1.15698,1.15716,11191
EUR_USD,H1,2026-04-07T17:00:00.000000000Z,1.15716,1.15796,1.15664,1.15776,7446
EUR_USD,H1,2026-04-07T18:00:00.000000000Z,1.15777,1.15831,1.15716,1.15748,5646
EUR_USD,H1,2026-04-07T19:00:00.000000000Z,1.15747,1.16018,1.15731,1.15952,17104
EUR_USD,H1,2026-04-07T20:00:00.000000000Z,1.15952,1.16052,1.15925,1.15975,7562
EUR_USD,H1,2026-04-07T21:00:00.000000000Z,1.15962,1.16033,1.15956,1.16,1295
EUR_USD,H1,2026-04-07T22:00:00.000000000Z,1.16002,1.16698,1.15889,1.1668,21472
EUR_USD,H1,2026-04-07T23:00:00.000000000Z,1.16682,1.16903,1.16614,1.16862,27861
EUR_USD,H1,2026-04-08T00:00:00.000000000Z,1.16863,1.1697,1.16661,1.16718,31207
EUR_USD,H1,2026-04-08T01:00:00.000000000Z,1.16718,1.16884,1.16712,1.16754,16952
EUR_USD,H1,2026-04-08T02:00:00.000000000Z,1.16754,1.16824,1.16688,1.16737,8858
EUR_USD,H1,2026-04-08T03:00:00.000000000Z,1.16739,1.1676,1.16662,1.16707,6232
EUR_USD,H1,2026-04-08T04:00:00.000000000Z,1.16708,1.1681,1.16708,1.16763,6782
EUR_USD,H1,2026-04-08T05:00:00.000000000Z,1.16764,1.17086,1.16721,1.16916,10421
EUR_USD,H1,2026-04-08T06:00:00.000000000Z,1.16915,1.17085,1.16846,1.16962,14432
EUR_USD,H1,2026-04-08T07:00:00.000000000Z,1.16965,1.17003,1.1679,1.16956,12765
EUR_USD,H1,2026-04-08T08:00:00.000000000Z,1.16956,1.16993,1.16689,1.16812,12678
EUR_USD,H1,2026-04-08T09:00:00.000000000Z,1.16814,1.16894,1.1678,1.16796,10009
EUR_USD,H1,2026-04-08T10:00:00.000000000Z,1.16795,1.16925,1.16776,1.16903,7642
EUR_USD,H1,2026-04-08T11:00:00.000000000Z,1.16902,1.17104,1.16854,1.17002,10247
EUR_USD,H1,2026-04-08T12:00:00.000000000Z,1.17004,1.17182,1.16881,1.17141,16112
EUR_USD,H1,2026-04-08T13:00:00.000000000Z,1.1714,1.17218,1.1687,1.16943,18328
EUR_USD,H1,2026-04-08T14:00:00.000000000Z,1.16942,1.17034,1.16894,1.16944,19467
EUR_USD,H1,2026-04-08T15:00:00.000000000Z,1.16946,1.16966,1.16842,1.16862,11967
EUR_USD,H1,2026-04-08T16:00:00.000000000Z,1.16863,1.16887,1.1677,1.16818,9908
EUR_USD,H1,2026-04-08T17:00:00.000000000Z,1.16817,1.16854,1.1669,1.1675,8563
EUR_USD,H1,2026-04-08T18:00:00.000000000Z,1.1675,1.16802,1.165,1.16504,12938
EUR_USD,H1,2026-04-08T19:00:00.000000000Z,1.16502,1.16706,1.16434,1.1668,10077
EUR_USD,H1,2026-04-08T20:00:00.000000000Z,1.1668,1.16695,1.16606,1.16622,3512
EUR_USD,H1,2026-04-08T21:00:00.000000000Z,1.16615,1.16672,1.16601,1.16662,1319
EUR_USD,H1,2026-04-08T22:00:00.000000000Z,1.1666,1.16678,1.166,1.16622,1982
EUR_USD,H1,2026-04-08T23:00:00.000000000Z,1.16623,1.16634,1.16576,1.16592,1805
EUR_USD,H1,2026-04-09T00:00:00.000000000Z,1.16593,1.16611,1.1653,1.16572,5393
EUR_USD,H1,2026-04-09T01:00:00.000000000Z,1.16572,1.16636,1.16504,1.16618,5260
EUR_USD,H1,2026-04-09T02:00:00.000000000Z,1.16618,1.16674,1.16592,1.16653,3211
EUR_USD,H1,2026-04-09T03:00:00.000000000Z,1.16654,1.1667,1.16606,1.16624,3419
EUR_USD,H1,2026-04-09T04:00:00.000000000Z,1.16624,1.16712,1.16619,1.16664,2187
EUR_USD,H1,2026-04-09T05:00:00.000000000Z,1.16665,1.16678,1.16592,1.1661,3725
EUR_USD,H1,2026-04-09T06:00:00.000000000Z,1.1661,1.16644,1.16544,1.16643,5426
EUR_USD,H1,2026-04-09T07:00:00.000000000Z,1.16645,1.16692,1.16554,1.1663,7147
EUR_USD,H1,2026-04-09T08:00:00.000000000Z,1.1663,1.1675,1.16597,1.1672,5369
EUR_USD,H1,2026-04-09T09:00:00.000000000Z,1.16721,1.16793,1.16686,1.16746,5590
EUR_USD,H1,2026-04-09T10:00:00.000000000Z,1.16746,1.16796,1.16711,1.16711,4999
EUR_USD,H1,2026-04-09T11:00:00.000000000Z,1.1671,1.16896,1.16696,1.16884,5286
EUR_USD,H1,2026-04-09T12:00:00.000000000Z,1.16885,1.169,1.1679,1.1686,7283
EUR_USD,H1,2026-04-09T13:00:00.000000000Z,1.16861,1.16953,1.16812,1.16818,9516
EUR_USD,H1,2026-04-09T14:00:00.000000000Z,1.16818,1.16881,1.16742,1.16847,11006
EUR_USD,H1,2026-04-09T15:00:00.000000000Z,1.16846,1.17072,1.16776,1.17056,16717
EUR_USD,H1,2026-04-09T16:00:00.000000000Z,1.17054,1.17142,1.17024,1.17106,8788
EUR_USD,H1,2026-04-09T17:00:00.000000000Z,1.17107,1.17234,1.17101,1.17142,6844
EUR_USD,H1,2026-04-09T18:00:00.000000000Z,1.17142,1.17149,1.16975,1.16992,9125
EUR_USD,H1,2026-04-09T19:00:00.000000000Z,1.16991,1.17086,1.1698,1.17006,5353
EUR_USD,H1,2026-04-09T20:00:00.000000000Z,1.17008,1.17008,1.16954,1.1699,2286
EUR_USD,H1,2026-04-09T21:00:00.000000000Z,1.17021,1.17022,1.16954,1.17015,3211
EUR_USD,H1,2026-04-09T22:00:00.000000000Z,1.17015,1.17026,1.16926,1.16941,1962
EUR_USD,H1,2026-04-09T23:00:00.000000000Z,1.16942,1.16963,1.16904,1.16917,1333
EUR_USD,H1,2026-04-10T00:00:00.000000000Z,1.16918,1.16918,1.16854,1.16879,3415
EUR_USD,H1,2026-04-10T01:00:00.000000000Z,1.1688,1.16948,1.16862,1.16922,3322
EUR_USD,H1,2026-04-10T02:00:00.000000000Z,1.16925,1.16943,1.16867,1.1691,2746
EUR_USD,H1,2026-04-10T03:00:00.000000000Z,1.16907,1.1697,1.16899,1.16958,1587
EUR_USD,H1,2026-04-10T04:00:00.000000000Z,1.16956,1.16966,1.16912,1.1692,1818
EUR_USD,H1,2026-04-10T05:00:00.000000000Z,1.16922,1.16928,1.16876,1.169,2395
EUR_USD,H1,2026-04-10T06:00:00.000000000Z,1.169,1.16936,1.16832,1.16842,4389
EUR_USD,H1,2026-04-10T07:00:00.000000000Z,1.16841,1.16896,1.1679,1.16797,5527
EUR_USD,H1,2026-04-10T08:00:00.000000000Z,1.16795,1.16898,1.16774,1.16859,4848
EUR_USD,H1,2026-04-10T09:00:00.000000000Z,1.16858,1.1711,1.16847,1.17103,11231
EUR_USD,H1,2026-04-10T10:00:00.000000000Z,1.17104,1.1716,1.17058,1.1713,5128
EUR_USD,H1,2026-04-10T11:00:00.000000000Z,1.17129,1.17189,1.17108,1.17141,4170
EUR_USD,H1,2026-04-10T12:00:00.000000000Z,1.17142,1.17258,1.17095,1.17209,10757
EUR_USD,H1,2026-04-10T13:00:00.000000000Z,1.17206,1.17348,1.17186,1.17278,10465
EUR_USD,H1,2026-04-10T14:00:00.000000000Z,1.17276,1.17384,1.17202,1.17278,13340
EUR_USD,H1,2026-04-10T15:00:00.000000000Z,1.17278,1.17396,1.17218,1.17224,10446
EUR_USD,H1,2026-04-10T16:00:00.000000000Z,1.17224,1.17254,1.17138,1.17204,6633
EUR_USD,H1,2026-04-10T17:00:00.000000000Z,1.17205,1.17262,1.1719,1.17234,4333
EUR_USD,H1,2026-04-10T18:00:00.000000000Z,1.17234,1.17354,1.17189,1.17316,5515
EUR_USD,H1,2026-04-10T19:00:00.000000000Z,1.17316,1.17326,1.17273,1.17274,3617
EUR_USD,H1,2026-04-10T20:00:00.000000000Z,1.17274,1.17311,1.17208,1.1725,4392
EUR_USD,H1,2026-04-12T21:00:00.000000000Z,1.16666,1.16818,1.16664,1.16736,1919
EUR_USD,H1,2026-04-12T22:00:00.000000000Z,1.16735,1.16796,1.16658,1.16724,8448
EUR_USD,H1,2026-04-12T23:00:00.000000000Z,1.16724,1.16756,1.1664,1.1675,4574
EUR_USD,H1,2026-04-13T00:00:00.000000000Z,1.16752,1.16876,1.1671,1.16876,6244
EUR_USD,H1,2026-04-13T01:00:00.000000000Z,1.16878,1.16898,1.16804,1.16862,5359
EUR_USD,H1,2026-04-13T02:00:00.000000000Z,1.16863,1.16902,1.16853,1.16885,2454
EUR_USD,H1,2026-04-13T03:00:00.000000000Z,1.16886,1.16894,1.1686,1.16882,1985
EUR_USD,H1,2026-04-13T04:00:00.000000000Z,1.16883,1.16902,1.16858,1.16862,2016
EUR_USD,H1,2026-04-13T05:00:00.000000000Z,1.16862,1.16891,1.16833,1.16878,3348
EUR_USD,H1,2026-04-13T06:00:00.000000000Z,1.1688,1.1695,1.1678,1.16857,7197
EUR_USD,H1,2026-04-13T07:00:00.000000000Z,1.16856,1.17002,1.16856,1.16971,6275
EUR_USD,H1,2026-04-13T08:00:00.000000000Z,1.16968,1.16971,1.16834,1.1686,5291
EUR_USD,H1,2026-04-13T09:00:00.000000000Z,1.16861,1.16928,1.16838,1.16862,4660
EUR_USD,H1,2026-04-13T10:00:00.000000000Z,1.16864,1.16951,1.16826,1.16936,4320
EUR_USD,H1,2026-04-13T11:00:00.000000000Z,1.16938,1.16998,1.1681,1.16818,6600
EUR_USD,H1,2026-04-13T12:00:00.000000000Z,1.16818,1.16992,1.16806,1.16984,7720
EUR_USD,H1,2026-04-13T13:00:00.000000000Z,1.16986,1.17124,1.16964,1.17054,12004
EUR_USD,H1,2026-04-13T14:00:00.000000000Z,1.17054,1.17209,1.17004,1.17102,12438
EUR_USD,H1,2026-04-13T15:00:00.000000000Z,1.17102,1.17126,1.17026,1.17096,8486
EUR_USD,H1,2026-04-13T16:00:00.000000000Z,1.17098,1.17314,1.17071,1.1725,10718
EUR_USD,H1,2026-04-13T17:00:00.000000000Z,1.1725,1.17379,1.17246,1.17335,4642
EUR_USD,H1,2026-04-13T18:00:00.000000000Z,1.17337,1.1766,1.17336,1.17645,7112
EUR_USD,H1,2026-04-13T19:00:00.000000000Z,1.17643,1.1765,1.1754,1.17602,4730
EUR_USD,H1,2026-04-13T20:00:00.000000000Z,1.17602,1.17632,1.17567,1.17588,2448
EUR_USD,H1,2026-04-13T21:00:00.000000000Z,1.17576,1.17598,1.17554,1.17579,1503
EUR_USD,H1,2026-04-13T22:00:00.000000000Z,1.17581,1.17651,1.17576,1.17616,1681
EUR_USD,H1,2026-04-13T23:00:00.000000000Z,1.17616,1.1767,1.1761,1.17669,1953
EUR_USD,H1,2026-04-14T00:00:00.000000000Z,1.1767,1.17681,1.17612,1.17664,4015
EUR_USD,H1,2026-04-14T01:00:00.000000000Z,1.17664,1.17678,1.17595,1.17602,3272
EUR_USD,H1,2026-04-14T02:00:00.000000000Z,1.17602,1.17622,1.17563,1.17608,2128
EUR_USD,H1,2026-04-14T03:00:00.000000000Z,1.17607,1.17684,1.1759,1.1767,1925
EUR_USD,H1,2026-04-14T04:00:00.000000000Z,1.17668,1.177,1.17646,1.17669,1253
EUR_USD,H1,2026-04-14T05:00:00.000000000Z,1.17668,1.17696,1.17595,1.17642,2769
EUR_USD,H1,2026-04-14T06:00:00.000000000Z,1.17642,1.17784,1.17582,1.17781,5752
EUR_USD,H1,2026-04-14T07:00:00.000000000Z,1.17782,1.17966,1.17774,1.178,9995
EUR_USD,H1,2026-04-14T08:00:00.000000000Z,1.178,1.17846,1.17752,1.17827,6876
EUR_USD,H1,2026-04-14T09:00:00.000000000Z,1.17828,1.17926,1.17819,1.17888,4737
EUR_USD,H1,2026-04-14T10:00:00.000000000Z,1.17889,1.17988,1.17883,1.17966,5169
EUR_USD,H1,2026-04-14T11:00:00.000000000Z,1.17966,1.18064,1.17954,1.17996,6133
EUR_USD,H1,2026-04-14T12:00:00.000000000Z,1.17996,1.1806,1.17928,1.18046,10672
EUR_USD,H1,2026-04-14T13:00:00.000000000Z,1.18046,1.18078,1.17936,1.17994,9967
EUR_USD,H1,2026-04-14T14:00:00.000000000Z,1.17992,1.18112,1.17934,1.18088,10783
EUR_USD,H1,2026-04-14T15:00:00.000000000Z,1.18086,1.18086,1.17875,1.17905,11899
EUR_USD,H1,2026-04-14T16:00:00.000000000Z,1.17905,1.17971,1.17882,1.17942,5540
EUR_USD,H1,2026-04-14T17:00:00.000000000Z,1.17942,1.17996,1.17918,1.17958,3638
EUR_USD,H1,2026-04-14T18:00:00.000000000Z,1.1796,1.17969,1.17905,1.1793,5364
EUR_USD,H1,2026-04-14T19:00:00.000000000Z,1.1793,1.17955,1.17906,1.17919,2730
EUR_USD,H1,2026-04-14T20:00:00.000000000Z,1.1792,1.17962,1.17914,1.1796,1701
EUR_USD,H1,2026-04-14T21:00:00.000000000Z,1.17966,1.17966,1.17904,1.17922,849
EUR_USD,H1,2026-04-14T22:00:00.000000000Z,1.1792,1.17996,1.17918,1.17953,1884
EUR_USD,H1,2026-04-14T23:00:00.000000000Z,1.1795,1.1802,1.17945,1.17984,2931
EUR_USD,H1,2026-04-15T00:00:00.000000000Z,1.17983,1.17987,1.17894,1.17941,4605
EUR_USD,H1,2026-04-15T01:00:00.000000000Z,1.17938,1.17969,1.17898,1.17908,4260
EUR_USD,H1,2026-04-15T02:00:00.000000000Z,1.17908,1.17908,1.1779,1.17835,2905
EUR_USD,H1,2026-04-15T03:00:00.000000000Z,1.17836,1.17892,1.17804,1.17872,1998
EUR_USD,H1,2026-04-15T04:00:00.000000000Z,1.1787,1.17896,1.17864,1.17886,1518
EUR_USD,H1,2026-04-15T05:00:00.000000000Z,1.17886,1.17983,1.17884,1.1792,4338
EUR_USD,H1,2026-04-15T06:00:00.000000000Z,1.1792,1.17993,1.17838,1.17843,5441
EUR_USD,H1,2026-04-15T07:00:00.000000000Z,1.17842,1.17906,1.17828,1.17858,6608
EUR_USD,H1,2026-04-15T08:00:00.000000000Z,1.17857,1.17954,1.17854,1.17894,5267
EUR_USD,H1,2026-04-15T09:00:00.000000000Z,1.17895,1.17916,1.17754,1.17816,9482
EUR_USD,H1,2026-04-15T10:00:00.000000000Z,1.17816,1.17866,1.1772,1.1777,9506
EUR_USD,H1,2026-04-15T11:00:00.000000000Z,1.1777,1.17846,1.17732,1.1783,7568
EUR_USD,H1,2026-04-15T12:00:00.000000000Z,1.1783,1.1793,1.17772,1.17882,7446
EUR_USD,H1,2026-04-15T13:00:00.000000000Z,1.17881,1.17975,1.17842,1.1788,9053
EUR_USD,H1,2026-04-15T14:00:00.000000000Z,1.17881,1.18003,1.17844,1.17967,10163
EUR_USD,H1,2026-04-15T15:00:00.000000000Z,1.17966,1.1808,1.17946,1.17982,9274
EUR_USD,H1,2026-04-15T16:00:00.000000000Z,1.1798,1.18028,1.17976,1.1801,6545
EUR_USD,H1,2026-04-15T17:00:00.000000000Z,1.1801,1.1802,1.17927,1.17948,4345
EUR_USD,H1,2026-04-15T18:00:00.000000000Z,1.17949,1.1802,1.17938,1.18004,6019
EUR_USD,H1,2026-04-15T19:00:00.000000000Z,1.18002,1.18048,1.17986,1.17998,3184
EUR_USD,H1,2026-04-15T20:00:00.000000000Z,1.17999,1.18012,1.17954,1.17994,2255
EUR_USD,H1,2026-04-15T21:00:00.000000000Z,1.18002,1.18033,1.17978,1.17986,1532
EUR_USD,H1,2026-04-15T22:00:00.000000000Z,1.17983,1.18034,1.17978,1.18026,1373
EUR_USD,H1,2026-04-15T23:00:00.000000000Z,1.18028,1.1808,1.18026,1.18068,1430
EUR_USD,H1,2026-04-16T00:00:00.000000000Z,1.18068,1.18086,1.18028,1.18074,3014
EUR_USD,H1,2026-04-16T01:00:00.000000000Z,1.18072,1.18092,1.1797,1.18027,3863
EUR_USD,H1,2026-04-16T02:00:00.000000000Z,1.18026,1.18176,1.1802,1.1817,3854
EUR_USD,H1,2026-04-16T03:00:00.000000000Z,1.18172,1.18239,1.18122,1.1813,3301
EUR_USD,H1,2026-04-16T04:00:00.000000000Z,1.18128,1.1813,1.18082,1.18094,1613
EUR_USD,H1,2026-04-16T05:00:00.000000000Z,1.18094,1.18101,1.1803,1.18043,2967
EUR_USD,H1,2026-04-16T06:00:00.000000000Z,1.18044,1.18069,1.17935,1.18034,5443
EUR_USD,H1,2026-04-16T07:00:00.000000000Z,1.18034,1.18048,1.1791,1.17915,7145
EUR_USD,H1,2026-04-16T08:00:00.000000000Z,1.17916,1.1794,1.17766,1.17864,7105
EUR_USD,H1,2026-04-16T09:00:00.000000000Z,1.17863,1.17877,1.17769,1.17796,5069
EUR_USD,H1,2026-04-16T10:00:00.000000000Z,1.17796,1.17804,1.17726,1.178,3640
EUR_USD,H1,2026-04-16T11:00:00.000000000Z,1.178,1.17887,1.178,1.1784,5306
EUR_USD,H1,2026-04-16T12:00:00.000000000Z,1.1784,1.17847,1.1776,1.17816,6889
EUR_USD,H1,2026-04-16T13:00:00.000000000Z,1.17817,1.17836,1.17669,1.17724,8682
EUR_USD,H1,2026-04-16T14:00:00.000000000Z,1.17726,1.17822,1.1769,1.17718,11998
EUR_USD,H1,2026-04-16T15:00:00.000000000Z,1.17716,1.1782,1.177,1.1782,9574
EUR_USD,H1,2026-04-16T16:00:00.000000000Z,1.17822,1.17872,1.17688,1.1775,7634
EUR_USD,H1,2026-04-16T17:00:00.000000000Z,1.1775,1.17756,1.17682,1.17738,4960
EUR_USD,H1,2026-04-16T18:00:00.000000000Z,1.17738,1.17811,1.17734,1.17798,6076
EUR_USD,H1,2026-04-16T19:00:00.000000000Z,1.17798,1.17858,1.17798,1.17812,3635
EUR_USD,H1,2026-04-16T20:00:00.000000000Z,1.17813,1.17834,1.17786,1.17826,1585
EUR_USD,H1,2026-04-16T21:00:00.000000000Z,1.17793,1.17831,1.17793,1.1782,378
EUR_USD,H1,2026-04-16T22:00:00.000000000Z,1.1782,1.17872,1.17806,1.17854,1083
EUR_USD,H1,2026-04-16T23:00:00.000000000Z,1.17852,1.17864,1.17808,1.17811,1416
EUR_USD,H1,2026-04-17T00:00:00.000000000Z,1.1781,1.17833,1.17771,1.1779,3536
EUR_USD,H1,2026-04-17T01:00:00.000000000Z,1.1779,1.17798,1.17746,1.1776,3553
EUR_USD,H1,2026-04-17T02:00:00.000000000Z,1.17761,1.17778,1.17731,1.17772,2087
EUR_USD,H1,2026-04-17T03:00:00.000000000Z,1.17772,1.17854,1.17754,1.17833,1955
EUR_USD,H1,2026-04-17T04:00:00.000000000Z,1.17834,1.17844,1.17816,1.17827,1828
EUR_USD,H1,2026-04-17T05:00:00.000000000Z,1.17826,1.17844,1.17799,1.17808,2999
EUR_USD,H1,2026-04-17T06:00:00.000000000Z,1.17808,1.17831,1.17724,1.1775,4908
EUR_USD,H1,2026-04-17T07:00:00.000000000Z,1.17752,1.17832,1.1775,1.17824,6075
EUR_USD,H1,2026-04-17T08:00:00.000000000Z,1.17824,1.17957,1.17808,1.17939,4989
EUR_USD,H1,2026-04-17T09:00:00.000000000Z,1.1794,1.17994,1.1791,1.17934,4923
EUR_USD,H1,2026-04-17T10:00:00.000000000Z,1.17933,1.1796,1.17913,1.17946,3818
EUR_USD,H1,2026-04-17T11:00:00.000000000Z,1.17945,1.17994,1.1792,1.17937,3999
EUR_USD,H1,2026-04-17T12:00:00.000000000Z,1.17939,1.18374,1.17934,1.18354,17450
EUR_USD,H1,2026-04-17T13:00:00.000000000Z,1.18355,1.18492,1.18242,1.18338,25705
EUR_USD,H1,2026-04-17T14:00:00.000000000Z,1.18337,1.1836,1.18134,1.18137,17086
EUR_USD,H1,2026-04-17T15:00:00.000000000Z,1.18138,1.18166,1.17998,1.18006,14914
EUR_USD,H1,2026-04-17T16:00:00.000000000Z,1.18006,1.18048,1.17919,1.17988,7083
EUR_USD,H1,2026-04-17T17:00:00.000000000Z,1.17986,1.17986,1.17849,1.17954,9426
EUR_USD,H1,2026-04-17T18:00:00.000000000Z,1.17955,1.17977,1.17744,1.178,7636
EUR_USD,H1,2026-04-17T19:00:00.000000000Z,1.17799,1.1784,1.17671,1.1769,5236
EUR_USD,H1,2026-04-17T20:00:00.000000000Z,1.1769,1.17721,1.17606,1.17638,3863
EUR_USD,H1,2026-04-19T21:00:00.000000000Z,1.17408,1.17434,1.17304,1.17322,1325
EUR_USD,H1,2026-04-19T22:00:00.000000000Z,1.17322,1.17402,1.17286,1.174,5704
EUR_USD,H1,2026-04-19T23:00:00.000000000Z,1.174,1.17456,1.17364,1.1739,3871
EUR_USD,H1,2026-04-20T00:00:00.000000000Z,1.1739,1.17572,1.17371,1.17545,6545
EUR_USD,H1,2026-04-20T01:00:00.000000000Z,1.17544,1.176,1.17506,1.17568,4824
EUR_USD,H1,2026-04-20T02:00:00.000000000Z,1.17569,1.17617,1.17546,1.1757,2805
EUR_USD,H1,2026-04-20T03:00:00.000000000Z,1.17568,1.17626,1.17548,1.17602,2395
EUR_USD,H1,2026-04-20T04:00:00.000000000Z,1.17603,1.17622,1.17564,1.17592,2231
EUR_USD,H1,2026-04-20T05:00:00.000000000Z,1.1759,1.17608,1.1747,1.17532,4300
EUR_USD,H1,2026-04-20T06:00:00.000000000Z,1.1753,1.17657,1.17476,1.17652,8500
EUR_USD,H1,2026-04-20T07:00:00.000000000Z,1.17651,1.1772,1.17536,1.17594,9628
EUR_USD,H1,2026-04-20T08:00:00.000000000Z,1.17593,1.17649,1.17568,1.17612,7137
EUR_USD,H1,2026-04-20T09:00:00.000000000Z,1.17612,1.17658,1.17552,1.17654,5717
EUR_USD,H1,2026-04-20T10:00:00.000000000Z,1.17656,1.17716,1.17624,1.17706,4657
EUR_USD,H1,2026-04-20T11:00:00.000000000Z,1.17707,1.17755,1.17654,1.1767,4985
EUR_USD,H1,2026-04-20T12:00:00.000000000Z,1.1767,1.17684,1.1756,1.1765,6702
EUR_USD,H1,2026-04-20T13:00:00.000000000Z,1.17651,1.17817,1.17613,1.17752,11994
EUR_USD,H1,2026-04-20T14:00:00.000000000Z,1.17751,1.17782,1.17624,1.1772,13660
EUR_USD,H1,2026-04-20T15:00:00.000000000Z,1.1772,1.17896,1.17684,1.17841,11926
EUR_USD,H1,2026-04-20T16:00:00.000000000Z,1.17842,1.17881,1.17819,1.17858,6028
EUR_USD,H1,2026-04-20T17:00:00.000000000Z,1.17859,1.17904,1.17815,1.17837,4639
EUR_USD,H1,2026-04-20T18:00:00.000000000Z,1.17838,1.17898,1.17788,1.17802,5786
EUR_USD,H1,2026-04-20T19:00:00.000000000Z,1.178,1.17888,1.17798,1.1786,3341
EUR_USD,H1,2026-04-20T20:00:00.000000000Z,1.17862,1.17888,1.17836,1.17872,1997
EUR_USD,H1,2026-04-20T21:00:00.000000000Z,1.17876,1.17887,1.17854,1.17876,939
EUR_USD,H1,2026-04-20T22:00:00.000000000Z,1.17872,1.17905,1.17856,1.17905,1813
EUR_USD,H1,2026-04-20T23:00:00.000000000Z,1.17908,1.17911,1.17832,1.17842,1293
EUR_USD,H1,2026-04-21T00:00:00.000000000Z,1.17843,1.17857,1.17808,1.17829,4757
EUR_USD,H1,2026-04-21T01:00:00.000000000Z,1.1783,1.17862,1.17796,1.17804,3328
EUR_USD,H1,2026-04-21T02:00:00.000000000Z,1.17805,1.17823,1.1777,1.17794,2569
EUR_USD,H1,2026-04-21T03:00:00.000000000Z,1.17795,1.17796,1.17732,1.17756,2069
EUR_USD,H1,2026-04-21T04:00:00.000000000Z,1.17756,1.17766,1.17742,1.17756,1841
EUR_USD,H1,2026-04-21T05:00:00.000000000Z,1.17758,1.17823,1.17754,1.17784,4397
EUR_USD,H1,2026-04-21T06:00:00.000000000Z,1.17783,1.17802,1.1772,1.17747,5707
EUR_USD,H1,2026-04-21T07:00:00.000000000Z,1.17745,1.1777,1.17634,1.17642,6863
EUR_USD,H1,2026-04-21T08:00:00.000000000Z,1.17642,1.1767,1.1757,1.17653,7404
EUR_USD,H1,2026-04-21T09:00:00.000000000Z,1.1765,1.1765,1.17565,1.17594,5038
EUR_USD,H1,2026-04-21T10:00:00.000000000Z,1.17594,1.17615,1.17566,1.17612,3967
EUR_USD,H1,2026-04-21T11:00:00.000000000Z,1.17613,1.17684,1.17561,1.17671,5909
EUR_USD,H1,2026-04-21T12:00:00.000000000Z,1.17672,1.17683,1.17542,1.17594,8881
EUR_USD,H1,2026-04-21T13:00:00.000000000Z,1.17594,1.17717,1.1758,1.17657,8295
EUR_USD,H1,2026-04-21T14:00:00.000000000Z,1.17656,1.1776,1.1752,1.17524,11769
EUR_USD,H1,2026-04-21T15:00:00.000000000Z,1.17524,1.17598,1.17412,1.17514,12123
EUR_USD,H1,2026-04-21T16:00:00.000000000Z,1.17516,1.17558,1.17404,1.17416,6801
EUR_USD,H1,2026-04-21T17:00:00.000000000Z,1.17416,1.17638,1.172,1.17429,15868
EUR_USD,H1,2026-04-21T18:00:00.000000000Z,1.17428,1.17472,1.17294,1.17407,11033
EUR_USD,H1,2026-04-21T19:00:00.000000000Z,1.17409,1.17523,1.17188,1.17256,17918
EUR_USD,H1,2026-04-21T20:00:00.000000000Z,1.17256,1.17535,1.17234,1.17438,12323
EUR_USD,H1,2026-04-21T21:00:00.000000000Z,1.17476,1.17476,1.1735,1.17405,1564
EUR_USD,H1,2026-04-21T22:00:00.000000000Z,1.17405,1.17439,1.17388,1.1739,1654
EUR_USD,H1,2026-04-21T23:00:00.000000000Z,1.17389,1.17442,1.17375,1.1744,1744
EUR_USD,H1,2026-04-22T00:00:00.000000000Z,1.17439,1.17514,1.17431,1.17439,4494
EUR_USD,H1,2026-04-22T01:00:00.000000000Z,1.17438,1.1747,1.17386,1.17447,4036
EUR_USD,H1,2026-04-22T02:00:00.000000000Z,1.17448,1.17484,1.17398,1.17406,2539
EUR_USD,H1,2026-04-22T03:00:00.000000000Z,1.17406,1.17426,1.17377,1.17386,2323
EUR_USD,H1,2026-04-22T04:00:00.000000000Z,1.17385,1.17424,1.17384,1.17396,1765
EUR_USD,H1,2026-04-22T05:00:00.000000000Z,1.17396,1.17627,1.17391,1.17506,7236
EUR_USD,H1,2026-04-22T06:00:00.000000000Z,1.17506,1.17552,1.17448,1.17494,5307
EUR_USD,H1,2026-04-22T07:00:00.000000000Z,1.17493,1.17564,1.1746,1.17554,5497
EUR_USD,H1,2026-04-22T08:00:00.000000000Z,1.17556,1.17592,1.17474,1.17538,6132
EUR_USD,H1,2026-04-22T09:00:00.000000000Z,1.17535,1.17574,1.17466,1.17476,5356
EUR_USD,H1,2026-04-22T10:00:00.000000000Z,1.17477,1.17532,1.17438,1.17518,4604
EUR_USD,H1,2026-04-22T11:00:00.000000000Z,1.17516,1.17516,1.1732,1.17346,6483
EUR_USD,H1,2026-04-22T12:00:00.000000000Z,1.17347,1.17378,1.17248,1.17277,7442
EUR_USD,H1,2026-04-22T13:00:00.000000000Z,1.17276,1.17432,1.1724,1.17408,11498
EUR_USD,H1,2026-04-22T14:00:00.000000000Z,1.1741,1.17432,1.17184,1.17186,9866
EUR_USD,H1,2026-04-22T15:00:00.000000000Z,1.17186,1.1724,1.17124,1.17132,8831
EUR_USD,H1,2026-04-22T16:00:00.000000000Z,1.17132,1.17158,1.171,1.17126,5572
EUR_USD,H1,2026-04-22T17:00:00.000000000Z,1.17128,1.1717,1.17101,1.17104,4640
EUR_USD,H1,2026-04-22T18:00:00.000000000Z,1.17104,1.1713,1.17076,1.17088,3353
EUR_USD,H1,2026-04-22T19:00:00.000000000Z,1.17089,1.17112,1.1705,1.17056,3362
EUR_USD,H1,2026-04-22T20:00:00.000000000Z,1.17058,1.17078,1.17032,1.17066,2187
EUR_USD,H1,2026-04-22T21:00:00.000000000Z,1.17058,1.17092,1.17048,1.17084,535
EUR_USD,H1,2026-04-22T22:00:00.000000000Z,1.17086,1.17092,1.17052,1.17063,1024
EUR_USD,H1,2026-04-22T23:00:00.000000000Z,1.17064,1.17072,1.17047,1.17057,917
EUR_USD,H1,2026-04-23T00:00:00.000000000Z,1.17058,1.17137,1.16924,1.17118,12360
EUR_USD,H1,2026-04-23T01:00:00.000000000Z,1.17118,1.1713,1.17078,1.17092,5195
EUR_USD,H1,2026-04-23T02:00:00.000000000Z,1.17092,1.17105,1.1696,1.16974,4878
EUR_USD,H1,2026-04-23T03:00:00.000000000Z,1.16975,1.17018,1.16949,1.16956,4599
EUR_USD,H1,2026-04-23T04:00:00.000000000Z,1.16956,1.17007,1.16952,1.17002,2507
EUR_USD,H1,2026-04-23T05:00:00.000000000Z,1.17003,1.17072,1.16996,1.17072,3227
EUR_USD,H1,2026-04-23T06:00:00.000000000Z,1.1707,1.17091,1.1702,1.17036,4568
EUR_USD,H1,2026-04-23T07:00:00.000000000Z,1.17036,1.1712,1.16954,1.17026,8334
EUR_USD,H1,2026-04-23T08:00:00.000000000Z,1.17026,1.17054,1.16966,1.17016,6305
EUR_USD,H1,2026-04-23T09:00:00.000000000Z,1.17016,1.17024,1.16904,1.16937,6420
EUR_USD,H1,2026-04-23T10:00:00.000000000Z,1.16935,1.16962,1.16797,1.16824,5903
EUR_USD,H1,2026-04-23T11:00:00.000000000Z,1.16825,1.16978,1.1679,1.16908,7695
EUR_USD,H1,2026-04-23T12:00:00.000000000Z,1.16907,1.16982,1.16862,1.1692,11824
EUR_USD,H1,2026-04-23T13:00:00.000000000Z,1.16922,1.16968,1.16834,1.16912,10172
EUR_USD,H1,2026-04-23T14:00:00.000000000Z,1.16914,1.17166,1.16874,1.17108,10009
EUR_USD,H1,2026-04-23T15:00:00.000000000Z,1.17108,1.17155,1.17008,1.17034,8787
EUR_USD,H1,2026-04-23T16:00:00.000000000Z,1.17036,1.17056,1.16984,1.17022,5496
EUR_USD,H1,2026-04-23T17:00:00.000000000Z,1.17022,1.17028,1.16692,1.16929,24095
EUR_USD,H1,2026-04-23T18:00:00.000000000Z,1.1693,1.17,1.1688,1.16892,13258
EUR_USD,H1,2026-04-23T19:00:00.000000000Z,1.1689,1.16904,1.16803,1.16866,6887
EUR_USD,H1,2026-04-23T20:00:00.000000000Z,1.16866,1.16868,1.16806,1.16827,3099
EUR_USD,H1,2026-04-23T21:00:00.000000000Z,1.16836,1.169,1.168,1.16855,3995
EUR_USD,H1,2026-04-23T22:00:00.000000000Z,1.16863,1.16869,1.16852,1.16862,973
EUR_USD,H1,2026-04-23T23:00:00.000000000Z,1.1686,1.16862,1.16821,1.16836,1150
EUR_USD,H1,2026-04-24T00:00:00.000000000Z,1.16836,1.16886,1.16819,1.16854,4456
EUR_USD,H1,2026-04-24T01:00:00.000000000Z,1.16854,1.16888,1.16822,1.16887,4085
EUR_USD,H1,2026-04-24T02:00:00.000000000Z,1.16889,1.16894,1.16782,1.1679,2970
EUR_USD,H1,2026-04-24T03:00:00.000000000Z,1.16791,1.16802,1.16729,1.1678,2792
EUR_USD,H1,2026-04-24T04:00:00.000000000Z,1.1678,1.16817,1.16766,1.16792,2344
EUR_USD,H1,2026-04-24T05:00:00.000000000Z,1.16792,1.16832,1.16766,1.16821,2681
EUR_USD,H1,2026-04-24T06:00:00.000000000Z,1.16824,1.16838,1.16775,1.16786,4350
EUR_USD,H1,2026-04-24T07:00:00.000000000Z,1.16785,1.16939,1.16762,1.16909,5142
EUR_USD,H1,2026-04-24T08:00:00.000000000Z,1.16908,1.1696,1.16839,1.16898,7225
EUR_USD,H1,2026-04-24T09:00:00.000000000Z,1.169,1.16908,1.16842,1.16865,4442
EUR_USD,H1,2026-04-24T10:00:00.000000000Z,1.16864,1.17036,1.16856,1.17033,4361
EUR_USD,H1,2026-04-24T11:00:00.000000000Z,1.17034,1.17186,1.17028,1.17146,13649
EUR_USD,H1,2026-04-24T12:00:00.000000000Z,1.17148,1.17176,1.17028,1.17088,8432
EUR_USD,H1,2026-04-24T13:00:00.000000000Z,1.1709,1.17127,1.16986,1.17068,9307
EUR_USD,H1,2026-04-24T14:00:00.000000000Z,1.17068,1.17171,1.17002,1.17064,13442
EUR_USD,H1,2026-04-24T15:00:00.000000000Z,1.17064,1.17198,1.17006,1.17175,11269
EUR_USD,H1,2026-04-24T16:00:00.000000000Z,1.17176,1.17198,1.1713,1.17191,6460
EUR_USD,H1,2026-04-24T17:00:00.000000000Z,1.17192,1.17213,1.17121,1.17136,5578
EUR_USD,H1,2026-04-24T18:00:00.000000000Z,1.17136,1.17198,1.17112,1.17178,3912
EUR_USD,H1,2026-04-24T19:00:00.000000000Z,1.1718,1.1721,1.17155,1.17188,4111
EUR_USD,H1,2026-04-24T20:00:00.000000000Z,1.17186,1.17236,1.17167,1.17187,3007
EUR_USD,H1,2026-04-26T21:00:00.000000000Z,1.16999,1.17104,1.16994,1.17082,799
EUR_USD,H1,2026-04-26T22:00:00.000000000Z,1.17086,1.17134,1.17043,1.17081,1917
EUR_USD,H1,2026-04-26T23:00:00.000000000Z,1.17082,1.17096,1.17053,1.17056,1215
EUR_USD,H1,2026-04-27T00:00:00.000000000Z,1.17056,1.17172,1.17056,1.17162,4401
EUR_USD,H1,2026-04-27T01:00:00.000000000Z,1.17162,1.1727,1.17162,1.17244,6726
EUR_USD,H1,2026-04-27T02:00:00.000000000Z,1.17246,1.17283,1.17196,1.17266,2832
EUR_USD,H1,2026-04-27T03:00:00.000000000Z,1.17264,1.17327,1.17264,1.17294,2419
EUR_USD,H1,2026-04-27T04:00:00.000000000Z,1.17292,1.17316,1.17252,1.17267,2235
EUR_USD,H1,2026-04-27T05:00:00.000000000Z,1.17266,1.1728,1.17222,1.17224,3170
EUR_USD,H1,2026-04-27T06:00:00.000000000Z,1.17225,1.17298,1.17168,1.17298,4757
EUR_USD,H1,2026-04-27T07:00:00.000000000Z,1.17298,1.17454,1.17293,1.1744,5549
EUR_USD,H1,2026-04-27T08:00:00.000000000Z,1.17437,1.17509,1.17392,1.17485,6217
EUR_USD,H1,2026-04-27T09:00:00.000000000Z,1.17486,1.17509,1.1741,1.17422,4165
EUR_USD,H1,2026-04-27T10:00:00.000000000Z,1.17422,1.17479,1.1739,1.1746,3448
EUR_USD,H1,2026-04-27T11:00:00.000000000Z,1.17461,1.17471,1.17379,1.17412,3926
EUR_USD,H1,2026-04-27T12:00:00.000000000Z,1.17412,1.1755,1.17408,1.17444,6434
EUR_USD,H1,2026-04-27T13:00:00.000000000Z,1.17445,1.17542,1.17358,1.174,8351
EUR_USD,H1,2026-04-27T14:00:00.000000000Z,1.174,1.17482,1.17332,1.17361,8490
EUR_USD,H1,2026-04-27T15:00:00.000000000Z,1.17362,1.17369,1.17293,1.17308,5863
EUR_USD,H1,2026-04-27T16:00:00.000000000Z,1.17308,1.17339,1.17252,1.1726,3676
EUR_USD,H1,2026-04-27T17:00:00.000000000Z,1.1726,1.17301,1.17202,1.17231,4641
EUR_USD,H1,2026-04-27T18:00:00.000000000Z,1.17232,1.17248,1.17189,1.17201,2637
EUR_USD,H1,2026-04-27T19:00:00.000000000Z,1.172,1.1726,1.17192,1.17207,2961
EUR_USD,H1,2026-04-27T20:00:00.000000000Z,1.17208,1.17232,1.17198,1.17208,1177
EUR_USD,H1,2026-04-27T21:00:00.000000000Z,1.17218,1.17225,1.17199,1.1722,985
EUR_USD,H1,2026-04-27T22:00:00.000000000Z,1.1722,1.17232,1.17192,1.17223,1343
EUR_USD,H1,2026-04-27T23:00:00.000000000Z,1.17224,1.17232,1.17214,1.17231,1088
EUR_USD,H1,2026-04-28T00:00:00.000000000Z,1.17232,1.1727,1.17172,1.17188,3774
EUR_USD,H1,2026-04-28T01:00:00.000000000Z,1.17186,1.17188,1.17124,1.17128,3890
EUR_USD,H1,2026-04-28T02:00:00.000000000Z,1.17127,1.17136,1.1708,1.17084,2630
EUR_USD,H1,2026-04-28T03:00:00.000000000Z,1.17085,1.1718,1.17082,1.17132,3846
EUR_USD,H1,2026-04-28T04:00:00.000000000Z,1.17134,1.17164,1.17118,1.17126,2106
EUR_USD,H1,2026-04-28T05:00:00.000000000Z,1.17126,1.17134,1.17053,1.17061,3403
EUR_USD,H1,2026-04-28T06:00:00.000000000Z,1.1706,1.17081,1.16872,1.16876,6617
EUR_USD,H1,2026-04-28T07:00:00.000000000Z,1.16876,1.1701,1.1686,1.16966,7228
EUR_USD,H1,2026-04-28T08:00:00.000000000Z,1.16967,1.17078,1.16949,1.17023,7337
EUR_USD,H1,2026-04-28T09:00:00.000000000Z,1.1702,1.17022,1.16864,1.16922,6279
EUR_USD,H1,2026-04-28T10:00:00.000000000Z,1.16924,1.16958,1.16905,1.16934,5917
EUR_USD,H1,2026-04-28T11:00:00.000000000Z,1.16931,1.16994,1.16822,1.16829,8084
EUR_USD,H1,2026-04-28T12:00:00.000000000Z,1.1683,1.17,1.16775,1.16969,10668
EUR_USD,H1,2026-04-28T13:00:00.000000000Z,1.1697,1.17038,1.16884,1.16975,11095
EUR_USD,H1,2026-04-28T14:00:00.000000000Z,1.16974,1.17034,1.16906,1.17009,12369
EUR_USD,H1,2026-04-28T15:00:00.000000000Z,1.1701,1.17158,1.17009,1.17137,9087
EUR_USD,H1,2026-04-28T16:00:00.000000000Z,1.17138,1.1717,1.17054,1.17105,5325
EUR_USD,H1,2026-04-28T17:00:00.000000000Z,1.17104,1.17177,1.17066,1.17136,4641
EUR_USD,H1,2026-04-28T18:00:00.000000000Z,1.17138,1.17162,1.17112,1.17118,3741
EUR_USD,H1,2026-04-28T19:00:00.000000000Z,1.17117,1.17152,1.1707,1.171,2837
EUR_USD,H1,2026-04-28T20:00:00.000000000Z,1.17097,1.17153,1.17094,1.17127,1863
EUR_USD,H1,2026-04-28T21:00:00.000000000Z,1.1713,1.17161,1.17129,1.17142,305
EUR_USD,H1,2026-04-28T22:00:00.000000000Z,1.17143,1.17184,1.17142,1.17158,2201
EUR_USD,H1,2026-04-28T23:00:00.000000000Z,1.17158,1.17178,1.17154,1.17177,838
EUR_USD,H1,2026-04-29T00:00:00.000000000Z,1.17177,1.17208,1.17146,1.17156,2290
EUR_USD,H1,2026-04-29T01:00:00.000000000Z,1.17158,1.17162,1.1707,1.17121,5658
EUR_USD,H1,2026-04-29T02:00:00.000000000Z,1.17124,1.17168,1.17072,1.17076,3368
EUR_USD,H1,2026-04-29T03:00:00.000000000Z,1.17076,1.17108,1.17051,1.1706,2010
EUR_USD,H1,2026-04-29T04:00:00.000000000Z,1.1706,1.17078,1.17044,1.17056,1217
EUR_USD,H1,2026-04-29T05:00:00.000000000Z,1.17057,1.17058,1.16982,1.17007,3094
EUR_USD,H1,2026-04-29T06:00:00.000000000Z,1.17008,1.17042,1.16965,1.16999,4585
EUR_USD,H1,2026-04-29T07:00:00.000000000Z,1.16991,1.17083,1.16982,1.17054,6172
EUR_USD,H1,2026-04-29T08:00:00.000000000Z,1.17053,1.17058,1.16936,1.17002,6799
EUR_USD,H1,2026-04-29T09:00:00.000000000Z,1.17003,1.17045,1.1696,1.16976,5191
EUR_USD,H1,2026-04-29T10:00:00.000000000Z,1.16976,1.17094,1.16964,1.17092,4120
EUR_USD,H1,2026-04-29T11:00:00.000000000Z,1.17094,1.17098,1.16998,1.17011,5268
EUR_USD,H1,2026-04-29T12:00:00.000000000Z,1.17011,1.17082,1.16935,1.1699,8764
EUR_USD,H1,2026-04-29T13:00:00.000000000Z,1.1699,1.17034,1.16826,1.16888,12188
EUR_USD,H1,2026-04-29T14:00:00.000000000Z,1.16886,1.17032,1.16838,1.1701,10677
EUR_USD,H1,2026-04-29T15:00:00.000000000Z,1.1701,1.17042,1.16874,1.16948,12007
EUR_USD,H1,2026-04-29T16:00:00.000000000Z,1.16948,1.16988,1.16836,1.16847,7563
EUR_USD,H1,2026-04-29T17:00:00.000000000Z,1.16846,1.1689,1.16798,1.16875,7075
EUR_USD,H1,2026-04-29T18:00:00.000000000Z,1.1687,1.1691,1.16612,1.16722,20218
EUR_USD,H1,2026-04-29T19:00:00.000000000Z,1.16721,1.16806,1.16672,1.16763,8603
EUR_USD,H1,2026-04-29T20:00:00.000000000Z,1.16762,1.16776,1.16708,1.16758,4316
EUR_USD,H1,2026-04-29T21:00:00.000000000Z,1.16789,1.16803,1.16741,1.1675,2890
EUR_USD,H1,2026-04-29T22:00:00.000000000Z,1.16752,1.16788,1.16711,1.16778,1986
EUR_USD,H1,2026-04-29T23:00:00.000000000Z,1.1678,1.16865,1.1676,1.16846,1575
EUR_USD,H1,2026-04-30T00:00:00.000000000Z,1.16846,1.16896,1.16792,1.16793,5498
EUR_USD,H1,2026-04-30T01:00:00.000000000Z,1.16792,1.16818,1.16733,1.16745,4780
EUR_USD,H1,2026-04-30T02:00:00.000000000Z,1.16744,1.16766,1.16626,1.1667,5444
EUR_USD,H1,2026-04-30T03:00:00.000000000Z,1.1667,1.16712,1.16648,1.1666,4241
EUR_USD,H1,2026-04-30T04:00:00.000000000Z,1.16659,1.16662,1.16551,1.16601,4729
EUR_USD,H1,2026-04-30T05:00:00.000000000Z,1.16602,1.16647,1.16589,1.16594,4190
EUR_USD,H1,2026-04-30T06:00:00.000000000Z,1.16592,1.16706,1.1658,1.16703,6466
EUR_USD,H1,2026-04-30T07:00:00.000000000Z,1.16702,1.1684,1.167,1.16796,7828
EUR_USD,H1,2026-04-30T08:00:00.000000000Z,1.16797,1.16976,1.16742,1.168,11749
EUR_USD,H1,2026-04-30T09:00:00.000000000Z,1.16802,1.16974,1.16732,1.16945,10816
EUR_USD,H1,2026-04-30T10:00:00.000000000Z,1.16946,1.17154,1.1689,1.1715,22536
EUR_USD,H1,2026-04-30T11:00:00.000000000Z,1.17149,1.17197,1.17032,1.1705,21550
EUR_USD,H1,2026-04-30T12:00:00.000000000Z,1.17048,1.17058,1.16894,1.16926,17279
EUR_USD,H1,2026-04-30T13:00:00.000000000Z,1.16926,1.17011,1.16819,1.16902,20400
EUR_USD,H1,2026-04-30T14:00:00.000000000Z,1.16901,1.17334,1.16877,1.17278,20995
EUR_USD,H1,2026-04-30T15:00:00.000000000Z,1.17278,1.17358,1.17229,1.17284,13984
EUR_USD,H1,2026-04-30T16:00:00.000000000Z,1.17285,1.17356,1.1723,1.17256,6989
EUR_USD,H1,2026-04-30T17:00:00.000000000Z,1.17255,1.17325,1.1722,1.1725,6400
EUR_USD,H1,2026-04-30T18:00:00.000000000Z,1.17251,1.17402,1.17251,1.17364,5432
EUR_USD,H1,2026-04-30T19:00:00.000000000Z,1.17362,1.17418,1.17324,1.17335,6310
EUR_USD,H1,2026-04-30T20:00:00.000000000Z,1.17336,1.17365,1.17296,1.17308,4466
EUR_USD,H1,2026-04-30T21:00:00.000000000Z,1.17306,1.17356,1.17304,1.17331,1371
EUR_USD,H1,2026-04-30T22:00:00.000000000Z,1.17345,1.17363,1.17294,1.17314,1393
EUR_USD,H1,2026-04-30T23:00:00.000000000Z,1.17314,1.17332,1.17283,1.17288,2402
EUR_USD,H1,2026-05-01T00:00:00.000000000Z,1.17289,1.17299,1.17243,1.17276,5068
EUR_USD,H1,2026-05-01T01:00:00.000000000Z,1.17277,1.17332,1.17252,1.17312,3206
EUR_USD,H1,2026-05-01T02:00:00.000000000Z,1.17311,1.17342,1.17296,1.17338,2570
EUR_USD,H1,2026-05-01T03:00:00.000000000Z,1.17338,1.17364,1.17306,1.17311,2530
EUR_USD,H1,2026-05-01T04:00:00.000000000Z,1.17312,1.17322,1.1726,1.17268,2361
EUR_USD,H1,2026-05-01T05:00:00.000000000Z,1.17268,1.17271,1.17218,1.17226,2413
EUR_USD,H1,2026-05-01T06:00:00.000000000Z,1.17226,1.17452,1.17188,1.17355,9023
EUR_USD,H1,2026-05-01T07:00:00.000000000Z,1.17354,1.1742,1.17315,1.17346,10402
EUR_USD,H1,2026-05-01T08:00:00.000000000Z,1.17345,1.17482,1.17319,1.17436,6290
EUR_USD,H1,2026-05-01T09:00:00.000000000Z,1.17436,1.17438,1.17308,1.17314,5199
EUR_USD,H1,2026-05-01T10:00:00.000000000Z,1.17314,1.17459,1.1731,1.17448,4549
EUR_USD,H1,2026-05-01T11:00:00.000000000Z,1.17448,1.17583,1.1744,1.17514,5564
EUR_USD,H1,2026-05-01T12:00:00.000000000Z,1.17514,1.17688,1.17482,1.17576,9648
EUR_USD,H1,2026-05-01T13:00:00.000000000Z,1.17575,1.17638,1.1744,1.17622,11946
EUR_USD,H1,2026-05-01T14:00:00.000000000Z,1.1762,1.17852,1.17608,1.17674,15740
EUR_USD,H1,2026-05-01T15:00:00.000000000Z,1.17675,1.17708,1.17532,1.1755,11728
EUR_USD,H1,2026-05-01T16:00:00.000000000Z,1.1755,1.17572,1.17378,1.17382,8895
EUR_USD,H1,2026-05-01T17:00:00.000000000Z,1.17382,1.17404,1.17293,1.17331,5727
EUR_USD,H1,2026-05-01T18:00:00.000000000Z,1.17332,1.17342,1.17197,1.17274,7115
EUR_USD,H1,2026-05-01T19:00:00.000000000Z,1.17274,1.17285,1.17178,1.17197,3400
EUR_USD,H1,2026-05-01T20:00:00.000000000Z,1.17196,1.17228,1.17156,1.17212,3074
EUR_USD,H1,2026-05-03T21:00:00.000000000Z,1.17478,1.17502,1.17389,1.17414,956
EUR_USD,H1,2026-05-03T22:00:00.000000000Z,1.17407,1.17422,1.17271,1.17333,2938
EUR_USD,H1,2026-05-03T23:00:00.000000000Z,1.17332,1.17334,1.17252,1.1726,2250
EUR_USD,H1,2026-05-04T00:00:00.000000000Z,1.17258,1.17288,1.17216,1.17271,5303
EUR_USD,H1,2026-05-04T01:00:00.000000000Z,1.1727,1.17294,1.17202,1.17251,5671
EUR_USD,H1,2026-05-04T02:00:00.000000000Z,1.17252,1.17288,1.17226,1.17276,3748
EUR_USD,H1,2026-05-04T03:00:00.000000000Z,1.17274,1.1739,1.17246,1.17375,8388
EUR_USD,H1,2026-05-04T04:00:00.000000000Z,1.17376,1.17384,1.17276,1.17292,3654
EUR_USD,H1,2026-05-04T05:00:00.000000000Z,1.17292,1.17324,1.17258,1.17306,4312
EUR_USD,H1,2026-05-04T06:00:00.000000000Z,1.17307,1.17372,1.17216,1.17288,6370
EUR_USD,H1,2026-05-04T07:00:00.000000000Z,1.17288,1.17292,1.17153,1.17178,6751
EUR_USD,H1,2026-05-04T08:00:00.000000000Z,1.17178,1.17231,1.17114,1.17192,6083
EUR_USD,H1,2026-05-04T09:00:00.000000000Z,1.17194,1.1724,1.17159,1.17174,4790
EUR_USD,H1,2026-05-04T10:00:00.000000000Z,1.17172,1.17174,1.16888,1.1705,18020
EUR_USD,H1,2026-05-04T11:00:00.000000000Z,1.17052,1.17086,1.16929,1.16932,8394
EUR_USD,H1,2026-05-04T12:00:00.000000000Z,1.16932,1.17124,1.16921,1.17092,8230
EUR_USD,H1,2026-05-04T13:00:00.000000000Z,1.17092,1.17179,1.17021,1.17151,12115
EUR_USD,H1,2026-05-04T14:00:00.000000000Z,1.17152,1.17164,1.17044,1.17072,9981
EUR_USD,H1,2026-05-04T15:00:00.000000000Z,1.17072,1.17158,1.16942,1.16974,16693
EUR_USD,H1,2026-05-04T16:00:00.000000000Z,1.16975,1.1701,1.1681,1.16823,13626
EUR_USD,H1,2026-05-04T17:00:00.000000000Z,1.16824,1.16972,1.16816,1.16936,7679
EUR_USD,H1,2026-05-04T18:00:00.000000000Z,1.16936,1.1698,1.16884,1.16974,5554
EUR_USD,H1,2026-05-04T19:00:00.000000000Z,1.16973,1.17024,1.16936,1.16951,6507
EUR_USD,H1,2026-05-04T20:00:00.000000000Z,1.1695,1.1695,1.16872,1.16918,2516
EUR_USD,H1,2026-05-04T21:00:00.000000000Z,1.16912,1.16931,1.16897,1.16906,484
EUR_USD,H1,2026-05-04T22:00:00.000000000Z,1.1691,1.16924,1.1689,1.16901,1020
EUR_USD,H1,2026-05-04T23:00:00.000000000Z,1.169,1.1693,1.16898,1.16917,823
EUR_USD,H1,2026-05-05T00:00:00.000000000Z,1.16918,1.1694,1.16851,1.16864,3340
EUR_USD,H1,2026-05-05T01:00:00.000000000Z,1.16864,1.16882,1.16798,1.16868,3681
EUR_USD,H1,2026-05-05T02:00:00.000000000Z,1.16869,1.16916,1.16862,1.16876,2456
EUR_USD,H1,2026-05-05T03:00:00.000000000Z,1.16874,1.16882,1.16836,1.1684,1637
EUR_USD,H1,2026-05-05T04:00:00.000000000Z,1.16839,1.16876,1.1677,1.16778,2681
EUR_USD,H1,2026-05-05T05:00:00.000000000Z,1.16776,1.16844,1.16766,1.16832,3946
EUR_USD,H1,2026-05-05T06:00:00.000000000Z,1.16831,1.16897,1.16796,1.1686,6237
EUR_USD,H1,2026-05-05T07:00:00.000000000Z,1.16862,1.16966,1.16858,1.16892,7181
EUR_USD,H1,2026-05-05T08:00:00.000000000Z,1.1689,1.16968,1.1685,1.16888,6122
EUR_USD,H1,2026-05-05T09:00:00.000000000Z,1.16888,1.1693,1.16812,1.16903,7439
EUR_USD,H1,2026-05-05T10:00:00.000000000Z,1.16902,1.16978,1.1687,1.16896,4437
EUR_USD,H1,2026-05-05T11:00:00.000000000Z,1.16895,1.16948,1.16834,1.16892,6300
EUR_USD,H1,2026-05-05T12:00:00.000000000Z,1.1689,1.1698,1.16853,1.16924,8609
EUR_USD,H1,2026-05-05T13:00:00.000000000Z,1.16925,1.17048,1.16922,1.16976,8240
EUR_USD,H1,2026-05-05T14:00:00.000000000Z,1.16979,1.17059,1.16916,1.17058,13847
EUR_USD,H1,2026-05-05T15:00:00.000000000Z,1.17057,1.17136,1.17011,1.17065,8406
EUR_USD,H1,2026-05-05T16:00:00.000000000Z,1.17065,1.17089,1.16981,1.16994,4502
EUR_USD,H1,2026-05-05T17:00:00.000000000Z,1.16996,1.17042,1.16962,1.16988,4563
EUR_USD,H1,2026-05-05T18:00:00.000000000Z,1.16987,1.1701,1.16972,1.17,2638
EUR_USD,H1,2026-05-05T19:00:00.000000000Z,1.17001,1.17012,1.16942,1.16954,2862
EUR_USD,H1,2026-05-05T20:00:00.000000000Z,1.16952,1.16971,1.16923,1.1693,1787
EUR_USD,H1,2026-05-05T21:00:00.000000000Z,1.16924,1.16942,1.16924,1.16931,367
EUR_USD,H1,2026-05-05T22:00:00.000000000Z,1.1693,1.17095,1.16917,1.17058,3204
EUR_USD,H1,2026-05-05T23:00:00.000000000Z,1.17058,1.17256,1.17052,1.17148,4962
EUR_USD,H1,2026-05-06T00:00:00.000000000Z,1.17148,1.17216,1.17112,1.17204,6478
EUR_USD,H1,2026-05-06T01:00:00.000000000Z,1.17201,1.17262,1.17177,1.17214,5292
EUR_USD,H1,2026-05-06T02:00:00.000000000Z,1.17214,1.17248,1.17156,1.17174,3315
EUR_USD,H1,2026-05-06T03:00:00.000000000Z,1.17173,1.17232,1.17164,1.17178,3112
EUR_USD,H1,2026-05-06T04:00:00.000000000Z,1.17177,1.1743,1.17162,1.1737,12970
EUR_USD,H1,2026-05-06T05:00:00.000000000Z,1.1737,1.17382,1.17301,1.1733,6178
EUR_USD,H1,2026-05-06T06:00:00.000000000Z,1.17332,1.17358,1.17282,1.17334,6464
EUR_USD,H1,2026-05-06T07:00:00.000000000Z,1.17336,1.17384,1.17244,1.17376,8427
EUR_USD,H1,2026-05-06T08:00:00.000000000Z,1.17375,1.17708,1.17328,1.17625,14179
EUR_USD,H1,2026-05-06T09:00:00.000000000Z,1.17623,1.17774,1.17562,1.17752,10720
EUR_USD,H1,2026-05-06T10:00:00.000000000Z,1.1775,1.17967,1.17666,1.17892,11893
EUR_USD,H1,2026-05-06T11:00:00.000000000Z,1.1789,1.17917,1.17683,1.177,12320
EUR_USD,H1,2026-05-06T12:00:00.000000000Z,1.177,1.17702,1.17518,1.17537,13845
EUR_USD,H1,2026-05-06T13:00:00.000000000Z,1.17536,1.17592,1.17464,1.17518,13610
EUR_USD,H1,2026-05-06T14:00:00.000000000Z,1.17515,1.1763,1.1745,1.17552,12698
EUR_USD,H1,2026-05-06T15:00:00.000000000Z,1.17551,1.17588,1.17487,1.17528,8167
EUR_USD,H1,2026-05-06T16:00:00.000000000Z,1.17527,1.17534,1.17418,1.17444,6117
EUR_USD,H1,2026-05-06T17:00:00.000000000Z,1.17444,1.17556,1.17429,1.17482,5281
EUR_USD,H1,2026-05-06T18:00:00.000000000Z,1.17483,1.17516,1.17448,1.17494,4196
EUR_USD,H1,2026-05-06T19:00:00.000000000Z,1.17493,1.17556,1.17475,1.17477,4618
EUR_USD,H1,2026-05-06T20:00:00.000000000Z,1.17478,1.17506,1.17449,1.17484,2444
EUR_USD,H1,2026-05-06T21:00:00.000000000Z,1.17463,1.17504,1.17454,1.17503,916
EUR_USD,H1,2026-05-06T22:00:00.000000000Z,1.17504,1.17516,1.17494,1.17507,999
EUR_USD,H1,2026-05-06T23:00:00.000000000Z,1.17507,1.17522,1.17465,1.1748,1088
EUR_USD,H1,2026-05-07T00:00:00.000000000Z,1.17478,1.17542,1.17468,1.17486,6383
EUR_USD,H1,2026-05-07T01:00:00.000000000Z,1.17487,1.17634,1.17466,1.17592,6462
EUR_USD,H1,2026-05-07T02:00:00.000000000Z,1.1759,1.1761,1.17547,1.17566,3321
EUR_USD,H1,2026-05-07T03:00:00.000000000Z,1.17565,1.17566,1.17488,1.17488,2799
EUR_USD,H1,2026-05-07T04:00:00.000000000Z,1.17489,1.17536,1.17478,1.17508,2283
EUR_USD,H1,2026-05-07T05:00:00.000000000Z,1.17509,1.17538,1.175,1.17519,2975
EUR_USD,H1,2026-05-07T06:00:00.000000000Z,1.17518,1.17569,1.1745,1.17481,6946
EUR_USD,H1,2026-05-07T07:00:00.000000000Z,1.1748,1.17686,1.1748,1.17668,11713
EUR_USD,H1,2026-05-07T08:00:00.000000000Z,1.17669,1.17742,1.17631,1.17718,7613
EUR_USD,H1,2026-05-07T09:00:00.000000000Z,1.17718,1.17784,1.17658,1.17704,6307
EUR_USD,H1,2026-05-07T10:00:00.000000000Z,1.17704,1.17762,1.1765,1.17671,6588
EUR_USD,H1,2026-05-07T11:00:00.000000000Z,1.17673,1.17704,1.17624,1.177,5674
EUR_USD,H1,2026-05-07T12:00:00.000000000Z,1.177,1.1778,1.17672,1.1773,7217
EUR_USD,H1,2026-05-07T13:00:00.000000000Z,1.17729,1.17772,1.17666,1.17686,10221
EUR_USD,H1,2026-05-07T14:00:00.000000000Z,1.17685,1.17774,1.1764,1.17758,9732
EUR_USD,H1,2026-05-07T15:00:00.000000000Z,1.17759,1.1778,1.17631,1.17637,10114
EUR_USD,H1,2026-05-07T16:00:00.000000000Z,1.1764,1.1766,1.17565,1.17604,8625
EUR_USD,H1,2026-05-07T17:00:00.000000000Z,1.17607,1.1761,1.17358,1.1749,12251
EUR_USD,H1,2026-05-07T18:00:00.000000000Z,1.1749,1.17521,1.17398,1.17502,10558
EUR_USD,H1,2026-05-07T19:00:00.000000000Z,1.17502,1.17544,1.17335,1.17337,10803
EUR_USD,H1,2026-05-07T20:00:00.000000000Z,1.17337,1.17449,1.17224,1.17237,6197
EUR_USD,H1,2026-05-07T21:00:00.000000000Z,1.17282,1.1731,1.17249,1.17272,952
EUR_USD,H1,2026-05-07T22:00:00.000000000Z,1.17274,1.1732,1.17232,1.17253,3254
EUR_USD,H1,2026-05-07T23:00:00.000000000Z,1.17252,1.17317,1.17246,1.17307,1520
EUR_USD,H1,2026-05-08T00:00:00.000000000Z,1.17308,1.17348,1.17266,1.1727,5585
EUR_USD,H1,2026-05-08T01:00:00.000000000Z,1.17271,1.17337,1.17271,1.17326,4383
EUR_USD,H1,2026-05-08T02:00:00.000000000Z,1.17326,1.17326,1.17246,1.17276,3821
EUR_USD,H1,2026-05-08T03:00:00.000000000Z,1.17278,1.17338,1.1727,1.17284,2784
EUR_USD,H1,2026-05-08T04:00:00.000000000Z,1.17285,1.1736,1.1727,1.17354,3024
EUR_USD,H1,2026-05-08T05:00:00.000000000Z,1.17355,1.17388,1.1733,1.17372,3491
EUR_USD,H1,2026-05-08T06:00:00.000000000Z,1.17373,1.17484,1.17372,1.17444,6001
EUR_USD,H1,2026-05-08T07:00:00.000000000Z,1.17444,1.17481,1.17418,1.17432,6176
EUR_USD,H1,2026-05-08T08:00:00.000000000Z,1.17431,1.17659,1.1742,1.1764,6706
EUR_USD,H1,2026-05-08T09:00:00.000000000Z,1.1764,1.17736,1.17634,1.1769,5640
EUR_USD,H1,2026-05-08T10:00:00.000000000Z,1.1769,1.17726,1.17614,1.1764,4752
EUR_USD,H1,2026-05-08T11:00:00.000000000Z,1.17641,1.1769,1.1762,1.17652,4690
EUR_USD,H1,2026-05-08T12:00:00.000000000Z,1.17655,1.17788,1.17576,1.17741,12867
EUR_USD,H1,2026-05-08T13:00:00.000000000Z,1.1774,1.17872,1.17664,1.17789,11482
EUR_USD,H1,2026-05-08T14:00:00.000000000Z,1.17791,1.17797,1.17673,1.17744,10318
EUR_USD,H1,2026-05-08T15:00:00.000000000Z,1.17745,1.17786,1.1767,1.17728,8553
EUR_USD,H1,2026-05-08T16:00:00.000000000Z,1.17728,1.17786,1.17708,1.17712,4692
EUR_USD,H1,2026-05-08T17:00:00.000000000Z,1.17712,1.17763,1.17706,1.17724,3132
EUR_USD,H1,2026-05-08T18:00:00.000000000Z,1.17723,1.17818,1.17708,1.17786,5062
EUR_USD,H1,2026-05-08T19:00:00.000000000Z,1.17786,1.17832,1.1777,1.17802,3764
EUR_USD,H1,2026-05-08T20:00:00.000000000Z,1.17803,1.17881,1.1779,1.17852,2514
EUR_USD,H1,2026-05-10T21:00:00.000000000Z,1.17524,1.17711,1.17483,1.1763,1582
EUR_USD,H1,2026-05-10T22:00:00.000000000Z,1.17606,1.17664,1.17578,1.1764,2946
EUR_USD,H1,2026-05-10T23:00:00.000000000Z,1.1764,1.17701,1.17638,1.17674,1791
EUR_USD,H1,2026-05-11T00:00:00.000000000Z,1.17674,1.17721,1.17657,1.177,4540
EUR_USD,H1,2026-05-11T01:00:00.000000000Z,1.177,1.17712,1.17618,1.17628,4555
EUR_USD,H1,2026-05-11T02:00:00.000000000Z,1.1763,1.17663,1.1759,1.17594,2701
EUR_USD,H1,2026-05-11T03:00:00.000000000Z,1.17592,1.17593,1.17562,1.17567,2170
EUR_USD,H1,2026-05-11T04:00:00.000000000Z,1.17566,1.17574,1.17502,1.17506,1673
EUR_USD,H1,2026-05-11T05:00:00.000000000Z,1.17504,1.17548,1.17488,1.175,2334
EUR_USD,H1,2026-05-11T06:00:00.000000000Z,1.175,1.17682,1.175,1.17676,4716
EUR_USD,H1,2026-05-11T07:00:00.000000000Z,1.17676,1.17748,1.17647,1.1772,5443
EUR_USD,H1,2026-05-11T08:00:00.000000000Z,1.17722,1.17823,1.17714,1.17714,5355
EUR_USD,H1,2026-05-11T09:00:00.000000000Z,1.17714,1.17746,1.17674,1.17675,3511
EUR_USD,H1,2026-05-11T10:00:00.000000000Z,1.17674,1.17742,1.17648,1.17691,4203
EUR_USD,H1,2026-05-11T11:00:00.000000000Z,1.17692,1.17747,1.17635,1.17684,4888
EUR_USD,H1,2026-05-11T12:00:00.000000000Z,1.17685,1.17747,1.17644,1.17745,6568
EUR_USD,H1,2026-05-11T13:00:00.000000000Z,1.17747,1.17878,1.17744,1.17852,7912
EUR_USD,H1,2026-05-11T14:00:00.000000000Z,1.17852,1.17878,1.1779,1.17794,8747
EUR_USD,H1,2026-05-11T15:00:00.000000000Z,1.17793,1.17854,1.17768,1.178,7093
EUR_USD,H1,2026-05-11T16:00:00.000000000Z,1.17801,1.17806,1.17724,1.17733,4347
EUR_USD,H1,2026-05-11T17:00:00.000000000Z,1.17734,1.17786,1.1771,1.1778,3632
EUR_USD,H1,2026-05-11T18:00:00.000000000Z,1.17781,1.17805,1.17745,1.1775,2935
EUR_USD,H1,2026-05-11T19:00:00.000000000Z,1.1775,1.1778,1.17745,1.17774,2765
EUR_USD,H1,2026-05-11T20:00:00.000000000Z,1.17775,1.1783,1.1774,1.17824,2077
EUR_USD,H1,2026-05-11T21:00:00.000000000Z,1.17814,1.17848,1.17804,1.17846,1007
EUR_USD,H1,2026-05-11T22:00:00.000000000Z,1.17848,1.17878,1.17843,1.17853,897
EUR_USD,H1,2026-05-11T23:00:00.000000000Z,1.17854,1.17855,1.17773,1.17785,1194
EUR_USD,H1,2026-05-12T00:00:00.000000000Z,1.17784,1.17784,1.17663,1.17672,3912
EUR_USD,H1,2026-05-12T01:00:00.000000000Z,1.17672,1.17691,1.17577,1.17616,6043
EUR_USD,H1,2026-05-12T02:00:00.000000000Z,1.17616,1.17647,1.17595,1.17626,3072
EUR_USD,H1,2026-05-12T03:00:00.000000000Z,1.17624,1.1763,1.17547,1.17564,2291
EUR_USD,H1,2026-05-12T04:00:00.000000000Z,1.17564,1.17598,1.17556,1.17571,2530
EUR_USD,H1,2026-05-12T05:00:00.000000000Z,1.17572,1.17682,1.17523,1.17624,4445
EUR_USD,H1,2026-05-12T06:00:00.000000000Z,1.17626,1.17663,1.17497,1.17504,6994
EUR_USD,H1,2026-05-12T07:00:00.000000000Z,1.17504,1.17534,1.17434,1.17478,7537
EUR_USD,H1,2026-05-12T08:00:00.000000000Z,1.17479,1.17505,1.17394,1.17446,7481
EUR_USD,H1,2026-05-12T09:00:00.000000000Z,1.17445,1.17516,1.17438,1.17476,6090
EUR_USD,H1,2026-05-12T10:00:00.000000000Z,1.17474,1.17492,1.17405,1.17407,4202
EUR_USD,H1,2026-05-12T11:00:00.000000000Z,1.17406,1.17484,1.17349,1.17438,6325
EUR_USD,H1,2026-05-12T12:00:00.000000000Z,1.1744,1.17499,1.1736,1.17478,9123
EUR_USD,H1,2026-05-12T13:00:00.000000000Z,1.17476,1.175,1.17271,1.173,10565
EUR_USD,H1,2026-05-12T14:00:00.000000000Z,1.17301,1.17361,1.1728,1.1736,10542
EUR_USD,H1,2026-05-12T15:00:00.000000000Z,1.1736,1.17366,1.17218,1.17327,9362
EUR_USD,H1,2026-05-12T16:00:00.000000000Z,1.17328,1.17386,1.17278,1.17283,5523
EUR_USD,H1,2026-05-12T17:00:00.000000000Z,1.17284,1.17338,1.17274,1.17334,4806
EUR_USD,H1,2026-05-12T18:00:00.000000000Z,1.17334,1.1741,1.17289,1.17406,4751
EUR_USD,H1,2026-05-12T19:00:00.000000000Z,1.17406,1.17468,1.17399,1.17403,3775
EUR_USD,H1,2026-05-12T20:00:00.000000000Z,1.17404,1.1741,1.17378,1.17403,1440
EUR_USD,H1,2026-05-12T21:00:00.000000000Z,1.17366,1.17408,1.17358,1.17382,1179
EUR_USD,H1,2026-05-12T22:00:00.000000000Z,1.17388,1.17402,1.17376,1.17397,839
EUR_USD,H1,2026-05-12T23:00:00.000000000Z,1.17398,1.17414,1.17347,1.17352,955
EUR_USD,H1,2026-05-13T00:00:00.000000000Z,1.17351,1.17387,1.1733,1.17382,3800
EUR_USD,H1,2026-05-13T01:00:00.000000000Z,1.17382,1.17418,1.1732,1.17388,3709
EUR_USD,H1,2026-05-13T02:00:00.000000000Z,1.17388,1.17417,1.17363,1.17372,2273
EUR_USD,H1,2026-05-13T03:00:00.000000000Z,1.17372,1.17378,1.17326,1.17346,2544
EUR_USD,H1,2026-05-13T04:00:00.000000000Z,1.17346,1.17353,1.17322,1.17346,1680
EUR_USD,H1,2026-05-13T05:00:00.000000000Z,1.17346,1.1737,1.17324,1.17341,2307
EUR_USD,H1,2026-05-13T06:00:00.000000000Z,1.1734,1.17344,1.17181,1.172,4495
EUR_USD,H1,2026-05-13T07:00:00.000000000Z,1.172,1.17234,1.1707,1.17072,5322
EUR_USD,H1,2026-05-13T08:00:00.000000000Z,1.1707,1.17117,1.17004,1.17032,5192
EUR_USD,H1,2026-05-13T09:00:00.000000000Z,1.17032,1.17068,1.16954,1.17062,5376
EUR_USD,H1,2026-05-13T10:00:00.000000000Z,1.17062,1.17146,1.1702,1.17126,5716
EUR_USD,H1,2026-05-13T11:00:00.000000000Z,1.17128,1.17172,1.17112,1.17121,4123
EUR_USD,H1,2026-05-13T12:00:00.000000000Z,1.17121,1.17161,1.16973,1.17018,8777
EUR_USD,H1,2026-05-13T13:00:00.000000000Z,1.17019,1.17124,1.17011,1.17102,8339
EUR_USD,H1,2026-05-13T14:00:00.000000000Z,1.17102,1.17126,1.1703,1.17078,7992
EUR_USD,H1,2026-05-13T15:00:00.000000000Z,1.17077,1.17164,1.17074,1.1711,6264
EUR_USD,H1,2026-05-13T16:00:00.000000000Z,1.1711,1.1718,1.1708,1.17088,5576
EUR_USD,H1,2026-05-13T17:00:00.000000000Z,1.17086,1.17109,1.17042,1.17042,3046
EUR_USD,H1,2026-05-13T18:00:00.000000000Z,1.17044,1.17106,1.17042,1.17078,4206
EUR_USD,H1,2026-05-13T19:00:00.000000000Z,1.17078,1.17132,1.17076,1.17097,3679
EUR_USD,H1,2026-05-13T20:00:00.000000000Z,1.17097,1.1714,1.1709,1.17136,1715
EUR_USD,H1,2026-05-13T21:00:00.000000000Z,1.17102,1.17172,1.17102,1.17155,587
EUR_USD,H1,2026-05-13T22:00:00.000000000Z,1.17158,1.17186,1.1715,1.17177,994
EUR_USD,H1,2026-05-13T23:00:00.000000000Z,1.17177,1.17184,1.17154,1.17159,1092
EUR_USD,H1,2026-05-14T00:00:00.000000000Z,1.17159,1.17186,1.17142,1.17172,3357
EUR_USD,H1,2026-05-14T01:00:00.000000000Z,1.1717,1.17178,1.17126,1.17138,3657
EUR_USD,H1,2026-05-14T02:00:00.000000000Z,1.17138,1.17154,1.17116,1.17124,2837
EUR_USD,H1,2026-05-14T03:00:00.000000000Z,1.17124,1.17152,1.17097,1.17124,2779
EUR_USD,H1,2026-05-14T04:00:00.000000000Z,1.17124,1.17174,1.17116,1.17144,2736
EUR_USD,H1,2026-05-14T05:00:00.000000000Z,1.17146,1.17162,1.17102,1.17102,3665
EUR_USD,H1,2026-05-14T06:00:00.000000000Z,1.17102,1.17216,1.1707,1.17184,5183
EUR_USD,H1,2026-05-14T07:00:00.000000000Z,1.17181,1.17185,1.1706,1.17076,5794
EUR_USD,H1,2026-05-14T08:00:00.000000000Z,1.17076,1.1714,1.1705,1.17111,5344
EUR_USD,H1,2026-05-14T09:00:00.000000000Z,1.17112,1.17134,1.17058,1.17074,4707
EUR_USD,H1,2026-05-14T10:00:00.000000000Z,1.17074,1.17129,1.17048,1.17087,5150
EUR_USD,H1,2026-05-14T11:00:00.000000000Z,1.17088,1.17089,1.16996,1.16997,4615
EUR_USD,H1,2026-05-14T12:00:00.000000000Z,1.16996,1.17056,1.16964,1.16971,6487
EUR_USD,H1,2026-05-14T13:00:00.000000000Z,1.16972,1.16998,1.16856,1.16898,10560
EUR_USD,H1,2026-05-14T14:00:00.000000000Z,1.16896,1.17002,1.16787,1.16788,10223
EUR_USD,H1,2026-05-14T15:00:00.000000000Z,1.16787,1.1681,1.16715,1.16775,7996
EUR_USD,H1,2026-05-14T16:00:00.000000000Z,1.16774,1.16816,1.16708,1.16764,6635
EUR_USD,H1,2026-05-14T17:00:00.000000000Z,1.16764,1.16808,1.16759,1.1678,4876
EUR_USD,H1,2026-05-14T18:00:00.000000000Z,1.1678,1.16785,1.16739,1.16775,3987
EUR_USD,H1,2026-05-14T19:00:00.000000000Z,1.16776,1.1679,1.16686,1.16709,3731
EUR_USD,H1,2026-05-14T20:00:00.000000000Z,1.16712,1.16721,1.16657,1.16698,2014
EUR_USD,H1,2026-05-14T21:00:00.000000000Z,1.16702,1.1674,1.1668,1.16699,1030
EUR_USD,H1,2026-05-14T22:00:00.000000000Z,1.16703,1.16712,1.1669,1.16697,1395
EUR_USD,H1,2026-05-14T23:00:00.000000000Z,1.16697,1.16698,1.16614,1.1662,1943
EUR_USD,H1,2026-05-15T00:00:00.000000000Z,1.16621,1.16636,1.16523,1.16554,4610
EUR_USD,H1,2026-05-15T01:00:00.000000000Z,1.16553,1.16566,1.1646,1.1647,5790
EUR_USD,H1,2026-05-15T02:00:00.000000000Z,1.16469,1.16576,1.16458,1.16536,3753
EUR_USD,H1,2026-05-15T03:00:00.000000000Z,1.16536,1.16551,1.165,1.16522,3130
EUR_USD,H1,2026-05-15T04:00:00.000000000Z,1.16521,1.16528,1.16465,1.16474,2402
EUR_USD,H1,2026-05-15T05:00:00.000000000Z,1.16475,1.1648,1.16326,1.16328,6167
EUR_USD,H1,2026-05-15T06:00:00.000000000Z,1.16326,1.16436,1.16325,1.1635,8523
EUR_USD,H1,2026-05-15T07:00:00.000000000Z,1.16348,1.1649,1.16319,1.16365,7652
EUR_USD,H1,2026-05-15T08:00:00.000000000Z,1.16366,1.16383,1.16306,1.1633,7214
EUR_USD,H1,2026-05-15T09:00:00.000000000Z,1.1633,1.16336,1.16172,1.1628,9201
EUR_USD,H1,2026-05-15T10:00:00.000000000Z,1.16281,1.16555,1.16274,1.16494,9789
EUR_USD,H1,2026-05-15T11:00:00.000000000Z,1.16492,1.16501,1.16294,1.16318,7418
EUR_USD,H1,2026-05-15T12:00:00.000000000Z,1.16316,1.16322,1.1619,1.16264,7695
EUR_USD,H1,2026-05-15T13:00:00.000000000Z,1.16264,1.16324,1.1619,1.16236,11668
EUR_USD,H1,2026-05-15T14:00:00.000000000Z,1.16234,1.16379,1.16216,1.16294,11608
EUR_USD,H1,2026-05-15T15:00:00.000000000Z,1.16296,1.16311,1.16206,1.16265,8551
EUR_USD,H1,2026-05-15T16:00:00.000000000Z,1.16266,1.16314,1.16232,1.16299,5561
EUR_USD,H1,2026-05-15T17:00:00.000000000Z,1.163,1.16356,1.16267,1.16268,4627
EUR_USD,H1,2026-05-15T18:00:00.000000000Z,1.16269,1.16273,1.1617,1.1622,4694
EUR_USD,H1,2026-05-15T19:00:00.000000000Z,1.16219,1.16232,1.16192,1.16214,3406
EUR_USD,H1,2026-05-15T20:00:00.000000000Z,1.16214,1.16257,1.16194,1.16252,2292
EUR_USD,H1,2026-05-17T21:00:00.000000000Z,1.16196,1.1625,1.16188,1.16248,752
EUR_USD,H1,2026-05-17T22:00:00.000000000Z,1.16248,1.16248,1.16205,1.1623,2131
EUR_USD,H1,2026-05-17T23:00:00.000000000Z,1.1623,1.16236,1.1612,1.16138,3279
EUR_USD,H1,2026-05-18T00:00:00.000000000Z,1.1614,1.16212,1.16082,1.16116,7453
EUR_USD,H1,2026-05-18T01:00:00.000000000Z,1.16116,1.16188,1.16085,1.16174,7057
EUR_USD,H1,2026-05-18T02:00:00.000000000Z,1.16175,1.16197,1.16132,1.16156,3816
EUR_USD,H1,2026-05-18T03:00:00.000000000Z,1.16156,1.16226,1.16154,1.16218,3365
EUR_USD,H1,2026-05-18T04:00:00.000000000Z,1.16218,1.16262,1.16192,1.16208,3544
EUR_USD,H1,2026-05-18T05:00:00.000000000Z,1.16208,1.16234,1.16169,1.16232,4309
EUR_USD,H1,2026-05-18T06:00:00.000000000Z,1.16231,1.16366,1.1622,1.16358,6135
EUR_USD,H1,2026-05-18T07:00:00.000000000Z,1.16359,1.16403,1.16315,1.1632,6797
EUR_USD,H1,2026-05-18T08:00:00.000000000Z,1.1632,1.16453,1.16291,1.16416,6395
EUR_USD,H1,2026-05-18T09:00:00.000000000Z,1.16415,1.16428,1.16351,1.16351,4435
EUR_USD,H1,2026-05-18T10:00:00.000000000Z,1.1635,1.16368,1.16265,1.1627,4148
EUR_USD,H1,2026-05-18T11:00:00.000000000Z,1.1627,1.16498,1.16266,1.16418,10097
EUR_USD,H1,2026-05-18T12:00:00.000000000Z,1.16419,1.16574,1.1641,1.16514,11258
EUR_USD,H1,2026-05-18T13:00:00.000000000Z,1.16513,1.16562,1.1644,1.16512,11735
EUR_USD,H1,2026-05-18T14:00:00.000000000Z,1.16512,1.16534,1.16414,1.1642,11684
EUR_USD,H1,2026-05-18T15:00:00.000000000Z,1.1642,1.16531,1.16334,1.16484,10059
EUR_USD,H1,2026-05-18T16:00:00.000000000Z,1.16485,1.16563,1.1644,1.16516,8064
EUR_USD,H1,2026-05-18T17:00:00.000000000Z,1.16514,1.16535,1.16482,1.16482,4175
EUR_USD,H1,2026-05-18T18:00:00.000000000Z,1.16482,1.16488,1.16288,1.16292,5803
EUR_USD,H1,2026-05-18T19:00:00.000000000Z,1.16294,1.16564,1.16292,1.1651,13154
EUR_USD,H1,2026-05-18T20:00:00.000000000Z,1.16511,1.16611,1.16511,1.16563,2603
EUR_USD,H1,2026-05-18T21:00:00.000000000Z,1.16558,1.16608,1.16528,1.16597,1081
EUR_USD,H1,2026-05-18T22:00:00.000000000Z,1.16594,1.16618,1.16578,1.16578,1218
EUR_USD,H1,2026-05-18T23:00:00.000000000Z,1.16578,1.16586,1.16548,1.16548,1541
EUR_USD,H1,2026-05-19T00:00:00.000000000Z,1.16548,1.1656,1.16438,1.16444,5464
EUR_USD,H1,2026-05-19T01:00:00.000000000Z,1.16446,1.16528,1.16432,1.16464,5169
EUR_USD,H1,2026-05-19T02:00:00.000000000Z,1.16463,1.16471,1.16409,1.16433,4329
EUR_USD,H1,2026-05-19T03:00:00.000000000Z,1.16432,1.16458,1.16406,1.16412,3033
EUR_USD,H1,2026-05-19T04:00:00.000000000Z,1.16414,1.16432,1.16354,1.16366,2844
EUR_USD,H1,2026-05-19T05:00:00.000000000Z,1.16368,1.16432,1.16336,1.1642,3985
EUR_USD,H1,2026-05-19T06:00:00.000000000Z,1.16421,1.16458,1.1636,1.16366,5324
EUR_USD,H1,2026-05-19T07:00:00.000000000Z,1.16366,1.16376,1.16301,1.16349,6796
EUR_USD,H1,2026-05-19T08:00:00.000000000Z,1.1635,1.1636,1.16223,1.16234,6503
EUR_USD,H1,2026-05-19T09:00:00.000000000Z,1.16232,1.16232,1.1615,1.16194,6227
EUR_USD,H1,2026-05-19T10:00:00.000000000Z,1.16194,1.16266,1.1611,1.16222,6910
EUR_USD,H1,2026-05-19T11:00:00.000000000Z,1.16222,1.16226,1.16164,1.16166,5589
EUR_USD,H1,2026-05-19T12:00:00.000000000Z,1.16166,1.1624,1.16152,1.16165,8415
EUR_USD,H1,2026-05-19T13:00:00.000000000Z,1.16165,1.1618,1.16016,1.16137,13488
EUR_USD,H1,2026-05-19T14:00:00.000000000Z,1.16137,1.16169,1.1595,1.15956,15160
EUR_USD,H1,2026-05-19T15:00:00.000000000Z,1.15956,1.1603,1.15922,1.1602,7888
EUR_USD,H1,2026-05-19T16:00:00.000000000Z,1.1602,1.16096,1.15958,1.16072,6826
EUR_USD,H1,2026-05-19T17:00:00.000000000Z,1.1607,1.16122,1.16066,1.16106,3949
EUR_USD,H1,2026-05-19T18:00:00.000000000Z,1.16107,1.16149,1.16027,1.16033,4947
EUR_USD,H1,2026-05-19T19:00:00.000000000Z,1.16031,1.16081,1.16026,1.16064,4261
EUR_USD,H1,2026-05-19T20:00:00.000000000Z,1.16065,1.16069,1.16035,1.16066,1647
EUR_USD,H1,2026-05-19T21:00:00.000000000Z,1.16055,1.16091,1.16032,1.16083,903
EUR_USD,H1,2026-05-19T22:00:00.000000000Z,1.16082,1.16088,1.16062,1.16088,882
EUR_USD,H1,2026-05-19T23:00:00.000000000Z,1.16087,1.1613,1.16062,1.16067,1368
EUR_USD,H1,2026-05-20T00:00:00.000000000Z,1.16068,1.16106,1.16009,1.16014,6077
EUR_USD,H1,2026-05-20T01:00:00.000000000Z,1.16013,1.1603,1.15936,1.15972,6929
EUR_USD,H1,2026-05-20T02:00:00.000000000Z,1.15973,1.1603,1.15944,1.15978,5135
EUR_USD,H1,2026-05-20T03:00:00.000000000Z,1.15979,1.16054,1.15954,1.16023,3733
EUR_USD,H1,2026-05-20T04:00:00.000000000Z,1.16022,1.16068,1.1597,1.15973,3601
EUR_USD,H1,2026-05-20T05:00:00.000000000Z,1.15972,1.16016,1.15918,1.15954,4076
EUR_USD,H1,2026-05-20T06:00:00.000000000Z,1.15954,1.1606,1.15932,1.15966,6019
EUR_USD,H1,2026-05-20T07:00:00.000000000Z,1.15966,1.16016,1.1592,1.15932,5578
EUR_USD,H1,2026-05-20T08:00:00.000000000Z,1.15932,1.15952,1.15834,1.15904,6436
EUR_USD,H1,2026-05-20T09:00:00.000000000Z,1.15904,1.15946,1.15881,1.15882,3823
EUR_USD,H1,2026-05-20T10:00:00.000000000Z,1.1588,1.16029,1.15874,1.16011,4208
EUR_USD,H1,2026-05-20T11:00:00.000000000Z,1.1601,1.16056,1.15964,1.16009,5042
EUR_USD,H1,2026-05-20T12:00:00.000000000Z,1.1601,1.16044,1.15938,1.15954,6045
EUR_USD,H1,2026-05-20T13:00:00.000000000Z,1.15953,1.15971,1.15892,1.1591,7816
EUR_USD,H1,2026-05-20T14:00:00.000000000Z,1.15912,1.16242,1.15828,1.16181,22051
EUR_USD,H1,2026-05-20T15:00:00.000000000Z,1.16182,1.16452,1.1613,1.16192,19366
EUR_USD,H1,2026-05-20T16:00:00.000000000Z,1.16191,1.16308,1.16188,1.16256,9955
EUR_USD,H1,2026-05-20T17:00:00.000000000Z,1.16256,1.1627,1.16184,1.16192,7738
EUR_USD,H1,2026-05-20T18:00:00.000000000Z,1.16186,1.16358,1.1616,1.16309,6560
EUR_USD,H1,2026-05-20T19:00:00.000000000Z,1.16309,1.16352,1.16276,1.16279,4542
EUR_USD,H1,2026-05-20T20:00:00.000000000Z,1.16278,1.16285,1.16233,1.16255,2772
EUR_USD,H1,2026-05-20T21:00:00.000000000Z,1.16242,1.16276,1.16234,1.16259,1724
EUR_USD,H1,2026-05-20T22:00:00.000000000Z,1.1626,1.16282,1.16244,1.16264,1113
EUR_USD,H1,2026-05-20T23:00:00.000000000Z,1.16264,1.16276,1.16231,1.16248,1144
EUR_USD,H1,2026-05-21T00:00:00.000000000Z,1.16249,1.1629,1.1622,1.16286,4469
EUR_USD,H1,2026-05-21T01:00:00.000000000Z,1.16287,1.16353,1.16228,1.1626,5144
EUR_USD,H1,2026-05-21T02:00:00.000000000Z,1.16261,1.16286,1.16156,1.16176,3981
EUR_USD,H1,2026-05-21T03:00:00.000000000Z,1.16178,1.16227,1.16176,1.16192,2422
EUR_USD,H1,2026-05-21T04:00:00.000000000Z,1.1619,1.16236,1.16184,1.16222,1805
EUR_USD,H1,2026-05-21T05:00:00.000000000Z,1.16222,1.16236,1.1618,1.16218,3218
EUR_USD,H1,2026-05-21T06:00:00.000000000Z,1.16218,1.16268,1.16158,1.16204,5378
EUR_USD,H1,2026-05-21T07:00:00.000000000Z,1.16204,1.1621,1.15942,1.16076,14430
EUR_USD,H1,2026-05-21T08:00:00.000000000Z,1.16074,1.16357,1.16062,1.16237,11261
EUR_USD,H1,2026-05-21T09:00:00.000000000Z,1.16238,1.16334,1.16208,1.16274,6331
EUR_USD,H1,2026-05-21T10:00:00.000000000Z,1.16274,1.16302,1.16001,1.16074,11459
EUR_USD,H1,2026-05-21T11:00:00.000000000Z,1.16074,1.16161,1.1596,1.1599,6775
EUR_USD,H1,2026-05-21T12:00:00.000000000Z,1.1599,1.16092,1.15934,1.15972,9990
EUR_USD,H1,2026-05-21T13:00:00.000000000Z,1.15972,1.16012,1.15763,1.15947,14609
EUR_USD,H1,2026-05-21T14:00:00.000000000Z,1.15948,1.15966,1.15842,1.15929,13267
EUR_USD,H1,2026-05-21T15:00:00.000000000Z,1.1593,1.1594,1.15822,1.15884,10630
EUR_USD,H1,2026-05-21T16:00:00.000000000Z,1.15885,1.15964,1.15847,1.15954,6645
EUR_USD,H1,2026-05-21T17:00:00.000000000Z,1.15956,1.16302,1.15928,1.16249,16566
EUR_USD,H1,2026-05-21T18:00:00.000000000Z,1.16248,1.16301,1.16071,1.16114,12206
EUR_USD,H1,2026-05-21T19:00:00.000000000Z,1.16112,1.16244,1.16096,1.16213,7313
EUR_USD,H1,2026-05-21T20:00:00.000000000Z,1.16214,1.16228,1.1616,1.16175,2389
EUR_USD,H1,2026-05-21T21:00:00.000000000Z,1.16194,1.16232,1.16174,1.16188,1297
EUR_USD,H1,2026-05-21T22:00:00.000000000Z,1.16188,1.16197,1.16152,1.16176,981
EUR_USD,H1,2026-05-21T23:00:00.000000000Z,1.16176,1.1619,1.16162,1.1618,938
EUR_USD,H1,2026-05-22T00:00:00.000000000Z,1.16179,1.1618,1.16124,1.16144,3100
EUR_USD,H1,2026-05-22T01:00:00.000000000Z,1.16142,1.16158,1.16099,1.16099,3060
EUR_USD,H1,2026-05-22T02:00:00.000000000Z,1.16098,1.16144,1.16096,1.16118,2183
EUR_USD,H1,2026-05-22T03:00:00.000000000Z,1.16117,1.1613,1.16087,1.1612,1707
EUR_USD,H1,2026-05-22T04:00:00.000000000Z,1.1612,1.16156,1.16114,1.16152,1323
EUR_USD,H1,2026-05-22T05:00:00.000000000Z,1.16151,1.1617,1.16072,1.16094,2642
EUR_USD,H1,2026-05-22T06:00:00.000000000Z,1.16093,1.16146,1.16054,1.16099,5288
EUR_USD,H1,2026-05-22T07:00:00.000000000Z,1.16098,1.16098,1.16013,1.16084,4725
EUR_USD,H1,2026-05-22T08:00:00.000000000Z,1.16084,1.16158,1.16034,1.16078,6433
EUR_USD,H1,2026-05-22T09:00:00.000000000Z,1.16078,1.16081,1.15962,1.16043,4755
EUR_USD,H1,2026-05-22T10:00:00.000000000Z,1.16044,1.16078,1.15952,1.15974,4019
EUR_USD,H1,2026-05-22T11:00:00.000000000Z,1.15974,1.16022,1.15934,1.15966,4468
EUR_USD,H1,2026-05-22T12:00:00.000000000Z,1.15966,1.16072,1.15945,1.16044,8214
EUR_USD,H1,2026-05-22T13:00:00.000000000Z,1.16044,1.16185,1.15995,1.16038,10735
EUR_USD,H1,2026-05-22T14:00:00.000000000Z,1.16036,1.16039,1.15883,1.15976,10569
EUR_USD,H1,2026-05-22T15:00:00.000000000Z,1.15978,1.16055,1.15958,1.16029,7463
EUR_USD,H1,2026-05-22T16:00:00.000000000Z,1.1603,1.16112,1.15996,1.16112,5079
EUR_USD,H1,2026-05-22T17:00:00.000000000Z,1.16114,1.16192,1.16086,1.16134,8446
EUR_USD,H1,2026-05-22T18:00:00.000000000Z,1.16132,1.16156,1.16094,1.16119,4257
EUR_USD,H1,2026-05-22T19:00:00.000000000Z,1.16118,1.1614,1.16053,1.16059,3326
EUR_USD,H1,2026-05-22T20:00:00.000000000Z,1.1606,1.16067,1.15982,1.16023,2293
EUR_USD,H1,2026-05-24T21:00:00.000000000Z,1.16394,1.16426,1.16306,1.16334,1308
EUR_USD,H1,2026-05-24T22:00:00.000000000Z,1.16331,1.16448,1.1632,1.1643,2948
EUR_USD,H1,2026-05-24T23:00:00.000000000Z,1.16431,1.16463,1.16414,1.1642,1902
EUR_USD,H1,2026-05-25T00:00:00.000000000Z,1.16418,1.1649,1.16354,1.16366,4459
EUR_USD,H1,2026-05-25T01:00:00.000000000Z,1.16367,1.16471,1.16356,1.1639,4679
EUR_USD,H1,2026-05-25T02:00:00.000000000Z,1.16392,1.16426,1.16368,1.16377,2394
EUR_USD,H1,2026-05-25T03:00:00.000000000Z,1.16379,1.16398,1.1636,1.16374,2808
EUR_USD,H1,2026-05-25T04:00:00.000000000Z,1.16374,1.16438,1.16357,1.1642,2176
EUR_USD,H1,2026-05-25T05:00:00.000000000Z,1.16421,1.16452,1.16381,1.16392,2423
EUR_USD,H1,2026-05-25T06:00:00.000000000Z,1.16392,1.16447,1.16374,1.16409,3773
EUR_USD,H1,2026-05-25T07:00:00.000000000Z,1.1641,1.1642,1.16296,1.16374,5874
EUR_USD,H1,2026-05-25T08:00:00.000000000Z,1.16375,1.16444,1.1633,1.16437,3749
EUR_USD,H1,2026-05-25T09:00:00.000000000Z,1.16436,1.16454,1.16404,1.16416,2286
EUR_USD,H1,2026-05-25T10:00:00.000000000Z,1.16416,1.16444,1.16414,1.16429,1959
EUR_USD,H1,2026-05-25T11:00:00.000000000Z,1.1643,1.16508,1.16404,1.1644,3147
EUR_USD,H1,2026-05-25T12:00:00.000000000Z,1.1644,1.16528,1.16427,1.16482,4308
EUR_USD,H1,2026-05-25T13:00:00.000000000Z,1.16482,1.16498,1.16388,1.16388,3778
EUR_USD,H1,2026-05-25T14:00:00.000000000Z,1.1639,1.16464,1.16384,1.1642,3174
EUR_USD,H1,2026-05-25T15:00:00.000000000Z,1.1642,1.16488,1.16396,1.16422,4206
EUR_USD,H1,2026-05-25T16:00:00.000000000Z,1.16422,1.16427,1.16368,1.16412,2267
EUR_USD,H1,2026-05-25T17:00:00.000000000Z,1.16412,1.16441,1.16404,1.16434,1258
EUR_USD,H1,2026-05-25T18:00:00.000000000Z,1.16434,1.1644,1.16416,1.16436,1114
EUR_USD,H1,2026-05-25T19:00:00.000000000Z,1.16434,1.16437,1.16418,1.16422,754
EUR_USD,H1,2026-05-25T20:00:00.000000000Z,1.16422,1.16437,1.16416,1.16433,902
EUR_USD,H1,2026-05-25T21:00:00.000000000Z,1.16404,1.16443,1.16366,1.16396,1411
EUR_USD,H1,2026-05-25T22:00:00.000000000Z,1.16398,1.16426,1.1639,1.1641,1540
EUR_USD,H1,2026-05-25T23:00:00.000000000Z,1.16409,1.16434,1.16358,1.16359,1370
EUR_USD,H1,2026-05-26T00:00:00.000000000Z,1.1636,1.16399,1.1634,1.16387,4203
EUR_USD,H1,2026-05-26T01:00:00.000000000Z,1.16388,1.16398,1.16304,1.16339,4133
EUR_USD,H1,2026-05-26T02:00:00.000000000Z,1.16338,1.16352,1.16312,1.1634,2246
EUR_USD,H1,2026-05-26T03:00:00.000000000Z,1.1634,1.16374,1.16338,1.1636,1656
EUR_USD,H1,2026-05-26T04:00:00.000000000Z,1.16358,1.1636,1.16294,1.16298,1380
EUR_USD,H1,2026-05-26T05:00:00.000000000Z,1.16297,1.16308,1.16274,1.1628,2536
EUR_USD,H1,2026-05-26T06:00:00.000000000Z,1.16281,1.16376,1.16273,1.16352,4374
EUR_USD,H1,2026-05-26T07:00:00.000000000Z,1.16354,1.16404,1.1624,1.16371,5805
EUR_USD,H1,2026-05-26T08:00:00.000000000Z,1.16372,1.16422,1.16344,1.16365,4440
EUR_USD,H1,2026-05-26T09:00:00.000000000Z,1.16366,1.16441,1.16325,1.16428,4025
EUR_USD,H1,2026-05-26T10:00:00.000000000Z,1.16428,1.16452,1.16377,1.16415,4331
EUR_USD,H1,2026-05-26T11:00:00.000000000Z,1.16416,1.16449,1.16333,1.16348,4458
EUR_USD,H1,2026-05-26T12:00:00.000000000Z,1.16346,1.16366,1.16312,1.1632,4810
EUR_USD,H1,2026-05-26T13:00:00.000000000Z,1.16318,1.16331,1.16172,1.16258,7922
EUR_USD,H1,2026-05-26T14:00:00.000000000Z,1.16258,1.16299,1.16214,1.16251,7890
EUR_USD,H1,2026-05-26T15:00:00.000000000Z,1.1625,1.16258,1.16164,1.16194,6761
EUR_USD,H1,2026-05-26T16:00:00.000000000Z,1.16196,1.16296,1.16196,1.1624,4032
EUR_USD,H1,2026-05-26T17:00:00.000000000Z,1.1624,1.16278,1.16214,1.1624,3252
EUR_USD,H1,2026-05-26T18:00:00.000000000Z,1.1624,1.1631,1.16234,1.16296,2745
EUR_USD,H1,2026-05-26T19:00:00.000000000Z,1.16292,1.16326,1.16274,1.1632,2260
EUR_USD,H1,2026-05-26T20:00:00.000000000Z,1.1632,1.1633,1.16304,1.16317,1188
EUR_USD,H1,2026-05-26T21:00:00.000000000Z,1.16286,1.16324,1.16276,1.16308,3699
EUR_USD,H1,2026-05-26T22:00:00.000000000Z,1.1631,1.16338,1.1631,1.16335,1120
EUR_USD,H1,2026-05-26T23:00:00.000000000Z,1.16334,1.16399,1.16334,1.16366,769
EUR_USD,H1,2026-05-27T00:00:00.000000000Z,1.16365,1.16406,1.1636,1.16381,3228
EUR_USD,H1,2026-05-27T01:00:00.000000000Z,1.1638,1.16394,1.16327,1.1634,3430
EUR_USD,H1,2026-05-27T02:00:00.000000000Z,1.1634,1.16386,1.1634,1.16384,2957
EUR_USD,H1,2026-05-27T03:00:00.000000000Z,1.16385,1.16426,1.16369,1.16388,1983
EUR_USD,H1,2026-05-27T04:00:00.000000000Z,1.16388,1.16424,1.16384,1.16413,1588
EUR_USD,H1,2026-05-27T05:00:00.000000000Z,1.16412,1.16446,1.16388,1.16395,2663
EUR_USD,H1,2026-05-27T06:00:00.000000000Z,1.16396,1.16494,1.16374,1.16456,4849
EUR_USD,H1,2026-05-27T07:00:00.000000000Z,1.16458,1.1649,1.16402,1.16405,4851
EUR_USD,H1,2026-05-27T08:00:00.000000000Z,1.16406,1.16472,1.16384,1.1645,4372
EUR_USD,H1,2026-05-27T09:00:00.000000000Z,1.16448,1.16486,1.16426,1.16446,3655
EUR_USD,H1,2026-05-27T10:00:00.000000000Z,1.16446,1.16448,1.16361,1.16392,4224
EUR_USD,H1,2026-05-27T11:00:00.000000000Z,1.16394,1.16419,1.1633,1.16376,5544
EUR_USD,H1,2026-05-27T12:00:00.000000000Z,1.16377,1.16615,1.16346,1.1644,16478
EUR_USD,H1,2026-05-27T13:00:00.000000000Z,1.16439,1.16482,1.16377,1.16414,12029
EUR_USD,H1,2026-05-27T14:00:00.000000000Z,1.16414,1.16523,1.16249,1.16256,14316
EUR_USD,H1,2026-05-27T15:00:00.000000000Z,1.16255,1.16364,1.16225,1.16302,9417
EUR_USD,H1,2026-05-27T16:00:00.000000000Z,1.16305,1.16328,1.16242,1.16324,4878
EUR_USD,H1,2026-05-27T17:00:00.000000000Z,1.16324,1.1633,1.16222,1.16272,4547
EUR_USD,H1,2026-05-27T18:00:00.000000000Z,1.16272,1.16304,1.16226,1.16294,2960
EUR_USD,H1,2026-05-27T19:00:00.000000000Z,1.16294,1.1632,1.16268,1.16288,2375
EUR_USD,H1,2026-05-27T20:00:00.000000000Z,1.16286,1.16305,1.16256,1.16258,1370
EUR_USD,H1,2026-05-27T21:00:00.000000000Z,1.1628,1.16312,1.16266,1.16291,1741
EUR_USD,H1,2026-05-27T22:00:00.000000000Z,1.16286,1.16305,1.1626,1.16262,1117
EUR_USD,H1,2026-05-27T23:00:00.000000000Z,1.1626,1.16288,1.16162,1.16176,2057
EUR_USD,H1,2026-05-28T00:00:00.000000000Z,1.16176,1.16235,1.16166,1.16206,4204
EUR_USD,H1,2026-05-28T01:00:00.000000000Z,1.16206,1.16212,1.16094,1.161,3619
EUR_USD,H1,2026-05-28T02:00:00.000000000Z,1.161,1.16152,1.16096,1.16126,2769
EUR_USD,H1,2026-05-28T03:00:00.000000000Z,1.16126,1.16138,1.15872,1.15872,5686
EUR_USD,H1,2026-05-28T04:00:00.000000000Z,1.15872,1.15928,1.15864,1.15918,4150
EUR_USD,H1,2026-05-28T05:00:00.000000000Z,1.15918,1.16021,1.15891,1.15994,4094
EUR_USD,H1,2026-05-28T06:00:00.000000000Z,1.15993,1.16122,1.15987,1.16102,4639
EUR_USD,H1,2026-05-28T07:00:00.000000000Z,1.16104,1.16178,1.161,1.16118,5677
EUR_USD,H1,2026-05-28T08:00:00.000000000Z,1.16118,1.16169,1.16066,1.16156,4714
EUR_USD,H1,2026-05-28T09:00:00.000000000Z,1.16157,1.16192,1.1613,1.16132,4152
EUR_USD,H1,2026-05-28T10:00:00.000000000Z,1.1613,1.16156,1.16037,1.16037,4908
EUR_USD,H1,2026-05-28T11:00:00.000000000Z,1.16036,1.16228,1.16034,1.1617,4995
EUR_USD,H1,2026-05-28T12:00:00.000000000Z,1.16168,1.16384,1.16157,1.16366,8408
EUR_USD,H1,2026-05-28T13:00:00.000000000Z,1.16367,1.16432,1.16291,1.16306,8258
EUR_USD,H1,2026-05-28T14:00:00.000000000Z,1.16304,1.1658,1.1627,1.16478,19776
EUR_USD,H1,2026-05-28T15:00:00.000000000Z,1.16478,1.1657,1.16477,1.16481,8034
EUR_USD,H1,2026-05-28T16:00:00.000000000Z,1.1648,1.16614,1.16454,1.16569,7316
EUR_USD,H1,2026-05-28T17:00:00.000000000Z,1.1657,1.16574,1.16508,1.16534,3775
EUR_USD,H1,2026-05-28T18:00:00.000000000Z,1.16532,1.16554,1.16466,1.1648,5238
EUR_USD,H1,2026-05-28T19:00:00.000000000Z,1.16477,1.16516,1.16464,1.16477,3573
EUR_USD,H1,2026-05-28T20:00:00.000000000Z,1.16476,1.16498,1.1645,1.16497,1380
EUR_USD,H1,2026-05-28T21:00:00.000000000Z,1.16522,1.16536,1.16512,1.1652,1312
EUR_USD,H1,2026-05-28T22:00:00.000000000Z,1.16519,1.16522,1.165,1.16504,691
EUR_USD,H1,2026-05-28T23:00:00.000000000Z,1.16504,1.16532,1.16504,1.16526,1009
EUR_USD,H1,2026-05-29T00:00:00.000000000Z,1.16525,1.16556,1.16475,1.16488,3637
EUR_USD,H1,2026-05-29T01:00:00.000000000Z,1.16489,1.16566,1.16434,1.16446,4350
EUR_USD,H1,2026-05-29T02:00:00.000000000Z,1.16446,1.16492,1.16436,1.1645,2605
EUR_USD,H1,2026-05-29T03:00:00.000000000Z,1.1645,1.1645,1.1636,1.16373,2585
EUR_USD,H1,2026-05-29T04:00:00.000000000Z,1.16372,1.16394,1.16343,1.16391,2177
EUR_USD,H1,2026-05-29T05:00:00.000000000Z,1.16392,1.16436,1.16382,1.16421,2127
EUR_USD,H1,2026-05-29T06:00:00.000000000Z,1.16422,1.16544,1.16422,1.16535,4460
EUR_USD,H1,2026-05-29T07:00:00.000000000Z,1.16534,1.16534,1.16378,1.16422,5684
EUR_USD,H1,2026-05-29T08:00:00.000000000Z,1.16418,1.16418,1.1625,1.16283,5920
EUR_USD,H1,2026-05-29T09:00:00.000000000Z,1.16282,1.16428,1.16266,1.16415,5549
EUR_USD,H1,2026-05-29T10:00:00.000000000Z,1.16416,1.16452,1.1638,1.16431,3955
EUR_USD,H1,2026-05-29T11:00:00.000000000Z,1.1643,1.16483,1.16399,1.16478,4793
EUR_USD,H1,2026-05-29T12:00:00.000000000Z,1.16477,1.16491,1.16416,1.1649,5604
EUR_USD,H1,2026-05-29T13:00:00.000000000Z,1.16492,1.16532,1.1645,1.16474,6999
EUR_USD,H1,2026-05-29T14:00:00.000000000Z,1.16473,1.16746,1.16406,1.16687,13964
EUR_USD,H1,2026-05-29T15:00:00.000000000Z,1.16686,1.16859,1.16673,1.16781,12409
EUR_USD,H1,2026-05-29T16:00:00.000000000Z,1.1678,1.16792,1.16666,1.16723,6709
EUR_USD,H1,2026-05-29T17:00:00.000000000Z,1.16722,1.16734,1.16622,1.16624,4715
EUR_USD,H1,2026-05-29T18:00:00.000000000Z,1.16624,1.16686,1.16605,1.16642,5159
EUR_USD,H1,2026-05-29T19:00:00.000000000Z,1.16641,1.16695,1.16638,1.16646,4405
EUR_USD,H1,2026-05-29T20:00:00.000000000Z,1.16648,1.1665,1.16587,1.16621,2773
EUR_USD,H1,2026-05-31T21:00:00.000000000Z,1.16543,1.16618,1.16543,1.166,642
EUR_USD,H1,2026-05-31T22:00:00.000000000Z,1.16602,1.16611,1.16517,1.16544,4265
EUR_USD,H1,2026-05-31T23:00:00.000000000Z,1.16544,1.16558,1.16484,1.16486,5765
EUR_USD,H1,2026-06-01T00:00:00.000000000Z,1.16486,1.16538,1.1645,1.16477,6358
EUR_USD,H1,2026-06-01T01:00:00.000000000Z,1.16478,1.16482,1.1642,1.16449,3360
EUR_USD,H1,2026-06-01T02:00:00.000000000Z,1.16448,1.16472,1.16437,1.16466,1951
EUR_USD,H1,2026-06-01T03:00:00.000000000Z,1.16468,1.16491,1.16416,1.16439,2329
EUR_USD,H1,2026-06-01T04:00:00.000000000Z,1.16438,1.16486,1.16435,1.16482,1444
EUR_USD,H1,2026-06-01T05:00:00.000000000Z,1.16482,1.16534,1.16479,1.16514,2378
EUR_USD,H1,2026-06-01T06:00:00.000000000Z,1.16514,1.16648,1.16502,1.16647,5808
EUR_USD,H1,2026-06-01T07:00:00.000000000Z,1.16644,1.16648,1.16518,1.16566,5120
EUR_USD,H1,2026-06-01T08:00:00.000000000Z,1.16568,1.16602,1.16535,1.16578,3989
EUR_USD,H1,2026-06-01T09:00:00.000000000Z,1.16577,1.16606,1.16483,1.16508,4734
EUR_USD,H1,2026-06-01T10:00:00.000000000Z,1.1651,1.16511,1.1646,1.16476,3698
EUR_USD,H1,2026-06-01T11:00:00.000000000Z,1.16474,1.16482,1.16416,1.16463,3812
EUR_USD,H1,2026-06-01T12:00:00.000000000Z,1.16464,1.16506,1.16452,1.16474,5817
EUR_USD,H1,2026-06-01T13:00:00.000000000Z,1.16474,1.16482,1.16101,1.16101,17884
EUR_USD,H1,2026-06-01T14:00:00.000000000Z,1.16096,1.16184,1.16068,1.16175,12747
EUR_USD,H1,2026-06-01T15:00:00.000000000Z,1.16178,1.16288,1.16153,1.1623,9787
EUR_USD,H1,2026-06-01T16:00:00.000000000Z,1.16232,1.16306,1.16164,1.16298,6982
EUR_USD,H1,2026-06-01T17:00:00.000000000Z,1.163,1.1638,1.16252,1.16348,7492
EUR_USD,H1,2026-06-01T18:00:00.000000000Z,1.16347,1.16353,1.16308,1.16308,2447
EUR_USD,H1,2026-06-01T19:00:00.000000000Z,1.16308,1.16338,1.16267,1.16318,3346
EUR_USD,H1,2026-06-01T20:00:00.000000000Z,1.16318,1.16339,1.16306,1.16321,1517
EUR_USD,H1,2026-06-01T21:00:00.000000000Z,1.163,1.1637,1.16299,1.16341,1289
EUR_USD,H1,2026-06-01T22:00:00.000000000Z,1.16342,1.16352,1.16326,1.16339,832
EUR_USD,H1,2026-06-01T23:00:00.000000000Z,1.16342,1.16361,1.16328,1.16354,1087
EUR_USD,H1,2026-06-02T00:00:00.000000000Z,1.16354,1.16355,1.16294,1.16315,3139
EUR_USD,H1,2026-06-02T01:00:00.000000000Z,1.16316,1.1637,1.16284,1.16307,3714
EUR_USD,H1,2026-06-02T02:00:00.000000000Z,1.16308,1.16346,1.16302,1.16308,2203
EUR_USD,H1,2026-06-02T03:00:00.000000000Z,1.16309,1.16352,1.16309,1.16342,2058
EUR_USD,H1,2026-06-02T04:00:00.000000000Z,1.16342,1.16388,1.16342,1.16379,1547
EUR_USD,H1,2026-06-02T05:00:00.000000000Z,1.1638,1.16398,1.16362,1.16371,1689
EUR_USD,H1,2026-06-02T06:00:00.000000000Z,1.16372,1.16522,1.16372,1.16506,5714
EUR_USD,H1,2026-06-02T07:00:00.000000000Z,1.16504,1.16508,1.1645,1.16486,4566
EUR_USD,H1,2026-06-02T08:00:00.000000000Z,1.16486,1.16526,1.16422,1.16436,4030
EUR_USD,H1,2026-06-02T09:00:00.000000000Z,1.16437,1.1645,1.16402,1.16433,4063
EUR_USD,H1,2026-06-02T10:00:00.000000000Z,1.16434,1.16461,1.16384,1.16437,3347
EUR_USD,H1,2026-06-02T11:00:00.000000000Z,1.16438,1.16528,1.16437,1.16496,3633
EUR_USD,H1,2026-06-02T12:00:00.000000000Z,1.16497,1.16558,1.16474,1.16505,5471
EUR_USD,H1,2026-06-02T13:00:00.000000000Z,1.16505,1.16524,1.16396,1.16434,7424
EUR_USD,H1,2026-06-02T14:00:00.000000000Z,1.16434,1.165,1.16361,1.16436,8144
EUR_USD,H1,2026-06-02T15:00:00.000000000Z,1.16436,1.16452,1.16356,1.16406,6375
EUR_USD,H1,2026-06-02T16:00:00.000000000Z,1.16407,1.16412,1.16268,1.16284,3623
EUR_USD,H1,2026-06-02T17:00:00.000000000Z,1.16283,1.16298,1.16202,1.16216,2855
EUR_USD,H1,2026-06-02T18:00:00.000000000Z,1.16216,1.163,1.16135,1.16285,3543
EUR_USD,H1,2026-06-02T19:00:00.000000000Z,1.16286,1.16332,1.16286,1.16323,2160
EUR_USD,H1,2026-06-02T20:00:00.000000000Z,1.16324,1.16349,1.163,1.1631,1498
EUR_USD,H1,2026-06-02T21:00:00.000000000Z,1.16299,1.16332,1.16292,1.163,889
EUR_USD,H1,2026-06-02T22:00:00.000000000Z,1.16299,1.16302,1.16264,1.16267,1165
EUR_USD,H1,2026-06-02T23:00:00.000000000Z,1.16268,1.16275,1.16198,1.16213,2361
EUR_USD,H1,2026-06-03T00:00:00.000000000Z,1.16212,1.16308,1.16204,1.16289,3234
EUR_USD,H1,2026-06-03T01:00:00.000000000Z,1.1629,1.16336,1.16264,1.16296,3568
EUR_USD,H1,2026-06-03T02:00:00.000000000Z,1.16296,1.1632,1.1625,1.1628,2086
EUR_USD,H1,2026-06-03T03:00:00.000000000Z,1.16281,1.16295,1.16264,1.16277,1975
EUR_USD,H1,2026-06-03T04:00:00.000000000Z,1.16276,1.16282,1.16244,1.16256,1417
EUR_USD,H1,2026-06-03T05:00:00.000000000Z,1.16256,1.16271,1.16187,1.16188,2566
EUR_USD,H1,2026-06-03T06:00:00.000000000Z,1.16188,1.16224,1.16124,1.16164,5783
EUR_USD,H1,2026-06-03T07:00:00.000000000Z,1.16164,1.16244,1.16129,1.16162,6586
EUR_USD,H1,2026-06-03T08:00:00.000000000Z,1.16162,1.16168,1.16051,1.16082,6007
EUR_USD,H1,2026-06-03T09:00:00.000000000Z,1.16082,1.1616,1.1608,1.16136,4676
EUR_USD,H1,2026-06-03T10:00:00.000000000Z,1.16136,1.1623,1.16128,1.16161,6644
EUR_USD,H1,2026-06-03T11:00:00.000000000Z,1.16162,1.16226,1.16154,1.16179,3975
EUR_USD,H1,2026-06-03T12:00:00.000000000Z,1.1618,1.16187,1.15968,1.16005,6633
EUR_USD,H1,2026-06-03T13:00:00.000000000Z,1.16006,1.16064,1.15974,1.1603,8387
EUR_USD,H1,2026-06-03T14:00:00.000000000Z,1.1603,1.16124,1.15949,1.16124,12680
EUR_USD,H1,2026-06-03T15:00:00.000000000Z,1.16124,1.1613,1.16026,1.16048,9118
EUR_USD,H1,2026-06-03T16:00:00.000000000Z,1.1605,1.1605,1.15952,1.16002,6088
EUR_USD,H1,2026-06-03T17:00:00.000000000Z,1.16004,1.16036,1.15969,1.15984,3029
EUR_USD,H1,2026-06-03T18:00:00.000000000Z,1.15985,1.16,1.15954,1.15984,2844
EUR_USD,H1,2026-06-03T19:00:00.000000000Z,1.15982,1.16011,1.15972,1.15981,2408
EUR_USD,H1,2026-06-03T20:00:00.000000000Z,1.15982,1.16006,1.1597,1.15986,1680
EUR_USD,H1,2026-06-03T21:00:00.000000000Z,1.15998,1.16013,1.15976,1.15989,1041
EUR_USD,H1,2026-06-03T22:00:00.000000000Z,1.15993,1.16124,1.15946,1.1606,1944
EUR_USD,H1,2026-06-03T23:00:00.000000000Z,1.16061,1.16108,1.16016,1.1609,2051
EUR_USD,H1,2026-06-04T00:00:00.000000000Z,1.1609,1.16126,1.16055,1.16068,4014
EUR_USD,H1,2026-06-04T01:00:00.000000000Z,1.16068,1.16102,1.16039,1.16096,3609
EUR_USD,H1,2026-06-04T02:00:00.000000000Z,1.16098,1.16113,1.16064,1.16101,2188
EUR_USD,H1,2026-06-04T03:00:00.000000000Z,1.161,1.16101,1.16026,1.1606,1739
EUR_USD,H1,2026-06-04T04:00:00.000000000Z,1.16061,1.16132,1.1604,1.16098,2281
EUR_USD,H1,2026-06-04T05:00:00.000000000Z,1.16098,1.16106,1.16052,1.16098,2611
EUR_USD,H1,2026-06-04T06:00:00.000000000Z,1.16098,1.1615,1.16072,1.16108,4362
EUR_USD,H1,2026-06-04T07:00:00.000000000Z,1.16106,1.16128,1.15986,1.1604,5143
EUR_USD,H1,2026-06-04T08:00:00.000000000Z,1.1604,1.16142,1.16037,1.16133,5632
EUR_USD,H1,2026-06-04T09:00:00.000000000Z,1.16132,1.16284,1.16132,1.16258,5828
EUR_USD,H1,2026-06-04T10:00:00.000000000Z,1.16258,1.16342,1.16253,1.16305,4677
EUR_USD,H1,2026-06-04T11:00:00.000000000Z,1.16306,1.16455,1.16304,1.16418,7081
EUR_USD,H1,2026-06-04T12:00:00.000000000Z,1.16418,1.16452,1.16345,1.1637,7378
EUR_USD,H1,2026-06-04T13:00:00.000000000Z,1.1637,1.164,1.1634,1.16361,7125
EUR_USD,H1,2026-06-04T14:00:00.000000000Z,1.1636,1.164,1.16292,1.16306,5402
EUR_USD,H1,2026-06-04T15:00:00.000000000Z,1.16305,1.16316,1.16224,1.16284,5649
EUR_USD,H1,2026-06-04T16:00:00.000000000Z,1.16283,1.16298,1.16232,1.16234,3111
EUR_USD,H1,2026-06-04T17:00:00.000000000Z,1.16233,1.1624,1.16195,1.16208,2007
EUR_USD,H1,2026-06-04T18:00:00.000000000Z,1.16208,1.16226,1.16134,1.1615,2083
EUR_USD,H1,2026-06-04T19:00:00.000000000Z,1.1615,1.16162,1.16106,1.16124,2091
EUR_USD,H1,2026-06-04T20:00:00.000000000Z,1.16125,1.16137,1.16082,1.1611,1144
EUR_USD,H1,2026-06-04T21:00:00.000000000Z,1.16154,1.16162,1.16116,1.1614,1252
EUR_USD,H1,2026-06-04T22:00:00.000000000Z,1.16144,1.16145,1.1611,1.16122,794
EUR_USD,H1,2026-06-04T23:00:00.000000000Z,1.16122,1.16138,1.1612,1.16124,813
EUR_USD,H1,2026-06-05T00:00:00.000000000Z,1.16124,1.16142,1.1611,1.16128,2942
EUR_USD,H1,2026-06-05T01:00:00.000000000Z,1.16128,1.1615,1.161,1.16137,4481
EUR_USD,H1,2026-06-05T02:00:00.000000000Z,1.1614,1.16166,1.16125,1.1614,2425
EUR_USD,H1,2026-06-05T03:00:00.000000000Z,1.16141,1.16156,1.16136,1.16148,1968
EUR_USD,H1,2026-06-05T04:00:00.000000000Z,1.1615,1.1617,1.16138,1.16162,1816
EUR_USD,H1,2026-06-05T05:00:00.000000000Z,1.16162,1.16194,1.1615,1.16156,2008
EUR_USD,H1,2026-06-05T06:00:00.000000000Z,1.16155,1.16229,1.1613,1.16224,3817
EUR_USD,H1,2026-06-05T07:00:00.000000000Z,1.16222,1.16372,1.16216,1.1632,4531
EUR_USD,H1,2026-06-05T08:00:00.000000000Z,1.1632,1.164,1.1632,1.16368,4648
EUR_USD,H1,2026-06-05T09:00:00.000000000Z,1.16366,1.16445,1.16346,1.16387,4878
EUR_USD,H1,2026-06-05T10:00:00.000000000Z,1.16386,1.16443,1.16385,1.16404,3077
EUR_USD,H1,2026-06-05T11:00:00.000000000Z,1.16403,1.1642,1.16345,1.16416,3830
EUR_USD,H1,2026-06-05T12:00:00.000000000Z,1.16416,1.16428,1.15863,1.15866,14885
EUR_USD,H1,2026-06-05T13:00:00.000000000Z,1.15868,1.15998,1.15718,1.1572,18474
EUR_USD,H1,2026-06-05T14:00:00.000000000Z,1.1572,1.15806,1.15496,1.1559,14441
EUR_USD,H1,2026-06-05T15:00:00.000000000Z,1.1559,1.15601,1.15316,1.15325,10186
EUR_USD,H1,2026-06-05T16:00:00.000000000Z,1.15326,1.15331,1.15226,1.15322,8395
EUR_USD,H1,2026-06-05T17:00:00.000000000Z,1.15324,1.15332,1.15192,1.15243,6459
EUR_USD,H1,2026-06-05T18:00:00.000000000Z,1.15244,1.15291,1.15195,1.1523,6884
EUR_USD,H1,2026-06-05T19:00:00.000000000Z,1.1523,1.15274,1.15184,1.15253,5022
EUR_USD,H1,2026-06-05T20:00:00.000000000Z,1.15254,1.15263,1.1518,1.15226,3374
EUR_USD,H1,2026-06-07T21:00:00.000000000Z,1.15115,1.15157,1.15096,1.15115,581
EUR_USD,H1,2026-06-07T22:00:00.000000000Z,1.15104,1.15188,1.15088,1.15134,3915
EUR_USD,H1,2026-06-07T23:00:00.000000000Z,1.15132,1.15228,1.15132,1.1522,2668
EUR_USD,H1,2026-06-08T00:00:00.000000000Z,1.15219,1.15337,1.1521,1.15335,3942
EUR_USD,H1,2026-06-08T01:00:00.000000000Z,1.15336,1.15348,1.15118,1.15265,10916
EUR_USD,H1,2026-06-08T02:00:00.000000000Z,1.15266,1.15316,1.15206,1.15286,5329
EUR_USD,H1,2026-06-08T03:00:00.000000000Z,1.15286,1.15325,1.15261,1.15324,2947
EUR_USD,H1,2026-06-08T04:00:00.000000000Z,1.15324,1.1534,1.15301,1.15314,2681
EUR_USD,H1,2026-06-08T05:00:00.000000000Z,1.15316,1.15398,1.15178,1.15192,5305
EUR_USD,H1,2026-06-08T06:00:00.000000000Z,1.15192,1.15249,1.15135,1.15153,7393
EUR_USD,H1,2026-06-08T07:00:00.000000000Z,1.15152,1.15269,1.15144,1.15166,7947
EUR_USD,H1,2026-06-08T08:00:00.000000000Z,1.15165,1.15235,1.15079,1.15084,8162
EUR_USD,H1,2026-06-08T09:00:00.000000000Z,1.15084,1.15146,1.14997,1.15126,8017
EUR_USD,H1,2026-06-08T10:00:00.000000000Z,1.15126,1.15325,1.151,1.15245,8312
EUR_USD,H1,2026-06-08T11:00:00.000000000Z,1.15246,1.15438,1.15234,1.15366,10041
EUR_USD,H1,2026-06-08T12:00:00.000000000Z,1.15364,1.15437,1.15351,1.15422,8039
EUR_USD,H1,2026-06-08T13:00:00.000000000Z,1.15424,1.15548,1.15414,1.15416,11137
EUR_USD,H1,2026-06-08T14:00:00.000000000Z,1.15414,1.15444,1.15318,1.15428,10139
EUR_USD,H1,2026-06-08T15:00:00.000000000Z,1.1543,1.15478,1.15365,1.15442,7715
EUR_USD,H1,2026-06-08T16:00:00.000000000Z,1.15442,1.15462,1.15389,1.15389,4643
EUR_USD,H1,2026-06-08T17:00:00.000000000Z,1.1539,1.15415,1.15356,1.1538,4881
EUR_USD,H1,2026-06-08T18:00:00.000000000Z,1.15381,1.15421,1.15278,1.15284,4319
EUR_USD,H1,2026-06-08T19:00:00.000000000Z,1.15284,1.15344,1.1528,1.15309,4424
EUR_USD,H1,2026-06-08T20:00:00.000000000Z,1.15308,1.15338,1.15304,1.15324,1542
EUR_USD,H1,2026-06-08T21:00:00.000000000Z,1.1537,1.1539,1.15342,1.15372,888
EUR_USD,H1,2026-06-08T22:00:00.000000000Z,1.15375,1.15375,1.15326,1.15338,1010
EUR_USD,H1,2026-06-08T23:00:00.000000000Z,1.15338,1.15342,1.1528,1.15282,1155
EUR_USD,H1,2026-06-09T00:00:00.000000000Z,1.15281,1.15317,1.1527,1.15314,4539
EUR_USD,H1,2026-06-09T01:00:00.000000000Z,1.15315,1.15398,1.15305,1.15397,4407
EUR_USD,H1,2026-06-09T02:00:00.000000000Z,1.15398,1.15405,1.15368,1.15376,2618
EUR_USD,H1,2026-06-09T03:00:00.000000000Z,1.15376,1.154,1.15348,1.1538,2570
EUR_USD,H1,2026-06-09T04:00:00.000000000Z,1.1538,1.15484,1.1537,1.15456,2275
EUR_USD,H1,2026-06-09T05:00:00.000000000Z,1.15456,1.15476,1.15396,1.15448,4395
EUR_USD,H1,2026-06-09T06:00:00.000000000Z,1.1545,1.15536,1.15434,1.1544,5543
EUR_USD,H1,2026-06-09T07:00:00.000000000Z,1.15441,1.1547,1.15374,1.15394,5715
EUR_USD,H1,2026-06-09T08:00:00.000000000Z,1.15393,1.15526,1.15365,1.15508,5755
EUR_USD,H1,2026-06-09T09:00:00.000000000Z,1.15509,1.15638,1.15504,1.15615,4065
EUR_USD,H1,2026-06-09T10:00:00.000000000Z,1.15614,1.15696,1.15602,1.15655,3866
EUR_USD,H1,2026-06-09T11:00:00.000000000Z,1.15654,1.15742,1.15654,1.15726,3246
EUR_USD,H1,2026-06-09T12:00:00.000000000Z,1.15728,1.15749,1.15692,1.15736,4513
EUR_USD,H1,2026-06-09T13:00:00.000000000Z,1.15738,1.15781,1.15636,1.15664,8070
EUR_USD,H1,2026-06-09T14:00:00.000000000Z,1.15664,1.15734,1.15582,1.15624,12106
EUR_USD,H1,2026-06-09T15:00:00.000000000Z,1.15624,1.15674,1.15458,1.15552,10795
EUR_USD,H1,2026-06-09T16:00:00.000000000Z,1.15552,1.15576,1.15286,1.1541,15341
EUR_USD,H1,2026-06-09T17:00:00.000000000Z,1.15408,1.15532,1.154,1.15482,10074
EUR_USD,H1,2026-06-09T18:00:00.000000000Z,1.15482,1.15532,1.15464,1.15498,6701
EUR_USD,H1,2026-06-09T19:00:00.000000000Z,1.15498,1.15502,1.15396,1.15416,4948
EUR_USD,H1,2026-06-09T20:00:00.000000000Z,1.15415,1.15457,1.15407,1.1544,1543
EUR_USD,H1,2026-06-09T21:00:00.000000000Z,1.15454,1.15456,1.1536,1.15394,805
EUR_USD,H1,2026-06-09T22:00:00.000000000Z,1.15387,1.15405,1.15362,1.15366,1597
EUR_USD,H1,2026-06-09T23:00:00.000000000Z,1.15366,1.15392,1.15332,1.15351,1836
EUR_USD,H1,2026-06-10T00:00:00.000000000Z,1.15353,1.15436,1.15334,1.15424,6005
EUR_USD,H1,2026-06-10T01:00:00.000000000Z,1.15426,1.1543,1.15354,1.15378,6134
EUR_USD,H1,2026-06-10T02:00:00.000000000Z,1.1538,1.1545,1.15369,1.15426,4198
EUR_USD,H1,2026-06-10T03:00:00.000000000Z,1.15426,1.15522,1.15424,1.15504,3342
EUR_USD,H1,2026-06-10T04:00:00.000000000Z,1.15504,1.15507,1.15445,1.15464,3364
EUR_USD,H1,2026-06-10T05:00:00.000000000Z,1.15464,1.15556,1.15454,1.15544,3955
EUR_USD,H1,2026-06-10T06:00:00.000000000Z,1.15546,1.15582,1.15484,1.15488,5068
EUR_USD,H1,2026-06-10T07:00:00.000000000Z,1.15488,1.15588,1.15467,1.15538,5683
EUR_USD,H1,2026-06-10T08:00:00.000000000Z,1.1554,1.15542,1.15481,1.15536,6456
EUR_USD,H1,2026-06-10T09:00:00.000000000Z,1.15538,1.15597,1.15507,1.15579,5607
EUR_USD,H1,2026-06-10T10:00:00.000000000Z,1.1558,1.15594,1.15504,1.1552,4714
EUR_USD,H1,2026-06-10T11:00:00.000000000Z,1.15524,1.15526,1.15357,1.15366,11300
EUR_USD,H1,2026-06-10T12:00:00.000000000Z,1.15368,1.15649,1.1536,1.15486,12848
EUR_USD,H1,2026-06-10T13:00:00.000000000Z,1.15485,1.15731,1.15475,1.15626,11010
EUR_USD,H1,2026-06-10T14:00:00.000000000Z,1.15626,1.15672,1.15501,1.15522,12481
EUR_USD,H1,2026-06-10T15:00:00.000000000Z,1.15524,1.15569,1.15344,1.15494,14849
EUR_USD,H1,2026-06-10T16:00:00.000000000Z,1.15494,1.15595,1.15486,1.15539,7784
EUR_USD,H1,2026-06-10T17:00:00.000000000Z,1.1554,1.15567,1.15447,1.15525,7319
EUR_USD,H1,2026-06-10T18:00:00.000000000Z,1.15526,1.15577,1.15482,1.15483,6176
EUR_USD,H1,2026-06-10T19:00:00.000000000Z,1.15484,1.15488,1.15412,1.15414,5249
EUR_USD,H1,2026-06-10T20:00:00.000000000Z,1.15414,1.15415,1.1535,1.15357,2252
EUR_USD,H1,2026-06-10T21:00:00.000000000Z,1.15366,1.15407,1.15354,1.15358,444
EUR_USD,H1,2026-06-10T22:00:00.000000000Z,1.15358,1.15368,1.15284,1.15298,3085
EUR_USD,H1,2026-06-10T23:00:00.000000000Z,1.15298,1.15378,1.15257,1.15354,5255
EUR_USD,H1,2026-06-11T00:00:00.000000000Z,1.15355,1.1543,1.15355,1.15425,7700
EUR_USD,H1,2026-06-11T01:00:00.000000000Z,1.15426,1.15561,1.15416,1.15541,6115
EUR_USD,H1,2026-06-11T02:00:00.000000000Z,1.15541,1.15543,1.15462,1.1548,4514
EUR_USD,H1,2026-06-11T03:00:00.000000000Z,1.1548,1.15492,1.15444,1.15453,4211
EUR_USD,H1,2026-06-11T04:00:00.000000000Z,1.15454,1.15504,1.15426,1.15484,3539
EUR_USD,H1,2026-06-11T05:00:00.000000000Z,1.15484,1.15514,1.15455,1.15474,4264
EUR_USD,H1,2026-06-11T06:00:00.000000000Z,1.15474,1.15474,1.15404,1.15418,4723
EUR_USD,H1,2026-06-11T07:00:00.000000000Z,1.15418,1.15556,1.15413,1.1545,6186
EUR_USD,H1,2026-06-11T08:00:00.000000000Z,1.15448,1.15455,1.15307,1.15323,5619
EUR_USD,H1,2026-06-11T09:00:00.000000000Z,1.15322,1.15373,1.153,1.1534,4667
EUR_USD,H1,2026-06-11T10:00:00.000000000Z,1.15339,1.15345,1.15232,1.15312,4272
EUR_USD,H1,2026-06-11T11:00:00.000000000Z,1.15314,1.15418,1.15314,1.15382,5096
EUR_USD,H1,2026-06-11T12:00:00.000000000Z,1.15384,1.15435,1.15164,1.15398,15868
EUR_USD,H1,2026-06-11T13:00:00.000000000Z,1.15399,1.15406,1.15176,1.15296,12438
EUR_USD,H1,2026-06-11T14:00:00.000000000Z,1.15296,1.15306,1.15148,1.15194,9809
EUR_USD,H1,2026-06-11T15:00:00.000000000Z,1.15194,1.15244,1.1514,1.15145,9642
EUR_USD,H1,2026-06-11T16:00:00.000000000Z,1.15146,1.1516,1.15074,1.1509,6435
EUR_USD,H1,2026-06-11T17:00:00.000000000Z,1.15088,1.15664,1.1503,1.15511,23524
EUR_USD,H1,2026-06-11T18:00:00.000000000Z,1.15512,1.15666,1.15413,1.1558,17831
EUR_USD,H1,2026-06-11T19:00:00.000000000Z,1.1558,1.15899,1.1558,1.15789,13738
EUR_USD,H1,2026-06-11T20:00:00.000000000Z,1.1579,1.15836,1.15763,1.15792,3776
EUR_USD,H1,2026-06-11T21:00:00.000000000Z,1.15786,1.15806,1.15765,1.15774,447
EUR_USD,H1,2026-06-11T22:00:00.000000000Z,1.15772,1.15851,1.15732,1.1585,2447
EUR_USD,H1,2026-06-11T23:00:00.000000000Z,1.1585,1.15866,1.15744,1.15756,2737
EUR_USD,H1,2026-06-12T00:00:00.000000000Z,1.15755,1.15766,1.15662,1.15696,5997
EUR_USD,H1,2026-06-12T01:00:00.000000000Z,1.15697,1.15701,1.15616,1.15634,5365
EUR_USD,H1,2026-06-12T02:00:00.000000000Z,1.15633,1.15705,1.15628,1.15668,4104
EUR_USD,H1,2026-06-12T03:00:00.000000000Z,1.15668,1.15753,1.15651,1.15722,4249
EUR_USD,H1,2026-06-12T04:00:00.000000000Z,1.15722,1.15752,1.15687,1.15716,3207
EUR_USD,H1,2026-06-12T05:00:00.000000000Z,1.15716,1.15739,1.15574,1.15576,5076
EUR_USD,H1,2026-06-12T06:00:00.000000000Z,1.15576,1.15743,1.15576,1.15731,6767
EUR_USD,H1,2026-06-12T07:00:00.000000000Z,1.15732,1.15737,1.15572,1.15666,8704
EUR_USD,H1,2026-06-12T08:00:00.000000000Z,1.15666,1.15858,1.15654,1.15768,10759
EUR_USD,H1,2026-06-12T09:00:00.000000000Z,1.15769,1.15897,1.15735,1.15841,7514
EUR_USD,H1,2026-06-12T10:00:00.000000000Z,1.1584,1.15856,1.1569,1.15739,7428
EUR_USD,H1,2026-06-12T11:00:00.000000000Z,1.1574,1.15794,1.15707,1.15714,5854
EUR_USD,H1,2026-06-12T12:00:00.000000000Z,1.15715,1.15724,1.15601,1.15635,6644
EUR_USD,H1,2026-06-12T13:00:00.000000000Z,1.15636,1.1579,1.15618,1.15696,11863
EUR_USD,H1,2026-06-12T14:00:00.000000000Z,1.15696,1.15791,1.15662,1.15734,13976
EUR_USD,H1,2026-06-12T15:00:00.000000000Z,1.15734,1.15835,1.15715,1.1573,10494
EUR_USD,H1,2026-06-12T16:00:00.000000000Z,1.15728,1.15778,1.15696,1.15746,8190
EUR_USD,H1,2026-06-12T17:00:00.000000000Z,1.15747,1.15776,1.15718,1.15746,4576
EUR_USD,H1,2026-06-12T18:00:00.000000000Z,1.15746,1.15786,1.15724,1.15748,3595
EUR_USD,H1,2026-06-12T19:00:00.000000000Z,1.15746,1.15778,1.15686,1.15714,3907
EUR_USD,H1,2026-06-12T20:00:00.000000000Z,1.15714,1.15718,1.15658,1.15669,2872
EUR_USD,H1,2026-06-14T21:00:00.000000000Z,1.15752,1.16068,1.15726,1.1606,1516
EUR_USD,H1,2026-06-14T22:00:00.000000000Z,1.16062,1.16176,1.16019,1.16087,6396
EUR_USD,H1,2026-06-14T23:00:00.000000000Z,1.16088,1.16094,1.16022,1.1603,3572
EUR_USD,H1,2026-06-15T00:00:00.000000000Z,1.16029,1.16118,1.1598,1.15988,5269
EUR_USD,H1,2026-06-15T01:00:00.000000000Z,1.15988,1.16017,1.15942,1.15982,4023
EUR_USD,H1,2026-06-15T02:00:00.000000000Z,1.15982,1.16014,1.15944,1.15996,2387
EUR_USD,H1,2026-06-15T03:00:00.000000000Z,1.15995,1.16052,1.15984,1.16043,2071
EUR_USD,H1,2026-06-15T04:00:00.000000000Z,1.16042,1.16134,1.16033,1.16127,1912
EUR_USD,H1,2026-06-15T05:00:00.000000000Z,1.16128,1.16221,1.16127,1.16169,3114
EUR_USD,H1,2026-06-15T06:00:00.000000000Z,1.16168,1.1618,1.16008,1.16064,5981
EUR_USD,H1,2026-06-15T07:00:00.000000000Z,1.16066,1.16106,1.16015,1.16062,6718
EUR_USD,H1,2026-06-15T08:00:00.000000000Z,1.16061,1.16103,1.15972,1.16016,5230
EUR_USD,H1,2026-06-15T09:00:00.000000000Z,1.16016,1.16108,1.16007,1.1607,4556
EUR_USD,H1,2026-06-15T10:00:00.000000000Z,1.16071,1.16144,1.16034,1.16106,3629
EUR_USD,H1,2026-06-15T11:00:00.000000000Z,1.16105,1.16142,1.16056,1.1609,4659
EUR_USD,H1,2026-06-15T12:00:00.000000000Z,1.1609,1.16197,1.16044,1.16156,5648
EUR_USD,H1,2026-06-15T13:00:00.000000000Z,1.16154,1.16205,1.16122,1.1617,6641
EUR_USD,H1,2026-06-15T14:00:00.000000000Z,1.16169,1.16186,1.16056,1.16078,8126
EUR_USD,H1,2026-06-15T15:00:00.000000000Z,1.16076,1.16076,1.15967,1.15986,5328
EUR_USD,H1,2026-06-15T16:00:00.000000000Z,1.15985,1.16052,1.15975,1.16036,4310
EUR_USD,H1,2026-06-15T17:00:00.000000000Z,1.16035,1.16041,1.1598,1.15994,3312
EUR_USD,H1,2026-06-15T18:00:00.000000000Z,1.15994,1.16031,1.1594,1.15948,3713
EUR_USD,H1,2026-06-15T19:00:00.000000000Z,1.15948,1.15962,1.15845,1.15852,3938
EUR_USD,H1,2026-06-15T20:00:00.000000000Z,1.15852,1.15902,1.15836,1.15894,1759
EUR_USD,H1,2026-06-15T21:00:00.000000000Z,1.15939,1.15958,1.15882,1.15904,1513
EUR_USD,H1,2026-06-15T22:00:00.000000000Z,1.15902,1.15911,1.15856,1.15886,1237
EUR_USD,H1,2026-06-15T23:00:00.000000000Z,1.15886,1.15937,1.15885,1.15913,1054
EUR_USD,H1,2026-06-16T00:00:00.000000000Z,1.15912,1.15936,1.1588,1.15931,2817
EUR_USD,H1,2026-06-16T01:00:00.000000000Z,1.1593,1.15952,1.1587,1.15878,3507
EUR_USD,H1,2026-06-16T02:00:00.000000000Z,1.15878,1.15894,1.15828,1.15878,2528
EUR_USD,H1,2026-06-16T03:00:00.000000000Z,1.15878,1.15886,1.15842,1.15864,2545
EUR_USD,H1,2026-06-16T04:00:00.000000000Z,1.15864,1.1587,1.15758,1.1579,3041
EUR_USD,H1,2026-06-16T05:00:00.000000000Z,1.1579,1.15809,1.15753,1.15753,2659
EUR_USD,H1,2026-06-16T06:00:00.000000000Z,1.15752,1.15876,1.15748,1.15874,4875
EUR_USD,H1,2026-06-16T07:00:00.000000000Z,1.15874,1.15956,1.15852,1.15956,4913
EUR_USD,H1,2026-06-16T08:00:00.000000000Z,1.15958,1.16065,1.15933,1.16058,4414
EUR_USD,H1,2026-06-16T09:00:00.000000000Z,1.16058,1.16093,1.15999,1.1601,4551
EUR_USD,H1,2026-06-16T10:00:00.000000000Z,1.1601,1.16131,1.16005,1.16119,4042
EUR_USD,H1,2026-06-16T11:00:00.000000000Z,1.16118,1.16118,1.15972,1.1599,4104
EUR_USD,H1,2026-06-16T12:00:00.000000000Z,1.1599,1.16019,1.15914,1.15996,5375
EUR_USD,H1,2026-06-16T13:00:00.000000000Z,1.15995,1.16036,1.15912,1.15927,6749
EUR_USD,H1,2026-06-16T14:00:00.000000000Z,1.15928,1.16084,1.1588,1.16069,7893
EUR_USD,H1,2026-06-16T15:00:00.000000000Z,1.16071,1.16188,1.15998,1.16141,7249
EUR_USD,H1,2026-06-16T16:00:00.000000000Z,1.16142,1.16198,1.16116,1.16133,5427
EUR_USD,H1,2026-06-16T17:00:00.000000000Z,1.16132,1.16138,1.16108,1.16114,3324
EUR_USD,H1,2026-06-16T18:00:00.000000000Z,1.16114,1.16142,1.16065,1.16106,3280
EUR_USD,H1,2026-06-16T19:00:00.000000000Z,1.16106,1.16138,1.16058,1.16082,3951
EUR_USD,H1,2026-06-16T20:00:00.000000000Z,1.16081,1.16098,1.16066,1.16085,1635
EUR_USD,H1,2026-06-16T21:00:00.000000000Z,1.16098,1.16134,1.16085,1.16091,4085
EUR_USD,H1,2026-06-16T22:00:00.000000000Z,1.1609,1.16133,1.1609,1.16125,1243
EUR_USD,H1,2026-06-16T23:00:00.000000000Z,1.16124,1.16151,1.16091,1.16098,2374
EUR_USD,H1,2026-06-17T00:00:00.000000000Z,1.16098,1.16168,1.16088,1.16148,3081
EUR_USD,H1,2026-06-17T01:00:00.000000000Z,1.16146,1.16161,1.16103,1.16124,2392
EUR_USD,H1,2026-06-17T02:00:00.000000000Z,1.16123,1.1615,1.16093,1.16093,1217
EUR_USD,H1,2026-06-17T03:00:00.000000000Z,1.16094,1.16122,1.16084,1.16104,1430
EUR_USD,H1,2026-06-17T04:00:00.000000000Z,1.16105,1.16136,1.161,1.16124,1269
EUR_USD,H1,2026-06-17T05:00:00.000000000Z,1.16124,1.16149,1.16106,1.16122,1778
EUR_USD,H1,2026-06-17T06:00:00.000000000Z,1.16123,1.16146,1.16038,1.1608,3957
EUR_USD,H1,2026-06-17T07:00:00.000000000Z,1.16079,1.16148,1.16044,1.16084,4095
EUR_USD,H1,2026-06-17T08:00:00.000000000Z,1.16084,1.16084,1.15982,1.1602,3945
EUR_USD,H1,2026-06-17T09:00:00.000000000Z,1.1602,1.1606,1.16008,1.1604,3039
EUR_USD,H1,2026-06-17T10:00:00.000000000Z,1.1604,1.16046,1.15955,1.15972,3411
EUR_USD,H1,2026-06-17T11:00:00.000000000Z,1.1597,1.15972,1.15854,1.15916,4050
EUR_USD,H1,2026-06-17T12:00:00.000000000Z,1.15917,1.16028,1.15907,1.16022,4557
EUR_USD,H1,2026-06-17T13:00:00.000000000Z,1.16022,1.16028,1.15956,1.1597,5909
EUR_USD,H1,2026-06-17T14:00:00.000000000Z,1.1597,1.15984,1.1581,1.15894,8557
EUR_USD,H1,2026-06-17T15:00:00.000000000Z,1.15892,1.1594,1.15872,1.15926,5537
EUR_USD,H1,2026-06-17T16:00:00.000000000Z,1.15928,1.15934,1.15888,1.15917,3560
EUR_USD,H1,2026-06-17T17:00:00.000000000Z,1.15917,1.15963,1.1588,1.15961,4016
EUR_USD,H1,2026-06-17T18:00:00.000000000Z,1.15959,1.15963,1.15356,1.15389,43715
EUR_USD,H1,2026-06-17T19:00:00.000000000Z,1.15388,1.1542,1.14779,1.14943,35784
EUR_USD,H1,2026-06-17T20:00:00.000000000Z,1.14941,1.15056,1.1487,1.1502,5670
EUR_USD,H1,2026-06-17T21:00:00.000000000Z,1.15013,1.15042,1.15006,1.15038,790
EUR_USD,H1,2026-06-17T22:00:00.000000000Z,1.15039,1.15058,1.15003,1.15046,2242
EUR_USD,H1,2026-06-17T23:00:00.000000000Z,1.15046,1.15085,1.15038,1.1507,1936
EUR_USD,H1,2026-06-18T00:00:00.000000000Z,1.15069,1.15208,1.15068,1.15155,6765
EUR_USD,H1,2026-06-18T01:00:00.000000000Z,1.15154,1.15224,1.15154,1.15166,4120
EUR_USD,H1,2026-06-18T02:00:00.000000000Z,1.15166,1.15209,1.15131,1.15179,2645
EUR_USD,H1,2026-06-18T03:00:00.000000000Z,1.15179,1.15244,1.15178,1.15235,2224
EUR_USD,H1,2026-06-18T04:00:00.000000000Z,1.15234,1.15264,1.15206,1.15232,3157
EUR_USD,H1,2026-06-18T05:00:00.000000000Z,1.15232,1.15248,1.15103,1.15106,2997
EUR_USD,H1,2026-06-18T06:00:00.000000000Z,1.15106,1.15283,1.15104,1.15195,7163
EUR_USD,H1,2026-06-18T07:00:00.000000000Z,1.15194,1.1523,1.15066,1.15129,7374
EUR_USD,H1,2026-06-18T08:00:00.000000000Z,1.15132,1.1514,1.14821,1.14826,8451
EUR_USD,H1,2026-06-18T09:00:00.000000000Z,1.14826,1.1486,1.14747,1.14768,9227
EUR_USD,H1,2026-06-18T10:00:00.000000000Z,1.14768,1.14773,1.14596,1.14607,8494
EUR_USD,H1,2026-06-18T11:00:00.000000000Z,1.14608,1.1467,1.14544,1.14575,8750
EUR_USD,H1,2026-06-18T12:00:00.000000000Z,1.14573,1.14818,1.14532,1.14694,11534
EUR_USD,H1,2026-06-18T13:00:00.000000000Z,1.14694,1.14842,1.14631,1.14722,13196
EUR_USD,H1,2026-06-18T14:00:00.000000000Z,1.14722,1.14875,1.14678,1.14863,11142
EUR_USD,H1,2026-06-18T15:00:00.000000000Z,1.14864,1.14876,1.14691,1.14694,9169
EUR_USD,H1,2026-06-18T16:00:00.000000000Z,1.14693,1.14722,1.14614,1.14653,7582
EUR_USD,H1,2026-06-18T17:00:00.000000000Z,1.14654,1.14736,1.14624,1.14626,4955
EUR_USD,H1,2026-06-18T18:00:00.000000000Z,1.14628,1.14658,1.1459,1.14596,4973
EUR_USD,H1,2026-06-18T19:00:00.000000000Z,1.14596,1.1463,1.14513,1.14578,7816
EUR_USD,H1,2026-06-18T20:00:00.000000000Z,1.14579,1.14632,1.14558,1.14579,2402
EUR_USD,H1,2026-06-18T21:00:00.000000000Z,1.1463,1.1464,1.14592,1.14623,991
EUR_USD,H1,2026-06-18T22:00:00.000000000Z,1.14628,1.14636,1.1459,1.14634,1865
EUR_USD,H1,2026-06-18T23:00:00.000000000Z,1.14635,1.14636,1.14572,1.14583,1393
EUR_USD,H1,2026-06-19T00:00:00.000000000Z,1.14586,1.14658,1.14584,1.1462,3840
EUR_USD,H1,2026-06-19T01:00:00.000000000Z,1.1462,1.14634,1.14528,1.14533,3244
EUR_USD,H1,2026-06-19T02:00:00.000000000Z,1.14532,1.1458,1.14517,1.14546,2106
EUR_USD,H1,2026-06-19T03:00:00.000000000Z,1.14546,1.14548,1.14418,1.14424,3525
EUR_USD,H1,2026-06-19T04:00:00.000000000Z,1.14426,1.14436,1.14274,1.14288,3589
EUR_USD,H1,2026-06-19T05:00:00.000000000Z,1.14288,1.14338,1.1418,1.14308,6893
EUR_USD,H1,2026-06-19T06:00:00.000000000Z,1.14309,1.14424,1.1429,1.14422,6778
EUR_USD,H1,2026-06-19T07:00:00.000000000Z,1.1442,1.14492,1.14419,1.14464,6643
EUR_USD,H1,2026-06-19T08:00:00.000000000Z,1.14466,1.14659,1.14464,1.14644,5872
EUR_USD,H1,2026-06-19T09:00:00.000000000Z,1.14644,1.14648,1.14585,1.14596,4657
EUR_USD,H1,2026-06-19T10:00:00.000000000Z,1.14593,1.14634,1.14526,1.14624,4735
EUR_USD,H1,2026-06-19T11:00:00.000000000Z,1.14625,1.1468,1.14592,1.14612,3755
EUR_USD,H1,2026-06-19T12:00:00.000000000Z,1.14614,1.1475,1.14614,1.14711,6540
EUR_USD,H1,2026-06-19T13:00:00.000000000Z,1.14712,1.14726,1.14568,1.1463,6172
EUR_USD,H1,2026-06-19T14:00:00.000000000Z,1.1463,1.14702,1.1458,1.14685,6498
EUR_USD,H1,2026-06-19T15:00:00.000000000Z,1.14684,1.14762,1.14626,1.14648,4135
EUR_USD,H1,2026-06-19T16:00:00.000000000Z,1.14648,1.14694,1.14619,1.1469,2095
EUR_USD,H1,2026-06-19T17:00:00.000000000Z,1.1469,1.14772,1.14678,1.1475,3445
EUR_USD,H1,2026-06-19T18:00:00.000000000Z,1.1475,1.14807,1.1474,1.14768,2256
EUR_USD,H1,2026-06-19T19:00:00.000000000Z,1.14768,1.14788,1.14752,1.14758,1688
EUR_USD,H1,2026-06-19T20:00:00.000000000Z,1.14758,1.14772,1.14658,1.14712,4297
EUR_USD,H1,2026-06-21T21:00:00.000000000Z,1.14638,1.14697,1.14581,1.14622,1080
EUR_USD,H1,2026-06-21T22:00:00.000000000Z,1.1462,1.14678,1.14574,1.14624,2192
EUR_USD,H1,2026-06-21T23:00:00.000000000Z,1.14623,1.14666,1.1458,1.14626,2774
EUR_USD,H1,2026-06-22T00:00:00.000000000Z,1.14627,1.14667,1.14578,1.14666,4603
EUR_USD,H1,2026-06-22T01:00:00.000000000Z,1.14665,1.14737,1.14636,1.14636,6055
EUR_USD,H1,2026-06-22T02:00:00.000000000Z,1.14637,1.14678,1.14602,1.14656,2858
EUR_USD,H1,2026-06-22T03:00:00.000000000Z,1.14656,1.1467,1.14543,1.14564,2855
EUR_USD,H1,2026-06-22T04:00:00.000000000Z,1.14564,1.1457,1.1453,1.1456,3175
EUR_USD,H1,2026-06-22T05:00:00.000000000Z,1.14561,1.14629,1.14542,1.14543,3559
EUR_USD,H1,2026-06-22T06:00:00.000000000Z,1.14542,1.14634,1.14524,1.14601,6242
EUR_USD,H1,2026-06-22T07:00:00.000000000Z,1.14602,1.14626,1.14442,1.14459,6559
EUR_USD,H1,2026-06-22T08:00:00.000000000Z,1.1446,1.14532,1.14416,1.1451,6844
EUR_USD,H1,2026-06-22T09:00:00.000000000Z,1.1451,1.14632,1.14504,1.14581,5874
EUR_USD,H1,2026-06-22T10:00:00.000000000Z,1.1458,1.14636,1.14546,1.14564,4563
EUR_USD,H1,2026-06-22T11:00:00.000000000Z,1.14564,1.14603,1.14475,1.14486,5117
EUR_USD,H1,2026-06-22T12:00:00.000000000Z,1.14486,1.1462,1.14478,1.1455,6195
EUR_USD,H1,2026-06-22T13:00:00.000000000Z,1.14549,1.14552,1.14284,1.14286,12509
EUR_USD,H1,2026-06-22T14:00:00.000000000Z,1.14286,1.14506,1.14258,1.14448,14646
EUR_USD,H1,2026-06-22T15:00:00.000000000Z,1.14449,1.14502,1.14304,1.14318,8129
EUR_USD,H1,2026-06-22T16:00:00.000000000Z,1.14321,1.14323,1.14254,1.1431,4818
EUR_USD,H1,2026-06-22T17:00:00.000000000Z,1.1431,1.14335,1.14272,1.14291,2941
EUR_USD,H1,2026-06-22T18:00:00.000000000Z,1.1429,1.14316,1.14224,1.14244,2987
EUR_USD,H1,2026-06-22T19:00:00.000000000Z,1.14247,1.14256,1.1419,1.1425,3331
EUR_USD,H1,2026-06-22T20:00:00.000000000Z,1.1425,1.14294,1.14246,1.14284,1809
EUR_USD,H1,2026-06-22T21:00:00.000000000Z,1.14272,1.14302,1.14252,1.14284,1160
EUR_USD,H1,2026-06-22T22:00:00.000000000Z,1.14285,1.14289,1.14254,1.14274,1193
EUR_USD,H1,2026-06-22T23:00:00.000000000Z,1.14274,1.14292,1.14256,1.14268,1077
EUR_USD,H1,2026-06-23T00:00:00.000000000Z,1.14266,1.14278,1.14225,1.1427,3571
EUR_USD,H1,2026-06-23T01:00:00.000000000Z,1.14271,1.14284,1.14225,1.14268,3651
EUR_USD,H1,2026-06-23T02:00:00.000000000Z,1.14269,1.1432,1.14256,1.14259,2924
EUR_USD,H1,2026-06-23T03:00:00.000000000Z,1.14258,1.143,1.14186,1.14297,3282
EUR_USD,H1,2026-06-23T04:00:00.000000000Z,1.14298,1.14302,1.14196,1.14211,2219
EUR_USD,H1,2026-06-23T05:00:00.000000000Z,1.1421,1.14258,1.1419,1.1423,3843
EUR_USD,H1,2026-06-23T06:00:00.000000000Z,1.1423,1.14302,1.14194,1.1423,6067
EUR_USD,H1,2026-06-23T07:00:00.000000000Z,1.14231,1.14391,1.14098,1.14118,9982
EUR_USD,H1,2026-06-23T08:00:00.000000000Z,1.1412,1.14175,1.14046,1.14082,7101
EUR_USD,H1,2026-06-23T09:00:00.000000000Z,1.14083,1.14114,1.1406,1.14111,4555
EUR_USD,H1,2026-06-23T10:00:00.000000000Z,1.1411,1.14128,1.13956,1.14006,4787
EUR_USD,H1,2026-06-23T11:00:00.000000000Z,1.14007,1.14028,1.13844,1.13856,5196
EUR_USD,H1,2026-06-23T12:00:00.000000000Z,1.13856,1.13946,1.13826,1.13888,7387
EUR_USD,H1,2026-06-23T13:00:00.000000000Z,1.13891,1.14002,1.13851,1.13897,9895
EUR_USD,H1,2026-06-23T14:00:00.000000000Z,1.13898,1.13913,1.13759,1.13821,10562
EUR_USD,H1,2026-06-23T15:00:00.000000000Z,1.1382,1.13856,1.13757,1.1383,6718
EUR_USD,H1,2026-06-23T16:00:00.000000000Z,1.13832,1.13838,1.13785,1.13796,4531
EUR_USD,H1,2026-06-23T17:00:00.000000000Z,1.13795,1.13818,1.13766,1.13796,3293
EUR_USD,H1,2026-06-23T18:00:00.000000000Z,1.13797,1.13807,1.13762,1.13787,2634
EUR_USD,H1,2026-06-23T19:00:00.000000000Z,1.13788,1.1383,1.13786,1.1379,3776
EUR_USD,H1,2026-06-23T20:00:00.000000000Z,1.1379,1.13818,1.1378,1.13818,1523
EUR_USD,H1,2026-06-23T21:00:00.000000000Z,1.13837,1.13845,1.13833,1.13837,604
EUR_USD,H1,2026-06-23T22:00:00.000000000Z,1.13838,1.13839,1.13788,1.13815,1046
EUR_USD,H1,2026-06-23T23:00:00.000000000Z,1.13816,1.13836,1.13789,1.1379,1469
EUR_USD,H1,2026-06-24T00:00:00.000000000Z,1.1379,1.13824,1.13733,1.13763,5400
EUR_USD,H1,2026-06-24T01:00:00.000000000Z,1.13764,1.1377,1.1371,1.13766,4880
EUR_USD,H1,2026-06-24T02:00:00.000000000Z,1.13764,1.13768,1.13668,1.13675,3198
EUR_USD,H1,2026-06-24T03:00:00.000000000Z,1.13676,1.13688,1.13614,1.13674,3872
EUR_USD,H1,2026-06-24T04:00:00.000000000Z,1.13673,1.13676,1.13613,1.1363,2421
EUR_USD,H1,2026-06-24T05:00:00.000000000Z,1.1363,1.13684,1.13628,1.13682,3020
EUR_USD,H1,2026-06-24T06:00:00.000000000Z,1.13681,1.13753,1.13576,1.13594,5471
EUR_USD,H1,2026-06-24T07:00:00.000000000Z,1.13592,1.1361,1.13514,1.13516,7289
EUR_USD,H1,2026-06-24T08:00:00.000000000Z,1.13514,1.13559,1.13378,1.13528,7410
EUR_USD,H1,2026-06-24T09:00:00.000000000Z,1.13526,1.13537,1.13446,1.1346,6062
EUR_USD,H1,2026-06-24T10:00:00.000000000Z,1.1346,1.13465,1.13384,1.13398,4935
EUR_USD,H1,2026-06-24T11:00:00.000000000Z,1.134,1.1349,1.1337,1.13404,6132
EUR_USD,H1,2026-06-24T12:00:00.000000000Z,1.13403,1.1346,1.13252,1.1329,8522
EUR_USD,H1,2026-06-24T13:00:00.000000000Z,1.13291,1.1348,1.13246,1.13442,12093
EUR_USD,H1,2026-06-24T14:00:00.000000000Z,1.13441,1.13524,1.1336,1.13418,11907
EUR_USD,H1,2026-06-24T15:00:00.000000000Z,1.13418,1.13618,1.134,1.13481,8947
EUR_USD,H1,2026-06-24T16:00:00.000000000Z,1.13484,1.1368,1.13468,1.13596,6055
EUR_USD,H1,2026-06-24T17:00:00.000000000Z,1.13597,1.13612,1.1349,1.13496,5668
EUR_USD,H1,2026-06-24T18:00:00.000000000Z,1.135,1.13609,1.13498,1.13551,4990
EUR_USD,H1,2026-06-24T19:00:00.000000000Z,1.13552,1.13586,1.1351,1.13533,4384
EUR_USD,H1,2026-06-24T20:00:00.000000000Z,1.13534,1.13604,1.13523,1.13586,3162
EUR_USD,H1,2026-06-24T21:00:00.000000000Z,1.13618,1.13637,1.13551,1.13586,2152
EUR_USD,H1,2026-06-24T22:00:00.000000000Z,1.13583,1.13595,1.13548,1.1355,943
EUR_USD,H1,2026-06-24T23:00:00.000000000Z,1.1355,1.13564,1.13529,1.1354,1165
EUR_USD,H1,2026-06-25T00:00:00.000000000Z,1.1354,1.13552,1.13477,1.13534,3450
EUR_USD,H1,2026-06-25T01:00:00.000000000Z,1.13536,1.13675,1.13532,1.1358,4603
EUR_USD,H1,2026-06-25T02:00:00.000000000Z,1.13582,1.13656,1.13566,1.13636,3410
EUR_USD,H1,2026-06-25T03:00:00.000000000Z,1.13635,1.13712,1.13629,1.13701,3122
EUR_USD,H1,2026-06-25T04:00:00.000000000Z,1.13702,1.1371,1.13662,1.13672,2186
EUR_USD,H1,2026-06-25T05:00:00.000000000Z,1.1367,1.13682,1.13599,1.13613,2757
EUR_USD,H1,2026-06-25T06:00:00.000000000Z,1.13611,1.13651,1.13524,1.13529,4920
EUR_USD,H1,2026-06-25T07:00:00.000000000Z,1.13528,1.13605,1.13448,1.13594,6432
EUR_USD,H1,2026-06-25T08:00:00.000000000Z,1.13596,1.13726,1.1359,1.13676,5804
EUR_USD,H1,2026-06-25T09:00:00.000000000Z,1.13676,1.13741,1.13617,1.13618,4493
EUR_USD,H1,2026-06-25T10:00:00.000000000Z,1.13618,1.1362,1.1343,1.13458,4280
EUR_USD,H1,2026-06-25T11:00:00.000000000Z,1.13459,1.1346,1.13335,1.13377,4633
EUR_USD,H1,2026-06-25T12:00:00.000000000Z,1.13378,1.13648,1.13364,1.13536,11353
EUR_USD,H1,2026-06-25T13:00:00.000000000Z,1.13536,1.137,1.13492,1.13638,12468
EUR_USD,H1,2026-06-25T14:00:00.000000000Z,1.13637,1.13837,1.1363,1.1375,14919
EUR_USD,H1,2026-06-25T15:00:00.000000000Z,1.13749,1.13882,1.13736,1.13844,10236
EUR_USD,H1,2026-06-25T16:00:00.000000000Z,1.13843,1.13866,1.13733,1.13741,5813
EUR_USD,H1,2026-06-25T17:00:00.000000000Z,1.1374,1.13778,1.13715,1.13742,3662
EUR_USD,H1,2026-06-25T18:00:00.000000000Z,1.13744,1.13806,1.13699,1.1373,4603
EUR_USD,H1,2026-06-25T19:00:00.000000000Z,1.1373,1.13797,1.13686,1.13727,4242
EUR_USD,H1,2026-06-25T20:00:00.000000000Z,1.13726,1.13746,1.137,1.13702,1633
EUR_USD,H1,2026-06-25T21:00:00.000000000Z,1.13719,1.13742,1.13676,1.13732,1178
EUR_USD,H1,2026-06-25T22:00:00.000000000Z,1.1373,1.13736,1.13673,1.13698,2136
EUR_USD,H1,2026-06-25T23:00:00.000000000Z,1.13699,1.13708,1.13604,1.13616,2797
EUR_USD,H1,2026-06-26T00:00:00.000000000Z,1.13616,1.1367,1.1361,1.13648,4749
EUR_USD,H1,2026-06-26T01:00:00.000000000Z,1.13648,1.1369,1.13566,1.13598,4443
EUR_USD,H1,2026-06-26T02:00:00.000000000Z,1.13597,1.13628,1.13542,1.13592,3758
EUR_USD,H1,2026-06-26T03:00:00.000000000Z,1.13592,1.13718,1.13585,1.13717,3556
EUR_USD,H1,2026-06-26T04:00:00.000000000Z,1.13718,1.13772,1.13686,1.13771,3338
EUR_USD,H1,2026-06-26T05:00:00.000000000Z,1.1377,1.13824,1.13752,1.13782,3497
EUR_USD,H1,2026-06-26T06:00:00.000000000Z,1.13782,1.13825,1.13716,1.13752,5458
EUR_USD,H1,2026-06-26T07:00:00.000000000Z,1.1375,1.13887,1.13732,1.13867,5909
EUR_USD,H1,2026-06-26T08:00:00.000000000Z,1.13866,1.14076,1.13831,1.14014,8555
EUR_USD,H1,2026-06-26T09:00:00.000000000Z,1.14014,1.14122,1.13954,1.14069,5919
EUR_USD,H1,2026-06-26T10:00:00.000000000Z,1.1407,1.14083,1.14002,1.14048,5250
EUR_USD,H1,2026-06-26T11:00:00.000000000Z,1.14049,1.14064,1.13938,1.13983,5789
EUR_USD,H1,2026-06-26T12:00:00.000000000Z,1.13984,1.1434,1.13976,1.14272,7814
EUR_USD,H1,2026-06-26T13:00:00.000000000Z,1.14272,1.14298,1.14118,1.14252,12288
EUR_USD,H1,2026-06-26T14:00:00.000000000Z,1.14253,1.14285,1.13936,1.13942,10901
EUR_USD,H1,2026-06-26T15:00:00.000000000Z,1.13944,1.1408,1.13922,1.14029,8844
EUR_USD,H1,2026-06-26T16:00:00.000000000Z,1.14032,1.14034,1.1383,1.13898,5441
EUR_USD,H1,2026-06-26T17:00:00.000000000Z,1.13899,1.13932,1.13848,1.13864,3587
EUR_USD,H1,2026-06-26T18:00:00.000000000Z,1.13866,1.13912,1.13853,1.13858,2824
EUR_USD,H1,2026-06-26T19:00:00.000000000Z,1.13856,1.13894,1.1381,1.1387,3390
EUR_USD,H1,2026-06-26T20:00:00.000000000Z,1.13871,1.1392,1.13814,1.1385,3718
EUR_USD,H1,2026-06-28T21:00:00.000000000Z,1.13897,1.13918,1.13818,1.13838,599
EUR_USD,H1,2026-06-28T22:00:00.000000000Z,1.13842,1.13869,1.13812,1.13854,1355
EUR_USD,H1,2026-06-28T23:00:00.000000000Z,1.13854,1.1387,1.13823,1.13854,1409
EUR_USD,H1,2026-06-29T00:00:00.000000000Z,1.13852,1.13894,1.13833,1.13876,5065
EUR_USD,H1,2026-06-29T01:00:00.000000000Z,1.13877,1.1391,1.13846,1.13852,4605
EUR_USD,H1,2026-06-29T02:00:00.000000000Z,1.13852,1.13936,1.13848,1.13878,3584
EUR_USD,H1,2026-06-29T03:00:00.000000000Z,1.13878,1.13902,1.13832,1.13832,2644
EUR_USD,H1,2026-06-29T04:00:00.000000000Z,1.13831,1.13853,1.13809,1.13827,2509
EUR_USD,H1,2026-06-29T05:00:00.000000000Z,1.13826,1.13952,1.13826,1.13946,3497
EUR_USD,H1,2026-06-29T06:00:00.000000000Z,1.13945,1.1415,1.13928,1.14124,5694
EUR_USD,H1,2026-06-29T07:00:00.000000000Z,1.14122,1.14132,1.14002,1.14026,6120
EUR_USD,H1,2026-06-29T08:00:00.000000000Z,1.14028,1.14074,1.13926,1.1396,5660
EUR_USD,H1,2026-06-29T09:00:00.000000000Z,1.13962,1.1404,1.13945,1.14034,5028
EUR_USD,H1,2026-06-29T10:00:00.000000000Z,1.14032,1.14056,1.13996,1.14047,3663
EUR_USD,H1,2026-06-29T11:00:00.000000000Z,1.14046,1.14117,1.1399,1.1409,5079
EUR_USD,H1,2026-06-29T12:00:00.000000000Z,1.1409,1.1409,1.14006,1.14027,5582
EUR_USD,H1,2026-06-29T13:00:00.000000000Z,1.14026,1.14123,1.14007,1.141,7111
EUR_USD,H1,2026-06-29T14:00:00.000000000Z,1.14101,1.14232,1.14046,1.14219,12560
EUR_USD,H1,2026-06-29T15:00:00.000000000Z,1.1422,1.14252,1.14164,1.14238,6897
EUR_USD,H1,2026-06-29T16:00:00.000000000Z,1.14239,1.14306,1.14233,1.14258,3967
EUR_USD,H1,2026-06-29T17:00:00.000000000Z,1.1426,1.14282,1.14214,1.14268,3345
EUR_USD,H1,2026-06-29T18:00:00.000000000Z,1.14268,1.14292,1.1425,1.14256,2840
EUR_USD,H1,2026-06-29T19:00:00.000000000Z,1.14253,1.1427,1.14221,1.14258,2623
EUR_USD,H1,2026-06-29T20:00:00.000000000Z,1.14258,1.14275,1.1422,1.14242,1084
EUR_USD,H1,2026-06-29T21:00:00.000000000Z,1.14244,1.14271,1.14234,1.1426,852
EUR_USD,H1,2026-06-29T22:00:00.000000000Z,1.14261,1.14264,1.14226,1.14251,939
EUR_USD,H1,2026-06-29T23:00:00.000000000Z,1.14252,1.14254,1.14192,1.14192,724
EUR_USD,H1,2026-06-30T00:00:00.000000000Z,1.14192,1.14206,1.14124,1.14164,4315
EUR_USD,H1,2026-06-30T01:00:00.000000000Z,1.14165,1.14173,1.1402,1.14043,5434
EUR_USD,H1,2026-06-30T02:00:00.000000000Z,1.14042,1.14064,1.14018,1.14036,2759
EUR_USD,H1,2026-06-30T03:00:00.000000000Z,1.14036,1.14053,1.1397,1.13986,2659
EUR_USD,H1,2026-06-30T04:00:00.000000000Z,1.13984,1.13992,1.1389,1.13891,2215
EUR_USD,H1,2026-06-30T05:00:00.000000000Z,1.1389,1.13928,1.13827,1.1385,4054
EUR_USD,H1,2026-06-30T06:00:00.000000000Z,1.13849,1.14038,1.13836,1.14031,6398
EUR_USD,H1,2026-06-30T07:00:00.000000000Z,1.1403,1.14095,1.13972,1.13987,5343
EUR_USD,H1,2026-06-30T08:00:00.000000000Z,1.13984,1.13996,1.13836,1.13936,7819
EUR_USD,H1,2026-06-30T09:00:00.000000000Z,1.13936,1.13986,1.13892,1.13972,5425
EUR_USD,H1,2026-06-30T10:00:00.000000000Z,1.13973,1.14024,1.13927,1.1402,4422
EUR_USD,H1,2026-06-30T11:00:00.000000000Z,1.1402,1.14028,1.13864,1.13932,5901
EUR_USD,H1,2026-06-30T12:00:00.000000000Z,1.13932,1.1403,1.13886,1.13963,7266
EUR_USD,H1,2026-06-30T13:00:00.000000000Z,1.13962,1.14071,1.13944,1.13972,7063
EUR_USD,H1,2026-06-30T14:00:00.000000000Z,1.13972,1.14349,1.13912,1.1433,16498
EUR_USD,H1,2026-06-30T15:00:00.000000000Z,1.1433,1.14367,1.1415,1.14171,9324
EUR_USD,H1,2026-06-30T16:00:00.000000000Z,1.1417,1.14182,1.14122,1.14142,4145
EUR_USD,H1,2026-06-30T17:00:00.000000000Z,1.14142,1.14223,1.14142,1.14215,2833
EUR_USD,H1,2026-06-30T18:00:00.000000000Z,1.14214,1.14271,1.14192,1.14205,3223
EUR_USD,H1,2026-06-30T19:00:00.000000000Z,1.14206,1.14266,1.14154,1.14266,3591
EUR_USD,H1,2026-06-30T20:00:00.000000000Z,1.14264,1.14274,1.14204,1.14218,1657
EUR_USD,H1,2026-06-30T21:00:00.000000000Z,1.14219,1.14233,1.14188,1.14224,931
EUR_USD,H1,2026-06-30T22:00:00.000000000Z,1.14224,1.14228,1.14186,1.142,618
EUR_USD,H1,2026-06-30T23:00:00.000000000Z,1.14202,1.14204,1.14124,1.1413,1037
EUR_USD,H1,2026-07-01T00:00:00.000000000Z,1.1413,1.14142,1.14086,1.14096,3718
EUR_USD,H1,2026-07-01T01:00:00.000000000Z,1.14096,1.14096,1.14027,1.14044,4152
EUR_USD,H1,2026-07-01T02:00:00.000000000Z,1.14044,1.14081,1.14028,1.14056,3415
EUR_USD,H1,2026-07-01T03:00:00.000000000Z,1.14054,1.14082,1.14018,1.14042,2288
EUR_USD,H1,2026-07-01T04:00:00.000000000Z,1.14042,1.14108,1.14026,1.14086,2575
EUR_USD,H1,2026-07-01T05:00:00.000000000Z,1.14087,1.14106,1.1403,1.14059,3153
EUR_USD,H1,2026-07-01T06:00:00.000000000Z,1.14058,1.14095,1.14003,1.14031,4832
EUR_USD,H1,2026-07-01T07:00:00.000000000Z,1.1403,1.14042,1.13931,1.14022,5749
EUR_USD,H1,2026-07-01T08:00:00.000000000Z,1.1402,1.14039,1.13941,1.13965,5057
EUR_USD,H1,2026-07-01T09:00:00.000000000Z,1.13966,1.13997,1.13852,1.13879,4911
EUR_USD,H1,2026-07-01T10:00:00.000000000Z,1.1388,1.14004,1.13862,1.13982,3375
EUR_USD,H1,2026-07-01T11:00:00.000000000Z,1.1398,1.1399,1.1385,1.13855,5137
EUR_USD,H1,2026-07-01T12:00:00.000000000Z,1.13856,1.13879,1.1369,1.13712,7965
EUR_USD,H1,2026-07-01T13:00:00.000000000Z,1.13712,1.14119,1.13618,1.13956,21342
EUR_USD,H1,2026-07-01T14:00:00.000000000Z,1.13958,1.14055,1.13848,1.13954,14734
EUR_USD,H1,2026-07-01T15:00:00.000000000Z,1.13956,1.13962,1.13789,1.13838,10551
EUR_USD,H1,2026-07-01T16:00:00.000000000Z,1.1384,1.1394,1.13799,1.13824,7166
EUR_USD,H1,2026-07-01T17:00:00.000000000Z,1.13824,1.1386,1.1379,1.13812,5031
EUR_USD,H1,2026-07-01T18:00:00.000000000Z,1.13812,1.13829,1.13754,1.13799,3808
EUR_USD,H1,2026-07-01T19:00:00.000000000Z,1.13798,1.13817,1.13776,1.13788,3279
EUR_USD,H1,2026-07-01T20:00:00.000000000Z,1.13788,1.13794,1.1374,1.13782,1803
EUR_USD,H1,2026-07-01T21:00:00.000000000Z,1.1378,1.13796,1.13774,1.13788,419
EUR_USD,H1,2026-07-01T22:00:00.000000000Z,1.1379,1.13796,1.13774,1.13788,564
EUR_USD,H1,2026-07-01T23:00:00.000000000Z,1.13788,1.13788,1.13772,1.13776,652
EUR_USD,H1,2026-07-02T00:00:00.000000000Z,1.13774,1.13833,1.1375,1.13767,3318
EUR_USD,H1,2026-07-02T01:00:00.000000000Z,1.13766,1.13859,1.13764,1.13817,3417
EUR_USD,H1,2026-07-02T02:00:00.000000000Z,1.13818,1.13885,1.13811,1.13822,2516
EUR_USD,H1,2026-07-02T03:00:00.000000000Z,1.13822,1.13834,1.13782,1.13824,2465
EUR_USD,H1,2026-07-02T04:00:00.000000000Z,1.13823,1.13884,1.13823,1.13869,2917
EUR_USD,H1,2026-07-02T05:00:00.000000000Z,1.13872,1.13886,1.13816,1.13858,3083
EUR_USD,H1,2026-07-02T06:00:00.000000000Z,1.13858,1.14045,1.13856,1.13947,8160
EUR_USD,H1,2026-07-02T07:00:00.000000000Z,1.13948,1.14094,1.13906,1.14078,8051
EUR_USD,H1,2026-07-02T08:00:00.000000000Z,1.14079,1.1421,1.1407,1.14202,9595
EUR_USD,H1,2026-07-02T09:00:00.000000000Z,1.14202,1.14212,1.1409,1.14098,6350
EUR_USD,H1,2026-07-02T10:00:00.000000000Z,1.14098,1.14114,1.14032,1.14105,4668
EUR_USD,H1,2026-07-02T11:00:00.000000000Z,1.14107,1.14147,1.14006,1.14038,4718
EUR_USD,H1,2026-07-02T12:00:00.000000000Z,1.14037,1.1473,1.13954,1.14514,28626
EUR_USD,H1,2026-07-02T13:00:00.000000000Z,1.14513,1.14554,1.14386,1.14508,19836
EUR_USD,H1,2026-07-02T14:00:00.000000000Z,1.1451,1.14584,1.14337,1.1444,15612
EUR_USD,H1,2026-07-02T15:00:00.000000000Z,1.1444,1.14498,1.14398,1.14475,10323
EUR_USD,H1,2026-07-02T16:00:00.000000000Z,1.14474,1.14482,1.14354,1.14378,7258
EUR_USD,H1,2026-07-02T17:00:00.000000000Z,1.14376,1.14376,1.14289,1.14307,5135
EUR_USD,H1,2026-07-02T18:00:00.000000000Z,1.14308,1.1437,1.14295,1.14331,3833
EUR_USD,H1,2026-07-02T19:00:00.000000000Z,1.1433,1.1434,1.14262,1.14308,3390
EUR_USD,H1,2026-07-02T20:00:00.000000000Z,1.14306,1.14356,1.14295,1.14337,1463
EUR_USD,H1,2026-07-02T21:00:00.000000000Z,1.1433,1.14357,1.14314,1.1434,967
EUR_USD,H1,2026-07-02T22:00:00.000000000Z,1.14338,1.14356,1.14279,1.1429,1230
EUR_USD,H1,2026-07-02T23:00:00.000000000Z,1.14292,1.14306,1.14218,1.14226,1557
EUR_USD,H1,2026-07-03T00:00:00.000000000Z,1.14226,1.14309,1.14207,1.14307,4256
EUR_USD,H1,2026-07-03T01:00:00.000000000Z,1.14308,1.14448,1.14302,1.1437,6087
EUR_USD,H1,2026-07-03T02:00:00.000000000Z,1.1437,1.14448,1.1436,1.14399,3161
EUR_USD,H1,2026-07-03T03:00:00.000000000Z,1.14398,1.14416,1.14369,1.1441,2296
EUR_USD,H1,2026-07-03T04:00:00.000000000Z,1.14412,1.14462,1.14392,1.14462,1681
EUR_USD,H1,2026-07-03T05:00:00.000000000Z,1.14462,1.1455,1.14457,1.14488,3520
EUR_USD,H1,2026-07-03T06:00:00.000000000Z,1.14488,1.14622,1.14483,1.14542,6731
EUR_USD,H1,2026-07-03T07:00:00.000000000Z,1.14542,1.14581,1.14476,1.14546,5176
EUR_USD,H1,2026-07-03T08:00:00.000000000Z,1.14548,1.14576,1.14504,1.14528,4302
EUR_USD,H1,2026-07-03T09:00:00.000000000Z,1.14527,1.14528,1.14404,1.14409,3445
EUR_USD,H1,2026-07-03T10:00:00.000000000Z,1.14408,1.14502,1.14406,1.14468,2975
EUR_USD,H1,2026-07-03T11:00:00.000000000Z,1.14468,1.14572,1.14462,1.14504,3962
EUR_USD,H1,2026-07-03T12:00:00.000000000Z,1.14506,1.14528,1.14464,1.1447,3978
EUR_USD,H1,2026-07-03T13:00:00.000000000Z,1.1447,1.1448,1.1438,1.14404,4150
EUR_USD,H1,2026-07-03T14:00:00.000000000Z,1.14404,1.1448,1.14388,1.14416,3872
EUR_USD,H1,2026-07-03T15:00:00.000000000Z,1.14416,1.14444,1.14349,1.14371,3003
EUR_USD,H1,2026-07-03T16:00:00.000000000Z,1.14369,1.14396,1.14354,1.14376,1432
EUR_USD,H1,2026-07-03T17:00:00.000000000Z,1.14378,1.14422,1.14376,1.14404,5596
EUR_USD,H1,2026-07-03T18:00:00.000000000Z,1.14404,1.14414,1.1438,1.14389,3561
EUR_USD,H1,2026-07-03T19:00:00.000000000Z,1.1439,1.14406,1.14356,1.14365,4517
EUR_USD,H1,2026-07-03T20:00:00.000000000Z,1.14364,1.14378,1.14333,1.14376,2118
EUR_USD,H1,2026-07-05T21:00:00.000000000Z,1.14385,1.14385,1.14358,1.14382,335
EUR_USD,H1,2026-07-05T22:00:00.000000000Z,1.14383,1.14387,1.14349,1.14366,1250
EUR_USD,H1,2026-07-05T23:00:00.000000000Z,1.14367,1.14382,1.14332,1.14368,1704
EUR_USD,H1,2026-07-06T00:00:00.000000000Z,1.14366,1.14412,1.14328,1.14384,4859
EUR_USD,H1,2026-07-06T01:00:00.000000000Z,1.14384,1.14388,1.14284,1.14286,4275
EUR_USD,H1,2026-07-06T02:00:00.000000000Z,1.14286,1.14352,1.14276,1.1434,3078
EUR_USD,H1,2026-07-06T03:00:00.000000000Z,1.14338,1.14359,1.14281,1.14318,2582
EUR_USD,H1,2026-07-06T04:00:00.000000000Z,1.14318,1.14342,1.14316,1.14328,1979
EUR_USD,H1,2026-07-06T05:00:00.000000000Z,1.14329,1.14333,1.1423,1.14236,3041
EUR_USD,H1,2026-07-06T06:00:00.000000000Z,1.14236,1.1429,1.14198,1.14231,5285
EUR_USD,H1,2026-07-06T07:00:00.000000000Z,1.1423,1.14282,1.14166,1.14266,6912
EUR_USD,H1,2026-07-06T08:00:00.000000000Z,1.14266,1.14272,1.14154,1.14206,4816
EUR_USD,H1,2026-07-06T09:00:00.000000000Z,1.14206,1.14214,1.14111,1.14132,4015
EUR_USD,H1,2026-07-06T10:00:00.000000000Z,1.14132,1.14213,1.14098,1.14196,3995
EUR_USD,H1,2026-07-06T11:00:00.000000000Z,1.14196,1.14204,1.1412,1.14152,4082
EUR_USD,H1,2026-07-06T12:00:00.000000000Z,1.14154,1.142,1.14108,1.14132,5078
EUR_USD,H1,2026-07-06T13:00:00.000000000Z,1.14133,1.14227,1.14085,1.14128,6545
EUR_USD,H1,2026-07-06T14:00:00.000000000Z,1.14128,1.14202,1.14108,1.14171,6765
EUR_USD,H1,2026-07-06T15:00:00.000000000Z,1.14172,1.14262,1.14155,1.14253,4643
EUR_USD,H1,2026-07-06T16:00:00.000000000Z,1.14254,1.1432,1.1425,1.14306,3354
EUR_USD,H1,2026-07-06T17:00:00.000000000Z,1.14306,1.14394,1.14301,1.14362,2795
EUR_USD,H1,2026-07-06T18:00:00.000000000Z,1.14364,1.1445,1.14351,1.1443,2176
EUR_USD,H1,2026-07-06T19:00:00.000000000Z,1.14428,1.1443,1.14379,1.14411,2766
EUR_USD,H1,2026-07-06T20:00:00.000000000Z,1.1441,1.1442,1.14396,1.14408,1269
EUR_USD,H1,2026-07-06T21:00:00.000000000Z,1.1442,1.1446,1.14417,1.14454,1457
EUR_USD,H1,2026-07-06T22:00:00.000000000Z,1.14454,1.1446,1.14425,1.14452,893
EUR_USD,H1,2026-07-06T23:00:00.000000000Z,1.14452,1.14481,1.14412,1.14415,1267
EUR_USD,H1,2026-07-07T00:00:00.000000000Z,1.14414,1.14424,1.14381,1.14386,3633
EUR_USD,H1,2026-07-07T01:00:00.000000000Z,1.14386,1.14474,1.14372,1.1444,4794
EUR_USD,H1,2026-07-07T02:00:00.000000000Z,1.14441,1.14462,1.14396,1.14396,2858
EUR_USD,H1,2026-07-07T03:00:00.000000000Z,1.14396,1.1443,1.14362,1.14368,2561
EUR_USD,H1,2026-07-07T04:00:00.000000000Z,1.1437,1.14392,1.14354,1.14356,1876
EUR_USD,H1,2026-07-07T05:00:00.000000000Z,1.14354,1.14374,1.14282,1.14318,4047
EUR_USD,H1,2026-07-07T06:00:00.000000000Z,1.14318,1.14323,1.14254,1.143,4237
EUR_USD,H1,2026-07-07T07:00:00.000000000Z,1.14299,1.14322,1.14248,1.14252,4965
EUR_USD,H1,2026-07-07T08:00:00.000000000Z,1.14251,1.14359,1.1425,1.14279,5243
EUR_USD,H1,2026-07-07T09:00:00.000000000Z,1.14278,1.14302,1.14248,1.14252,3865
EUR_USD,H1,2026-07-07T10:00:00.000000000Z,1.1425,1.14342,1.14236,1.14338,3246
EUR_USD,H1,2026-07-07T11:00:00.000000000Z,1.14339,1.14392,1.14254,1.14324,4884
EUR_USD,H1,2026-07-07T12:00:00.000000000Z,1.14326,1.14422,1.14309,1.14366,5588
EUR_USD,H1,2026-07-07T13:00:00.000000000Z,1.14366,1.14419,1.14305,1.14364,7329
EUR_USD,H1,2026-07-07T14:00:00.000000000Z,1.14365,1.1438,1.14236,1.1433,9826
EUR_USD,H1,2026-07-07T15:00:00.000000000Z,1.1433,1.1435,1.14222,1.14229,6046
EUR_USD,H1,2026-07-07T16:00:00.000000000Z,1.1423,1.14258,1.1418,1.14236,4165
EUR_USD,H1,2026-07-07T17:00:00.000000000Z,1.14236,1.14294,1.14222,1.14283,2950
EUR_USD,H1,2026-07-07T18:00:00.000000000Z,1.14282,1.14298,1.14174,1.14184,4771
EUR_USD,H1,2026-07-07T19:00:00.000000000Z,1.14185,1.14194,1.1408,1.14166,6305
EUR_USD,H1,2026-07-07T20:00:00.000000000Z,1.14166,1.14174,1.14104,1.14114,1510
EUR_USD,H1,2026-07-07T21:00:00.000000000Z,1.14136,1.14154,1.14024,1.14064,1803
EUR_USD,H1,2026-07-07T22:00:00.000000000Z,1.14068,1.14089,1.14031,1.1407,967
EUR_USD,H1,2026-07-07T23:00:00.000000000Z,1.1407,1.14082,1.14001,1.14016,1250
EUR_USD,H1,2026-07-08T00:00:00.000000000Z,1.14016,1.14116,1.14002,1.1408,5499
EUR_USD,H1,2026-07-08T01:00:00.000000000Z,1.14081,1.14095,1.13985,1.14055,5198
EUR_USD,H1,2026-07-08T02:00:00.000000000Z,1.14058,1.14126,1.14048,1.14112,3583
EUR_USD,H1,2026-07-08T03:00:00.000000000Z,1.14113,1.14165,1.14113,1.14144,2812
EUR_USD,H1,2026-07-08T04:00:00.000000000Z,1.14145,1.14159,1.1411,1.14144,2330
EUR_USD,H1,2026-07-08T05:00:00.000000000Z,1.14144,1.14208,1.14124,1.14195,3773
EUR_USD,H1,2026-07-08T06:00:00.000000000Z,1.14194,1.14241,1.14174,1.14225,6715
EUR_USD,H1,2026-07-08T07:00:00.000000000Z,1.14226,1.14316,1.1417,1.14257,6314
EUR_USD,H1,2026-07-08T08:00:00.000000000Z,1.14255,1.14276,1.14005,1.14103,15369
EUR_USD,H1,2026-07-08T09:00:00.000000000Z,1.14102,1.14116,1.13962,1.14042,11290
EUR_USD,H1,2026-07-08T10:00:00.000000000Z,1.14044,1.14146,1.14012,1.14085,6613
EUR_USD,H1,2026-07-08T11:00:00.000000000Z,1.14084,1.14096,1.13931,1.13982,7919
EUR_USD,H1,2026-07-08T12:00:00.000000000Z,1.13982,1.1407,1.13958,1.13962,8012
EUR_USD,H1,2026-07-08T13:00:00.000000000Z,1.1396,1.14138,1.13959,1.141,10747
EUR_USD,H1,2026-07-08T14:00:00.000000000Z,1.14098,1.14134,1.14033,1.14075,9275
EUR_USD,H1,2026-07-08T15:00:00.000000000Z,1.14076,1.14119,1.13912,1.13951,8208
EUR_USD,H1,2026-07-08T16:00:00.000000000Z,1.13952,1.14148,1.13949,1.14142,7333
EUR_USD,H1,2026-07-08T17:00:00.000000000Z,1.14142,1.1427,1.14142,1.1419,5029
EUR_USD,H1,2026-07-08T18:00:00.000000000Z,1.14188,1.1429,1.14164,1.14254,4458
EUR_USD,H1,2026-07-08T19:00:00.000000000Z,1.14254,1.14304,1.14226,1.14277,3999
EUR_USD,H1,2026-07-08T20:00:00.000000000Z,1.14274,1.14278,1.14152,1.14162,2001
EUR_USD,H1,2026-07-08T21:00:00.000000000Z,1.14186,1.14206,1.14158,1.14176,558
EUR_USD,H1,2026-07-08T22:00:00.000000000Z,1.14179,1.14193,1.14163,1.14192,649
EUR_USD,H1,2026-07-08T23:00:00.000000000Z,1.14192,1.14224,1.14173,1.14214,852
EUR_USD,H1,2026-07-09T00:00:00.000000000Z,1.14213,1.14302,1.14212,1.14257,3483
EUR_USD,H1,2026-07-09T01:00:00.000000000Z,1.14258,1.14274,1.142,1.14258,3219
EUR_USD,H1,2026-07-09T02:00:00.000000000Z,1.1426,1.14284,1.14232,1.14245,2803
EUR_USD,H1,2026-07-09T03:00:00.000000000Z,1.14244,1.14304,1.14228,1.14269,2799
EUR_USD,H1,2026-07-09T04:00:00.000000000Z,1.14268,1.14274,1.14232,1.14268,1979
EUR_USD,H1,2026-07-09T05:00:00.000000000Z,1.14268,1.1434,1.14264,1.14308,3694
EUR_USD,H1,2026-07-09T06:00:00.000000000Z,1.14308,1.14494,1.14308,1.1442,6146
EUR_USD,H1,2026-07-09T07:00:00.000000000Z,1.1442,1.14422,1.14326,1.14356,5107
EUR_USD,H1,2026-07-09T08:00:00.000000000Z,1.14355,1.14382,1.14256,1.14267,5192
EUR_USD,H1,2026-07-09T09:00:00.000000000Z,1.14266,1.14315,1.14237,1.14309,4809
EUR_USD,H1,2026-07-09T10:00:00.000000000Z,1.14308,1.14318,1.14212,1.14234,4362
